{"type":"FeatureCollection","features":[{"type":"Feature","properties":{"name":"川师","district":"锦江"},"geometry":{"type":"Polygon","coordinates":[[[104.13112255759567,30.618824848993068],[104.13100894398595,30.61873356930089],[104.12804865060096,30.614436304427493],[104.1270559656069,30.613069132710038],[104.12604944037027,30.611543303243952],[104.12500231210421,30.61051472979607],[104.12392400838975,30.60958347735438],[104.12240633309361,30.60867852519355],[104.1215579368235,30.608384088053125],[104.12070452239546,30.60816351277228],[104.11889936378523,30.60782705867443],[104.1179376104712,30.607712202301254],[104.11712465193646,30.607669012673025],[104.11673257578751,30.607851993573604],[104.1146862269881,30.609784250861463],[104.11343574855256,30.610936124291246],[104.11309690671973,30.611402642611726],[104.11290667845547,30.61188544425462],[104.1120477924225,30.614654970291205],[104.11160490809519,30.616084712208554],[104.11114414839244,30.617413602515136],[104.11059738715022,30.61847838767881],[104.11147133919187,30.61879242051227],[104.11199926524091,30.618902833141618],[104.1123736971438,30.61894179716058],[104.11286058970849,30.619014418521175],[104.11332950293901,30.619024152554424],[104.11378445720885,30.61895697807826],[104.11415507832523,30.61890568183957],[104.11459703565181,30.618861458406723],[104.11485820761177,30.618839324304673],[104.11655507001765,30.61878713971499],[104.11743129173038,30.618814685595154],[104.11724116494197,30.619093025460987],[104.11711037362231,30.619315608763067],[104.11688009482646,30.61955547176725],[104.1167754124595,30.619820673653233],[104.11675313052528,30.620084806245107],[104.11683428199947,30.62045253730364],[104.11692362428643,30.620591293977554],[104.11702805208319,30.620713859985184],[104.1172670764686,30.620936595541938],[104.11743378971295,30.621105298069146],[104.1175513342049,30.621161708008817],[104.11745671001445,30.621422812053797],[104.11731172065764,30.62189445809679],[104.11717172340666,30.622447987373214],[104.11804262250857,30.623208988062263],[104.11879112593375,30.62379249955287],[104.11944539386347,30.624040323131986],[104.12006861843285,30.624163521281222],[104.12151432629503,30.624379737015396],[104.12390867939396,30.62255054403383],[104.12518757917555,30.62162694465717],[104.12586080436144,30.621128115498472],[104.1272032198786,30.620307384128804],[104.13130249751562,30.61901610151507],[104.13112255759567,30.618824848993068]]]}},{"type":"Feature","properties":{"name":"大面","district":"锦江"},"geometry":{"type":"Polygon","coordinates":[[[104.13795589181711,30.569641248443887],[104.14164045419112,30.56844928817112],[104.14192835720453,30.565896985369662],[104.14698226553674,30.563956633793634],[104.14806500776889,30.56478939614943],[104.14766805168988,30.567092298959167],[104.15111333494701,30.57046283073253],[104.15305873793183,30.56610546321169],[104.16114149382638,30.56571261454676],[104.16043118583131,30.567566903343273],[104.15863293871678,30.569021259960447],[104.16288666408896,30.57017505369081],[104.1648180897027,30.56810638118657],[104.16653425219117,30.57165693611857],[104.16478223112544,30.5737472152686],[104.16650665929818,30.576216940407075],[104.16226484869047,30.578857895265482],[104.16237259763767,30.579666145760765],[104.16017798314986,30.580774755194017],[104.16914459533378,30.593039860667165],[104.16445441988687,30.595791911268932],[104.162892290776,30.59427402339039],[104.16188767995284,30.59204651397421],[104.1578056183737,30.59061815662426],[104.15163235396545,30.59459671541197],[104.15332363741717,30.597481474000947],[104.15108676901035,30.599351440925016],[104.15623204973384,30.60605287425119],[104.17288328919525,30.595958482909566],[104.1771520814267,30.594996278967763],[104.18195403915088,30.59588426631113],[104.19226909574928,30.597747489105185],[104.20440358158217,30.59180772926494],[104.21546642634031,30.58777370361183],[104.20299956465884,30.56057901097397],[104.19696945940336,30.55054158089147],[104.18836281498554,30.540564613582866],[104.17358574055254,30.526630335751896],[104.16999500597738,30.52384623172298],[104.16985214823755,30.52384455698891],[104.15252402555745,30.54754416942305],[104.14337050066312,30.56090881190676],[104.13795589181711,30.569641248443887]]]}},{"type":"Feature","properties":{"name":"东大路","district":"锦江"},"geometry":{"type":"Polygon","coordinates":[[[104.10476360499186,30.64082798067717],[104.10472755470856,30.640890170302487],[104.10651196209356,30.643969887074043],[104.10770202589671,30.645591594571542],[104.1106487050208,30.644222793917816],[104.11298309625393,30.64312657293568],[104.11446205799417,30.64244968039566],[104.11906533415126,30.640277794966238],[104.11808992014653,30.6389125176963],[104.11719112621044,30.637557917726916],[104.11438870422454,30.63311268824981],[104.11388253418374,30.632621841330693],[104.11325186909654,30.632985924635065],[104.11133938171598,30.6347618303825],[104.11119585769933,30.634871250502734],[104.10792350793041,30.63780903375369],[104.10476360499186,30.64082798067717]]]}},{"type":"Feature","properties":{"name":"东光小区","district":"锦江"},"geometry":{"type":"Polygon","coordinates":[[[104.1118168240915,30.61475035017848],[104.11150477302152,30.61578993532546],[104.11121986404669,30.61684918593356],[104.11075033768134,30.617925222178005],[104.11043480365012,30.618494959350674],[104.11015469702087,30.61868453129238],[104.1095333827851,30.619008119862308],[104.10887511840558,30.61923584034511],[104.10809038990293,30.61976213583863],[104.10691025885782,30.621102502518465],[104.10665311481729,30.620289838232726],[104.10623942597539,30.6197800383496],[104.1051778637284,30.618548649914743],[104.10467409222245,30.618178846647083],[104.1043147391611,30.617715133957883],[104.10391943897287,30.617157569184585],[104.10334392051189,30.616570766657524],[104.10265997487113,30.61644887858482],[104.10168877232317,30.61639059976876],[104.1001422991165,30.616456886350747],[104.0994049201516,30.616396313575656],[104.09834478968011,30.616149695321983],[104.09757292612903,30.61594814178475],[104.09671029876313,30.615715072755503],[104.09520330408317,30.614362100211235],[104.0924423225958,30.61141890168979],[104.09090101831849,30.610526341543732],[104.08699541222019,30.60933599238316],[104.08558143161984,30.609044046936294],[104.09592781781977,30.6080573516524],[104.09913888289594,30.607700390747965],[104.10151308779079,30.607264178999237],[104.10434639849183,30.607204831754753],[104.10620539118271,30.607228381716112],[104.1081914626418,30.60747025646192],[104.11244149244983,30.60811610336906],[104.11605892721568,30.60831030425923],[104.11346211651174,30.610667004666226],[104.11289810413429,30.611395866277363],[104.1118168240915,30.61475035017848]]]}},{"type":"Feature","properties":{"name":"东湖","district":"锦江"},"geometry":{"type":"Polygon","coordinates":[[[104.0962438297705,30.616522202331165],[104.09624379209194,30.616569173251243],[104.09598986935043,30.61930224652988],[104.09566532971702,30.62200326710085],[104.09550217383146,30.624394719384767],[104.09543005929707,30.62475141585467],[104.09485522416026,30.625433988503765],[104.09347445588027,30.62389313278003],[104.09275675852821,30.62333092843879],[104.09148410947077,30.62299966414638],[104.08823986593335,30.622825269293955],[104.0842821672373,30.622744355730642],[104.08310282539368,30.622742158543122],[104.08380124631134,30.6217244622093],[104.0832125159752,30.619016223563637],[104.08330320404616,30.617355514779653],[104.08475440132567,30.615335708203357],[104.08611828363594,30.61163658769447],[104.08649623447002,30.60965200466029],[104.08703189631844,30.609740021063786],[104.0889838162035,30.61020512562199],[104.09089293698047,30.610627232879683],[104.0926754895669,30.61190950041236],[104.09382283656714,30.613069641906147],[104.09490759904271,30.614307560350326],[104.09636032653414,30.615846730733807],[104.09622587620049,30.61647521370985],[104.0962438297705,30.616522202331165]]]}},{"type":"Feature","properties":{"name":"东客站","district":"锦江"},"geometry":{"type":"Polygon","coordinates":[[[104.1415511754092,30.638716842371483],[104.14071187719539,30.63890380451556],[104.13958292824043,30.639083500449047],[104.13840453763416,30.639214477358923],[104.13723499788784,30.63918605554166],[104.13700352922373,30.638645180823435],[104.13616326105875,30.636563791619647],[104.13577490184439,30.635753220663617],[104.13538153851377,30.634962776782285],[104.1347447604208,30.633705900788055],[104.13443293343707,30.632882512048543],[104.13429312247874,30.63256157358742],[104.13415229642233,30.632576518899477],[104.13395815558688,30.63260620716923],[104.13669785951178,30.638872047800106],[104.13601088828004,30.638726085040602],[104.13467433365133,30.639364892902563],[104.13174593254544,30.639095387312963],[104.12587083341153,30.638780025611602],[104.12748130814825,30.637081264834134],[104.12632426305154,30.633744141900998],[104.12430034073101,30.63150711266514],[104.12339702883084,30.630247091813363],[104.1228550946259,30.629602842617754],[104.12271065011082,30.629139074453608],[104.12253002441767,30.628924310324525],[104.12185959360545,30.629157340547216],[104.12178727590614,30.628801557991434],[104.122220758519,30.628484389843997],[104.12260096661463,30.62816796928699],[104.1230163973298,30.6278360123764],[104.12341374679194,30.627504297350693],[104.1237567654895,30.62729730772388],[104.12406457904291,30.6271368053417],[104.12419146916068,30.626654153623818],[104.12361508909048,30.625819820127468],[104.12240835497248,30.624210805458436],[104.12285097947186,30.623909463979324],[104.1233841761595,30.6235367887335],[104.1243008494423,30.622698615195347],[104.12704906007365,30.620700475332136],[104.12965210599681,30.619822969100653],[104.13200277525794,30.618857015672056],[104.13373902185603,30.61749710786276],[104.13471533387309,30.616707067833882],[104.13569163287065,30.615886374153686],[104.13655908437747,30.61528431860467],[104.13746390253635,30.614434261590322],[104.1381144281707,30.614550067936516],[104.13869153385231,30.614635975468058],[104.14017186897787,30.616669398747526],[104.141785883662,30.61852176937724],[104.14251750146487,30.620104403473224],[104.1431917562251,30.623821770340715],[104.14331406006158,30.624461273302018],[104.14357096212316,30.62526945239128],[104.14439123399275,30.62700520648871],[104.14613236012337,30.630279549462344],[104.14628499097326,30.63052330538423],[104.14640246314332,30.630817313795074],[104.1465018757462,30.63095653059789],[104.14663240958514,30.63120848401692],[104.14674587139794,30.631455573304773],[104.14696175162469,30.631935864918475],[104.14760639632603,30.633189061327982],[104.14817975806922,30.634424025462035],[104.1485091108286,30.63503986527296],[104.1490684145052,30.636158375876082],[104.14906743629682,30.636309327941678],[104.14924316087885,30.6366502899643],[104.14903138484286,30.63677135899404],[104.1487021354693,30.63683213453456],[104.14816605447547,30.63693320414131],[104.14776447479626,30.63708962019009],[104.14737188853259,30.637187118912887],[104.14630744171235,30.637462465924422],[104.14539646882017,30.637694406277244],[104.14499064860229,30.637786689883306],[104.14430450867808,30.637952495675794],[104.14382226874788,30.638123747844105],[104.14276620053387,30.63837362971249],[104.1421019348207,30.638567193606068],[104.1415511754092,30.638716842371483]]]}},{"type":"Feature","properties":{"name":"合江亭","district":"锦江"},"geometry":{"type":"Polygon","coordinates":[[[104.0788968564081,30.65909733847737],[104.07826622661305,30.65816133136351],[104.07764866624964,30.65728332364955],[104.07717860002728,30.656640123801317],[104.07695550859735,30.65630715691516],[104.07676325880234,30.655974593361098],[104.07589491268277,30.654657825381616],[104.07499604127749,30.653507354642834],[104.07480906745262,30.653442699429878],[104.0728108146609,30.650855124599207],[104.07254690810495,30.650191353007017],[104.07247502719541,30.649767374070013],[104.0724975762607,30.6493437968015],[104.07248330053054,30.648842691470485],[104.07255440586728,30.64818788804334],[104.0749699109348,30.64796708815789],[104.07671160032285,30.647214588306966],[104.07856023168128,30.64638140200977],[104.0864744545536,30.64282923825083],[104.08671658393455,30.642660310385903],[104.08801100625892,30.643493219615795],[104.08951727058754,30.645894893450908],[104.09088061371581,30.64816322918063],[104.09217369232795,30.650288923719774],[104.09303554307027,30.65184499035728],[104.09326960150055,30.652327714407267],[104.09030618476896,30.653778014134335],[104.0887975109988,30.654487466477025],[104.08729346800177,30.655190292247777],[104.08514562793695,30.656196608562883],[104.08400942542839,30.65671750234235],[104.08281582811489,30.657279976686144],[104.08152903591812,30.65788654831782],[104.0788968564081,30.65909733847737]]]}},{"type":"Feature","properties":{"name":"红星路","district":"锦江"},"geometry":{"type":"Polygon","coordinates":[[[104.08341476660995,30.666164945019045],[104.08334301624983,30.666117203204962],[104.08334297963266,30.66607820908535],[104.08302089658827,30.6656328782499],[104.08267967359701,30.664930318995935],[104.08131871111738,30.662849349336554],[104.08060192730319,30.661676074639825],[104.0796353790834,30.660391461159485],[104.07894570014848,30.65919494751465],[104.08564273782955,30.656084188244623],[104.08857405900336,30.659898073823165],[104.09013671599536,30.663666513154272],[104.09133996607811,30.6655666756287],[104.09320514032295,30.66588540571924],[104.09376257111994,30.667129004888107],[104.0889070575626,30.671624478811953],[104.08738513662826,30.6724832175721],[104.08354057582683,30.666508196356872],[104.08341486132448,30.66626592974725],[104.08341476660995,30.666164945019045]]]}},{"type":"Feature","properties":{"name":"净居寺","district":"锦江"},"geometry":{"type":"Polygon","coordinates":[[[104.09709983611171,30.628776010797637],[104.09706782583004,30.628844969191736],[104.09937251337806,30.627400202330865],[104.10251119549699,30.6253523790235],[104.10427161849086,30.62417165435901],[104.10471270048099,30.6237224352293],[104.10546478372538,30.622786417241603],[104.10660428011141,30.62141653576126],[104.10649253559046,30.620558821819817],[104.10625813290342,30.620288611024396],[104.10513845340084,30.61900361576349],[104.10294410437069,30.61680943708082],[104.10225626485915,30.616645377787655],[104.10039026465273,30.616725154365884],[104.09872258032685,30.616506140328752],[104.0965941131186,30.61598982589851],[104.09615609455051,30.62031483967056],[104.09573988347918,30.6246779217274],[104.09555179482365,30.625151400119858],[104.09478810719088,30.625864625380412],[104.09704083288237,30.62884196213164],[104.09709983611171,30.628776010797637]]]}},{"type":"Feature","properties":{"name":"金融城东","district":"锦江"},"geometry":{"type":"Polygon","coordinates":[[[104.07697719615292,30.581807636395233],[104.07791496358506,30.582241001617835],[104.07795175608689,30.580221469585425],[104.07648680304126,30.579828875369476],[104.07697719615292,30.581807636395233]]]}},{"type":"Feature","properties":{"name":"金融城三期","district":"锦江"},"geometry":{"type":"Polygon","coordinates":[[[104.06547123876675,30.600193503223547],[104.07886584199503,30.60010871990678],[104.07925252591264,30.597574307412295],[104.08045279401621,30.59547649979033],[104.08091842417063,30.59464359553728],[104.0801502073324,30.593438115342224],[104.0776483108962,30.592956397919696],[104.07657684495103,30.59213339696279],[104.07543535732188,30.589678969926066],[104.0752758595573,30.587687868490853],[104.07609955224191,30.5858664495399],[104.07658672459121,30.58457188178638],[104.07846029197519,30.58192930979488],[104.09002201822805,30.581948338156092],[104.08966585796686,30.576881515381206],[104.076711399556,30.57755498055335],[104.07608576957382,30.577822229154922],[104.07615763126103,30.576945604240557],[104.07616174711025,30.57641688270245],[104.0766353856483,30.57525389190998],[104.07726614251608,30.574104918111807],[104.07836052139747,30.57180026965292],[104.07940620847026,30.571160885039728],[104.07973648462725,30.569758463875054],[104.07959413567886,30.56932982213649],[104.07638984945628,30.568777753201314],[104.0719070607728,30.568418109415195],[104.0662829700838,30.56833297866023],[104.06547123876675,30.600193503223547]]]}},{"type":"Feature","properties":{"name":"九眼桥","district":"锦江"},"geometry":{"type":"Polygon","coordinates":[[[104.08712823823566,30.642586681612002],[104.08714616821995,30.64255583346997],[104.08827529109145,30.643573121725673],[104.08969185433075,30.6459129726749],[104.09087650183038,30.647985246136127],[104.09092143979666,30.648031470982904],[104.09349409875492,30.64648963935351],[104.09453458731633,30.645971648311775],[104.09617697338385,30.64530659032168],[104.0985560904019,30.644297988592303],[104.10089291592912,30.643291933163223],[104.10137829189266,30.64307254632025],[104.10273564137248,30.642275734685594],[104.10341949076145,30.641767799446594],[104.10403133587745,30.64121390038957],[104.10435482706079,30.64090925768797],[104.10272529599574,30.638365962899186],[104.10201041118985,30.638682682913544],[104.10135373812889,30.63898782444977],[104.10061613696698,30.639323825986242],[104.09903442851541,30.64009563836601],[104.09595034531658,30.641730281286055],[104.09501150462856,30.64038518424802],[104.09445499765191,30.640306986219972],[104.09359391128467,30.64008667267959],[104.09318534822256,30.63974744100065],[104.09278174861703,30.639117189971692],[104.0923822259192,30.638548811774033],[104.0914769478465,30.639002657896093],[104.09115856996563,30.6390090954601],[104.09088908995008,30.638906746816435],[104.09022147228072,30.638658165158382],[104.08977743144297,30.63836064004228],[104.0894824082842,30.63931850288173],[104.08691782080909,30.642402035111846],[104.08712823823566,30.642586681612002]]]}},{"type":"Feature","properties":{"name":"蓝谷地","district":"锦江"},"geometry":{"type":"Polygon","coordinates":[[[104.13734727007775,30.61325650339031],[104.13736523351395,30.61341217379388],[104.13728286437907,30.61446053796127],[104.13532143118077,30.61596929065444],[104.13377541614345,30.617256746812913],[104.13213075980795,30.618537359604424],[104.13149772734675,30.618919310958752],[104.13048677696248,30.617428050757436],[104.12940347201499,30.615938057055768],[104.12822995698518,30.61416975479262],[104.12685761650174,30.61216372007216],[104.12533255939512,30.610172006791284],[104.12456983889098,30.609456925751573],[104.12307114455429,30.608593802595884],[104.1225383830187,30.608364804073663],[104.12192416046267,30.60817591358291],[104.12094509026421,30.607895255609353],[104.11967557700153,30.60764541639615],[104.11862434701175,30.607442092400657],[104.11810479576418,30.607368191729233],[104.1176134427258,30.607277830641213],[104.11734214138883,30.607246444692112],[104.11734217311165,30.60721546564952],[104.10690099471347,30.606393029295667],[104.10705205448276,30.599061947455493],[104.11018741966654,30.599221218082796],[104.11469699755972,30.599390291826456],[104.11836094916812,30.599808971681615],[104.12092453577361,30.600611608505556],[104.12175686625179,30.60094347960234],[104.12200065558618,30.601037002773083],[104.12454986849997,30.602484057438804],[104.12579150263572,30.60302905003953],[104.12693853774405,30.603698315691705],[104.12934051410346,30.60492840823309],[104.13151730906637,30.606068483951777],[104.13325119001928,30.607433617120666],[104.13533579669458,30.610029999214586],[104.13713169472375,30.612544715356726],[104.137347277192,30.61324850853844],[104.13734727007775,30.61325650339031]]]}},{"type":"Feature","properties":{"name":"莲花","district":"锦江"},"geometry":{"type":"Polygon","coordinates":[[[104.09697278990096,30.629085824360974],[104.09695479077588,30.62910180996035],[104.09826633313486,30.631096729612707],[104.09964963583987,30.63326211574037],[104.10044118243361,30.634603917203176],[104.10200605978376,30.637114227036705],[104.10275232489056,30.638322862547],[104.10214055165022,30.638589229108344],[104.10097639574124,30.639109918216995],[104.09892739405699,30.640103769619024],[104.09641299705052,30.641435839709196],[104.09595932476726,30.641692303016324],[104.09546134607642,30.64092682637142],[104.09524039419725,30.640603548147404],[104.09507045540988,30.640386298705437],[104.09499849856077,30.640335173775043],[104.09464380455321,30.64028843440911],[104.09446397664912,30.640272018602662],[104.09402441877955,30.640173910597333],[104.09364284432672,30.64007182848545],[104.09357193311193,30.64006761001997],[104.09340509195543,30.639885133702567],[104.09319931438476,30.639701503302717],[104.09307343708475,30.639522122483683],[104.09292556699769,30.63923468415053],[104.09287161581558,30.63912552156837],[104.09275975072981,30.639005143310108],[104.09243614128037,30.638561026056777],[104.09240018096472,30.63848690515688],[104.09142304353293,30.638976407728972],[104.09108669688386,30.638946752573517],[104.09024441468745,30.638636303840276],[104.09112195873034,30.63525122393536],[104.09237065501468,30.63241305082083],[104.09317550493566,30.631583428761537],[104.09697278990096,30.629085824360974]]]}},{"type":"Feature","properties":{"name":"琉璃场","district":"锦江"},"geometry":{"type":"Polygon","coordinates":[[[104.09664754385933,30.60701873569258],[104.09977405042848,30.60686092970659],[104.10164403707243,30.606483276054195],[104.10297589945239,30.606385158830683],[104.1048111025282,30.606437737763656],[104.10585538239127,30.60643127383398],[104.10654013501974,30.606333667678296],[104.10668835890506,30.60265214470219],[104.10677988300108,30.60142432908149],[104.1068530642665,30.600476447088145],[104.10692536767705,30.5994046497009],[104.10692594786235,30.598845025712073],[104.10690935180013,30.59841044180606],[104.1068914168086,30.598301646655663],[104.10684243703699,30.598158100992404],[104.10687903053922,30.597669163775826],[104.10691692893259,30.595875084777504],[104.10717130788571,30.593050040756474],[104.10739053959057,30.590065250939745],[104.10746883394326,30.588744448535376],[104.10768614735119,30.586475082167027],[104.1079774045347,30.582619860853026],[104.10841233892495,30.575530563194523],[104.10842266228278,30.573484267922257],[104.10720326703186,30.572410335844392],[104.1065906852219,30.57173104385183],[104.10572661010697,30.571611938565876],[104.10489880764182,30.57127514907095],[104.10342207749274,30.57125197760934],[104.0995018887108,30.571420458557107],[104.09597102416127,30.57141318611881],[104.09267852826272,30.571591711862816],[104.08959370383926,30.571203204547132],[104.08722925779638,30.57078153165315],[104.08429346793095,30.57021144594586],[104.08139464331764,30.5697603805341],[104.08096563054653,30.569911314984886],[104.08024213371422,30.571696054109918],[104.07966989054586,30.572652672894552],[104.0786330447207,30.573385246437677],[104.07820421545779,30.573815504182523],[104.07766792610136,30.574616109802736],[104.07738138137955,30.57504710614738],[104.07698826255786,30.5761923318488],[104.07666675465344,30.57718252868275],[104.0763355551164,30.577259935912473],[104.07962437125342,30.577116363152378],[104.08284365145634,30.577060911322256],[104.08971971393902,30.57693282606736],[104.09007581809236,30.582093583131556],[104.0845587356444,30.582113178807017],[104.07894275065874,30.58208045678563],[104.0784421098512,30.58244681481266],[104.0782088242117,30.583319324153273],[104.0779227175434,30.58431004006172],[104.07754672313006,30.585796239511414],[104.07693805104765,30.587108297852005],[104.07622134922025,30.589196252606783],[104.0778810332833,30.591921128780577],[104.07977495117477,30.592443113558623],[104.08108000628944,30.59325037795173],[104.08168665401999,30.594919354062377],[104.08114869930148,30.59632722799331],[104.080377800407,30.59780908434215],[104.0802686835122,30.599391721738705],[104.08020607647107,30.600258386882597],[104.0793826800457,30.600651925403415],[104.07941670776945,30.602361217650635],[104.08503111599525,30.605436362912464],[104.08595905377783,30.608116035420316],[104.09137107531431,30.607531707310102],[104.09664754385933,30.60701873569258]]]}},{"type":"Feature","properties":{"name":"攀成钢","district":"锦江"},"geometry":{"type":"Polygon","coordinates":[[[104.1101963575461,30.635622803894854],[104.10904268251441,30.636688993969816],[104.1079886468003,30.637575587194522],[104.10634057557738,30.639032497513547],[104.10533252585456,30.640016814691457],[104.10455813742287,30.640674198450487],[104.10196091816884,30.636602571696923],[104.10084553019246,30.634734820644685],[104.10072841790863,30.634572199558537],[104.09900242558643,30.631849691458033],[104.09720678712277,30.628883985149486],[104.09797885410728,30.628418108957746],[104.09884216484807,30.627862694653825],[104.10037029505283,30.62689348846739],[104.1011391614421,30.626358698880534],[104.10202538676398,30.62575805095221],[104.10434673690581,30.624222218551854],[104.10661320686911,30.62157538155487],[104.1065966511923,30.62683268747035],[104.10825356149799,30.629008876605376],[104.10910003392509,30.629576374231608],[104.1104524304204,30.630231545608293],[104.11290456877161,30.631293528835073],[104.11328409426568,30.631584145994353],[104.11382529662941,30.632494558916072],[104.1128291335139,30.633211563127638],[104.11193560738654,30.63406689693717],[104.1111516917894,30.634820717013323],[104.1101963575461,30.635622803894854]]]}},{"type":"Feature","properties":{"name":"三官堂","district":"锦江"},"geometry":{"type":"Polygon","coordinates":[[[104.09444240165676,30.625964782264056],[104.09444239848547,30.62597277819796],[104.0948288471455,30.626439421998963],[104.09516944285845,30.626750941401173],[104.09542011623287,30.627139186196388],[104.09574378415125,30.627481507290707],[104.09601250049995,30.6278856526581],[104.09619234720225,30.628087751176853],[104.09631822989036,30.628289775980647],[104.0968928349052,30.628988836536138],[104.09509657612284,30.630167188106327],[104.09444110409356,30.630612569518956],[104.09323444880368,30.631357727371547],[104.09169184131171,30.63230714529453],[104.09180865911243,30.631926838508626],[104.09198741516752,30.63124492591358],[104.09163809508149,30.63087051135326],[104.09138760619813,30.630620431605465],[104.09101042026198,30.6302227251777],[104.09078693162779,30.629957676682704],[104.09036592386964,30.62955155770816],[104.09019534960571,30.62935667535861],[104.09001579485933,30.629211695527406],[104.08799505486485,30.629248247401044],[104.08610598887518,30.62928402781315],[104.08498708942092,30.628719141223474],[104.08413245078475,30.62827505291684],[104.0829384613653,30.627664997134016],[104.08263877583158,30.627510839410462],[104.0822719255538,30.625906603675606],[104.0818664318263,30.624244918671693],[104.08241256777774,30.623198567229394],[104.08421517223228,30.623217435928186],[104.08577243700161,30.623220121166252],[104.08685081480141,30.62325733243902],[104.0891840749742,30.623297496873572],[104.08930978016933,30.623251335598454],[104.09107071517863,30.623382416522148],[104.09197694555785,30.623502650404816],[104.09269358304428,30.62386340182204],[104.09343816588135,30.624595643589817],[104.09445139844951,30.625949811701112],[104.09444240165676,30.625964782264056]]]}},{"type":"Feature","properties":{"name":"三圣乡","district":"锦江"},"geometry":{"type":"Polygon","coordinates":[[[104.16286437381083,30.59417091361871],[104.16200739784479,30.59198160800927],[104.1577991706237,30.590536624487584],[104.15192690000919,30.593970198044698],[104.15131358412144,30.59431398208153],[104.15142168601379,30.594577433756346],[104.15215987924634,30.595771336393092],[104.15280723063483,30.59738560682133],[104.15177911815854,30.598304779120063],[104.1497563114546,30.59878043645298],[104.1556225933938,30.606687189539173],[104.15263033539827,30.608585311930867],[104.14761573849987,30.610843928883394],[104.14557028882169,30.612029149973175],[104.14272114895478,30.612830919483393],[104.14091148126998,30.61337729857841],[104.13861668465552,30.613978303901053],[104.13746167174968,30.612408613920472],[104.13470150216074,30.608616588356227],[104.13876874518328,30.60640556922693],[104.13987102234769,30.606089842937237],[104.14220200606995,30.60521025411599],[104.14315953902091,30.604440368282553],[104.14422461960811,30.60349523187437],[104.14362117307742,30.60213762624908],[104.14273816766013,30.600899890076967],[104.14179559220436,30.59979916142666],[104.14004967935792,30.598672931004483],[104.13791474562161,30.597024487062978],[104.1369631924409,30.59624804427098],[104.1360741450493,30.5952273186893],[104.1336648064254,30.592432034475113],[104.13189418483081,30.591493916521543],[104.11867898830103,30.587455650779138],[104.10799760813987,30.589625743680045],[104.1087252293615,30.579179334956134],[104.11193576276693,30.571146780776314],[104.11594183203987,30.571286202387526],[104.12175658735741,30.571424710706765],[104.12811731771355,30.571919710947427],[104.13821740659415,30.572428086522713],[104.138398402877,30.5704365478894],[104.14226365947177,30.568776778456787],[104.14251538209446,30.5661629732337],[104.14681075303264,30.56454069915487],[104.14742454794393,30.56522135753385],[104.14706459618414,30.5672752497689],[104.15132104656783,30.57104488749217],[104.15337470467435,30.566314791960057],[104.1605389035148,30.56588881185413],[104.16005369106435,30.567378420405927],[104.1577504418181,30.569081207241982],[104.16302175813726,30.570501806005797],[104.16469216105253,30.5686642321913],[104.16602236015311,30.57156634647647],[104.16413511388609,30.57360236099909],[104.16607576635387,30.57615107342474],[104.16215684603148,30.57865536873585],[104.16339877669935,30.57410999571291],[104.16095314454455,30.57136104809177],[104.16057801803255,30.577557382603135],[104.1572670605733,30.57795166652502],[104.15489011304466,30.578416657231895],[104.15712247355128,30.57947417564324],[104.15953325629496,30.58103375098016],[104.16248052882936,30.584838515373992],[104.16696841810841,30.5904659524338],[104.16904898505767,30.593003868568257],[104.16448045091154,30.59576612605359],[104.16286437381083,30.59417091361871]]]}},{"type":"Feature","properties":{"name":"沙河堡","district":"锦江"},"geometry":{"type":"Polygon","coordinates":[[[104.12229063067886,30.624356451311584],[104.12229063067886,30.624356451311584],[104.12230470229831,30.62437123750093],[104.1235953115885,30.625955379176467],[104.12424070623025,30.62678835191536],[104.12395796035257,30.62706293457972],[104.12304527633356,30.627713177534094],[104.12172610487586,30.62874968398733],[104.12178028746648,30.628811016405056],[104.12191576352853,30.628890578254964],[104.1220602680007,30.629001064238167],[104.12213251472724,30.629085424051848],[104.12220475382915,30.62920860739419],[104.12231312156219,30.629362320965054],[104.12271047616558,30.630008745396914],[104.12336078328552,30.630993062312427],[104.12446088207211,30.632293544312482],[104.12597870673706,30.63394810865439],[104.12623226401118,30.635030880661326],[104.12606948437382,30.636446817165826],[104.12605148025271,30.637021888375717],[104.12585370270735,30.638671317751395],[104.12250152346202,30.63903312514068],[104.12098932519737,30.639558910963043],[104.1199367731383,30.639884768253726],[104.11912864233175,30.64021893812473],[104.11660004917175,30.63635402649619],[104.11534499025542,30.634382598784725],[104.11468600869087,30.633412012194313],[104.11407335665797,30.63253764727797],[104.11369380006327,30.631680422795643],[104.11225102157327,30.630818883430805],[104.11026783614892,30.629961445939305],[104.10931272982113,30.629508512144803],[104.10884329686567,30.629252769477432],[104.1084702286982,30.628930105848003],[104.10745663590816,30.62771087010329],[104.1069565206284,30.62699999572092],[104.10684435876922,30.62662800423526],[104.10679939214575,30.62622453523671],[104.10684158534428,30.623767516864998],[104.10687905246645,30.62130561471175],[104.10808627566728,30.61991407966458],[104.1084746211975,30.619627031587473],[104.10866830670632,30.619485472994118],[104.10994382022218,30.618907387239098],[104.11059334748792,30.61851340593611],[104.1108541808679,30.618646754426923],[104.11124652885469,30.618758742310398],[104.11180552938899,30.61889288388336],[104.11202633741019,30.61894851818436],[104.11242786545299,30.619006171391334],[104.11322102921957,30.619060358087335],[104.11454276621129,30.61890508195059],[104.11497168256318,30.618883919651967],[104.11534136076362,30.61886839855454],[104.1156578111817,30.618864472608017],[104.11586980169405,30.618849824583425],[104.116163163594,30.61886110833513],[104.117317687596,30.618881145536935],[104.11682584658234,30.61953618837316],[104.11668999933127,30.619825776614082],[104.11670385839109,30.620139411978492],[104.11680712354986,30.620495864595675],[104.11708221078035,30.620880055018638],[104.11742069712331,30.62115144458687],[104.11721737403738,30.62169781174721],[104.11705825923956,30.62229056249757],[104.11695059915974,30.62253982868217],[104.11800631730749,30.62344934444209],[104.1184302780081,30.623805419548482],[104.11886839368243,30.624059294642848],[104.11977097496198,30.624310628623416],[104.12117944328303,30.62449251041478],[104.12168521573174,30.62448920238556],[104.12226347044819,30.6243758382871],[104.12229063067886,30.624356451311584]]]}},{"type":"Feature","properties":{"name":"水碾河","district":"锦江"},"geometry":{"type":"Polygon","coordinates":[[[104.09681734372074,30.650719921499277],[104.09705119719779,30.650611039593134],[104.10384522506688,30.64739530512804],[104.10637891323817,30.64626626846752],[104.10736020757149,30.645820198121616],[104.10601754812333,30.64356239328124],[104.10547689554932,30.642704137914553],[104.10483206051173,30.641647345831316],[104.10443603282346,30.641040772004146],[104.10377901633028,30.64155209861245],[104.10310915326231,30.64215413233961],[104.10270466591663,30.642434821637405],[104.10164355976248,30.643021691162225],[104.10099204521829,30.64336863296565],[104.09950829591708,30.644028829471594],[104.09771627847377,30.644795336868714],[104.09589427753558,30.645570203345343],[104.09452969679997,30.646146595601216],[104.09324761783121,30.646791759005197],[104.09168272431677,30.64769328705981],[104.09094344720192,30.648109568545028],[104.09124818818677,30.648627004796467],[104.0920116392249,30.64984231484296],[104.09322435427032,30.651943630315117],[104.09340837320444,30.652278183848857],[104.09340837320444,30.652278183848857],[104.09681734372074,30.650719921499277]]]}},{"type":"Feature","properties":{"name":"太升路","district":"锦江"},"geometry":{"type":"Polygon","coordinates":[[[104.06567396859842,30.67485615893211],[104.06569083405655,30.67482541942754],[104.0765792309723,30.66976982835517],[104.07183931736184,30.662558702665304],[104.0716382041746,30.662185753213958],[104.07147799911816,30.661977385478767],[104.07107982231713,30.66128851260708],[104.07088304221338,30.66127355179361],[104.06503674267879,30.661042095410895],[104.06328718093137,30.660892250266688],[104.06325542243042,30.66508512045003],[104.06313600122655,30.671434255036754],[104.06567396859842,30.67485615893211]]]}},{"type":"Feature","properties":{"name":"盐市口","district":"锦江"},"geometry":{"type":"Polygon","coordinates":[[[104.08137082448714,30.667436222119512],[104.08086136492844,30.667632219116804],[104.08050321761955,30.667805912270197],[104.08018293671483,30.668003998498644],[104.07687641906028,30.669568929122082],[104.07557993715749,30.667687305797415],[104.07202597623345,30.66236252007121],[104.07241835880043,30.662146392852534],[104.07195351031089,30.661413588261965],[104.07193519490052,30.66096738505007],[104.06505718716703,30.66060446990853],[104.06516262953315,30.659705188892943],[104.0649800904747,30.65892058472763],[104.06353452204708,30.65877520440834],[104.06360273280139,30.65515780050601],[104.06350813429215,30.65490545640391],[104.06310579908673,30.654907577789608],[104.06269550769413,30.654901624520118],[104.06155011663996,30.654957233145883],[104.06097807754497,30.65404835730331],[104.06047772147166,30.653311550519735],[104.0601204610787,30.652607778860066],[104.05962008546035,30.651840139236658],[104.05813596360305,30.64967704162238],[104.05948426506369,30.649671741324934],[104.0610191414441,30.649537788607656],[104.06355315618627,30.649178202793944],[104.06551724008017,30.649274360839218],[104.0674085911369,30.64896401051507],[104.0704516803976,30.648497315799787],[104.07155376505027,30.648478909367306],[104.07228626072478,30.648497839828366],[104.0723452741301,30.649023603775206],[104.07230959355515,30.6491630439293],[104.0724349077684,30.64927388177703],[104.07239922726387,30.649412323008793],[104.07245297967735,30.64952209790389],[104.07241734683197,30.64972352719097],[104.0724433305048,30.649913873593217],[104.07249723337364,30.650220610604585],[104.07256001856979,30.650440496912026],[104.07264965345784,30.650674777481505],[104.073114417687,30.651411490625012],[104.07433948193518,30.65306002805336],[104.07556489788641,30.65479317791367],[104.07719273050496,30.656866277444223],[104.08042378088724,30.661681931298215],[104.08196399059798,30.664091535729845],[104.0833822185893,30.666503550737453],[104.08137082448714,30.667436222119512]]]}},{"type":"Feature","properties":{"name":"卓锦城","district":"锦江"},"geometry":{"type":"Polygon","coordinates":[[[104.13483052326164,30.608344009210903],[104.1348305863745,30.608281051538476],[104.13768737100533,30.606799576447838],[104.13853654081824,30.606339419495633],[104.14057808970902,30.605772095399576],[104.14138254760309,30.605498557690442],[104.14221320597946,30.60507123675056],[104.14400251800417,30.6035471761578],[104.1435163349901,30.602457377605717],[104.14187552733001,30.60025202227817],[104.14151520437477,30.599759122161945],[104.13980030023954,30.598721748813663],[104.13699300503957,30.59660442096222],[104.13589203200553,30.595298684186844],[104.13341211933731,30.59265144962626],[104.13138909342528,30.591593201300395],[104.12788388221648,30.590837767330942],[104.11997216939794,30.58815829231368],[104.11657723576623,30.587956272148226],[104.10786588120101,30.590045545237484],[104.10740160415538,30.595485707545475],[104.10715501679563,30.598392632866453],[104.11923865685229,30.59960108064403],[104.13299876340241,30.606388921123273],[104.13483052326164,30.608344009210903]]]}},{"type":"Feature","properties":{"name":"八宝街","district":"青羊"},"geometry":{"type":"Polygon","coordinates":[[[104.06297564710614,30.669628414755543],[104.0629665783246,30.669465243816187],[104.05794014800749,30.66937521303336],[104.0568870833696,30.66965701177224],[104.05342463139803,30.671201638635477],[104.048817224113,30.673428005689217],[104.04910312842279,30.673942948966438],[104.04941718275488,30.674883068599268],[104.05014659120786,30.676744315810424],[104.04996280165409,30.677056771555744],[104.05028450785863,30.67774718416989],[104.05087457731965,30.67825198941206],[104.05149112295608,30.67825440719477],[104.05283579138238,30.678898949140788],[104.05425010580018,30.6801172391439],[104.05447780581324,30.68025166992419],[104.05559133148708,30.68086899832171],[104.05794825177287,30.68036780459836],[104.05898366548372,30.680489198614005],[104.05977067770988,30.682766014902892],[104.06011000344381,30.68408218817078],[104.0603596362472,30.684814352900936],[104.06118119306603,30.684639812046324],[104.06583859342967,30.682543570714476],[104.06771257056177,30.68103540242203],[104.06844364679827,30.680704615615873],[104.06931897061024,30.680639942163058],[104.06896076822704,30.67973475627147],[104.06729909987475,30.67739611801913],[104.06544158225788,30.674961645053667],[104.06294045090368,30.671617374971653],[104.06297564710614,30.669628414755543]]]}},{"type":"Feature","properties":{"name":"贝森","district":"青羊"},"geometry":{"type":"Polygon","coordinates":[[[104.0008998574318,30.668178874235636],[104.00154096607994,30.672235409594496],[104.00641460281342,30.67170790249294],[104.00646897738243,30.67207978974018],[104.00728103765806,30.674734617093915],[103.99822726783991,30.6756954384221],[103.9933396034922,30.676240894053908],[103.98867135694651,30.676334948069723],[103.98698236318879,30.67368357264434],[103.98601144029196,30.670868068767582],[103.98963600679747,30.670765170838468],[103.99426855203967,30.67007885599458],[103.99764578223407,30.668283786763528],[104.0008998574318,30.668178874235636]]]}},{"type":"Feature","properties":{"name":"草市街","district":"青羊"},"geometry":{"type":"Polygon","coordinates":[[[104.06949678256896,30.680549668909208],[104.06951466016932,30.680534944610226],[104.07140762424186,30.680392587614875],[104.07265667174084,30.67992934746511],[104.07365611896013,30.67902829215524],[104.07453172091371,30.678653078008026],[104.07722867476963,30.677324065452876],[104.07926534844839,30.676310945780905],[104.08110569617921,30.675261625446325],[104.08278715943696,30.67517259854835],[104.08389610904906,30.67453235187971],[104.08555964100466,30.67302666021432],[104.08699130094811,30.672402093692476],[104.08349602575859,30.666794688126615],[104.07672260831325,30.669957758798393],[104.07665091929356,30.669863794518413],[104.0657445968837,30.67498119270766],[104.06871097308866,30.67904714731165],[104.06871100126969,30.679094134992177],[104.06949678256896,30.680549668909208]]]}},{"type":"Feature","properties":{"name":"草堂","district":"青羊"},"geometry":{"type":"Polygon","coordinates":[[[104.01972395994343,30.663592551097583],[104.01978759529356,30.658990129611205],[104.02009774675798,30.6590201907231],[104.02088897742988,30.660048701784007],[104.02218492464854,30.66184600076162],[104.02337104584048,30.661984056450887],[104.02400881028409,30.662884208704142],[104.02362313585002,30.663153420099032],[104.0237313630581,30.663407903965613],[104.02353360290431,30.663628588991866],[104.02369625939392,30.66434025896646],[104.02849029388054,30.66412774824649],[104.02967566996608,30.664892085063332],[104.03112884813233,30.665128434384243],[104.03351265868554,30.664210699895456],[104.03578801095121,30.66276539175152],[104.03698314387701,30.66209027057621],[104.03824971223817,30.66138428984097],[104.03793443387512,30.66852485588696],[104.03553528919655,30.66988336056998],[104.0194540354996,30.67266452644711],[104.01972395994343,30.663592551097583]]]}},{"type":"Feature","properties":{"name":"府南新区","district":"青羊"},"geometry":{"type":"Polygon","coordinates":[[[104.01880684627032,30.672830067960284],[104.01878886190768,30.672861358949415],[104.00756850962196,30.674915026916135],[104.00803871871156,30.677235448629776],[104.00888330899967,30.678149936191282],[104.01392318635216,30.68480762916911],[104.01534439185531,30.68445591325326],[104.01608131981546,30.68534348566006],[104.0179699009066,30.686040571747853],[104.01865321569912,30.685734244621113],[104.01915633680986,30.685275127305378],[104.02113304725458,30.68524388332926],[104.02235512476027,30.684946760431586],[104.02309069140068,30.683756623929096],[104.0238814209113,30.683326824012454],[104.02510229740555,30.683915563732768],[104.02596481996308,30.683733892588215],[104.02641341773437,30.683387634274595],[104.02790168246858,30.68203530802716],[104.02984053250916,30.682000071240733],[104.03007309994682,30.68173404378466],[104.03014482125675,30.681361512544388],[104.0292656704231,30.68084180510017],[104.02885175215268,30.680116055827856],[104.0288162228957,30.67912267481008],[104.02994391310295,30.676115664363504],[104.02963809979519,30.674472827963893],[104.03069568601711,30.67322068452632],[104.03187838092508,30.671488599610797],[104.03266672096284,30.67120303464766],[104.03385041512868,30.671288587535944],[104.03469225710221,30.67095810148939],[104.03488905517456,30.670103277920926],[104.01880684627032,30.672830067960284]]]}},{"type":"Feature","properties":{"name":"光华泡小","district":"青羊"},"geometry":{"type":"Polygon","coordinates":[[[103.98590330143121,30.6705121956666],[103.98952789510363,30.670533568282718],[103.99412537686754,30.669879104346624],[103.99763650692609,30.667987989160366],[103.99737847320813,30.663822974906733],[103.99624596417449,30.663733025060573],[103.99536723105095,30.66318044823064],[103.99421218773222,30.660085109460862],[103.99483970332982,30.658475490775043],[103.99273651037717,30.65700077356752],[103.99163411712128,30.657243507187392],[103.99133952011724,30.658612401892544],[103.9927569243821,30.659610119028464],[103.99302678409293,30.660584014208474],[103.9925967063743,30.661445217262653],[103.99182423505019,30.661720240563163],[103.9904238342339,30.661552338076003],[103.98988678819812,30.663190088624393],[103.9892767961716,30.663710690609612],[103.98798516765274,30.66375705165457],[103.98786080261365,30.663222539099475],[103.98771391845092,30.662113344901478],[103.98783864199453,30.66093209747942],[103.98694174372055,30.660879954142764],[103.98672740924175,30.662311024332492],[103.98635222472053,30.663634720857374],[103.98471981082731,30.663464318141017],[103.98437933658332,30.664383170065502],[103.98357307019732,30.664482831747314],[103.98524701920199,30.66896372497738],[103.98590330143121,30.6705121956666]]]}},{"type":"Feature","properties":{"name":"浣花溪","district":"青羊"},"geometry":{"type":"Polygon","coordinates":[[[104.01973750526412,30.658916940980056],[104.02025871561226,30.65892466225426],[104.02092479446897,30.65984617713795],[104.02229288608892,30.66179743029838],[104.02337094231804,30.66187607205121],[104.02408981395986,30.662906116278013],[104.02369510212041,30.66312943674792],[104.02385735511531,30.6634221861048],[104.0235875949978,30.663627845463527],[104.02367811463543,30.66418552825119],[104.02394718245543,30.66430585054625],[104.02861602866575,30.663986489125826],[104.02967559684936,30.664815096577932],[104.03129025339611,30.66477019160915],[104.03351248120656,30.664024727339044],[104.03815195208404,30.66131948588244],[104.03847065344443,30.65456190705306],[104.03469995157559,30.65338269888472],[104.02917464657324,30.653504437995153],[104.02659596343743,30.653466969783587],[104.02457592842433,30.653452981749634],[104.02351832654672,30.653649170791372],[104.01998533253929,30.65422364140308],[104.01973750526412,30.658916940980056]]]}},{"type":"Feature","properties":{"name":"金沙","district":"青羊"},"geometry":{"type":"Polygon","coordinates":[[[103.9884966532185,30.676494984770407],[103.98970457354636,30.676569197295546],[103.99075478441688,30.676516538518758],[103.99142739832672,30.67649639924587],[103.99245101593924,30.676531918090912],[103.9929008388553,30.676452369615973],[103.99473759091927,30.67630336566922],[104.00447131784621,30.67533857708318],[104.00730318875107,30.674900156195992],[104.00756970890907,30.67656365898628],[104.00766404643096,30.676891763919997],[104.00782643520563,30.677183561105725],[104.00806993822539,30.677508783217718],[104.00938849037593,30.679101973466008],[104.0129158202182,30.683879602479834],[104.01136932141866,30.68434357464566],[104.01023650139408,30.685715716984962],[104.00888796275619,30.68578861529255],[104.00790060620362,30.687555343968015],[104.00773886667425,30.688287976604073],[104.00647779296106,30.688411188138915],[104.00577701608071,30.688502664395372],[104.0049850588232,30.68805206393945],[104.00351186014628,30.686925646699752],[103.99995168864056,30.68817133326081],[104.00099480173628,30.69004589811912],[104.00181304240594,30.691404321404978],[104.00210076189907,30.691445521552538],[104.00201983267334,30.69115214992372],[104.00349892877423,30.69034443428831],[104.00366531311609,30.690795248339274],[104.00376423371506,30.690909771144018],[104.00384517036879,30.691047914219993],[104.00252336253932,30.69194976971644],[104.00228059221259,30.691690480571733],[104.00197488561695,30.691533228934375],[104.00239747689122,30.692215965212053],[104.00274811654899,30.69299311781628],[104.00439371751634,30.692286810445665],[104.00476242094096,30.69212456229767],[104.00635693858011,30.691388276129395],[104.00858244882447,30.69020480079242],[104.00954962621105,30.69172650039858],[104.00627176280175,30.693500944575817],[104.0051394288583,30.69417441744593],[104.00373701359938,30.694937562172807],[104.00489655470241,30.697150024964824],[104.00620821530829,30.69634973480431],[104.00705072770636,30.695839962006424],[104.00711366034388,30.695935734472922],[104.00765749771328,30.69699595892942],[104.00709081425441,30.697348290517084],[104.00650615072634,30.697677684094835],[104.00556169681997,30.698223466173108],[104.00565157206168,30.69838466636665],[104.00679317677964,30.699774680692347],[104.00556037980378,30.701404360626892],[104.00458658142738,30.703282858073287],[104.00261838471371,30.701830127773025],[104.00116793086772,30.700018226122086],[103.99799050107933,30.691812394940087],[103.99441371518941,30.686283637797242],[103.9884966532185,30.676494984770407]]]}},{"type":"Feature","properties":{"name":"宽窄巷子","district":"青羊"},"geometry":{"type":"Polygon","coordinates":[[[104.04860233234977,30.67341450704203],[104.04915617168209,30.673088515323272],[104.05004909238293,30.67272342629064],[104.05144284326994,30.67208237698731],[104.05724452370232,30.669319476473817],[104.06295640747472,30.66939702775091],[104.06318373286567,30.66491310259243],[104.06316295637716,30.66084344549367],[104.0616449801123,30.66083762213674],[104.05639673108189,30.66072153731291],[104.05570034122708,30.66100927552888],[104.05352446244167,30.663004054079746],[104.05239943389508,30.66339576200183],[104.05009433088557,30.6633444062653],[104.04728864217176,30.66408573382359],[104.0443667433747,30.66557876963331],[104.04545961518652,30.66749377730122],[104.04569168391778,30.667649795320948],[104.0464614745352,30.668119495565662],[104.04860891465532,30.670555112897308],[104.04853028168579,30.672886120211317],[104.04860233234977,30.67341450704203]]]}},{"type":"Feature","properties":{"name":"人民公园","district":"青羊"},"geometry":{"type":"Polygon","coordinates":[[[104.06336232824678,30.65516227768918],[104.06139814981742,30.654994082410063],[104.05773437919298,30.649477965268513],[104.05623505528848,30.649770487122517],[104.05455733755916,30.651009038706253],[104.05286294645516,30.652855977292976],[104.05105987820784,30.654717832158866],[104.04758372218123,30.65402505907686],[104.04586689662804,30.653844745224465],[104.04514337714271,30.65400150008202],[104.0446966949884,30.65434867267988],[104.04153871414216,30.654279027317706],[104.03863792897766,30.654341676223716],[104.03846438100085,30.660697007245854],[104.03830110798336,30.668305161714823],[104.04424113050065,30.665406364856956],[104.04962953961373,30.663030803985798],[104.05282767917456,30.663120984010725],[104.056147188565,30.660616579360067],[104.06483086228674,30.660790061750827],[104.06484707925412,30.65903558120682],[104.06322272120399,30.658917621291963],[104.06336232824678,30.65516227768918]]]}},{"type":"Feature","properties":{"name":"蜀汉路","district":"青羊"},"geometry":{"type":"Polygon","coordinates":[[[104.01385335097639,30.68514501577381],[104.01779056355858,30.691071600704827],[104.01151452158147,30.695189287671642],[104.00997645908697,30.696684857963124],[104.00865345282298,30.69829244351163],[104.00693259314939,30.699725439475678],[104.0066584517357,30.699342818610493],[104.00626745380792,30.69879563890862],[104.00580222544355,30.698208550655536],[104.00754749760203,30.69727437004902],[104.00848000527503,30.698268015267374],[104.0086869208603,30.698070060224314],[104.00741940452724,30.696073370402708],[104.00714518475073,30.695713992803405],[104.00495956009259,30.69694708855087],[104.0039887676889,30.69511899528547],[104.00663117384626,30.693467023596934],[104.00699060878638,30.693180217617684],[104.0095446204585,30.69171860021709],[104.00904102580117,30.69099161798061],[104.0086685455082,30.690162157501987],[104.00794148514133,30.690484142224925],[104.0063979814127,30.691218559102403],[104.00474315167459,30.691944069495534],[104.00290823565831,30.69280856606416],[104.00256592959069,30.692163304709172],[104.00405940770415,30.690908594438657],[104.00357786675063,30.69021205207895],[104.00506136668744,30.68950801949779],[104.00539980203143,30.690138255980063],[104.00518350567057,30.689552656284498],[104.00511141782137,30.68947707150519],[104.0018972967768,30.691009324079793],[104.00127350279979,30.689963163758133],[104.00016153581261,30.688215383748375],[104.0034872482993,30.68700503906373],[104.00499809542636,30.68817076787502],[104.00550171146746,30.688517957188637],[104.00598827738426,30.688648536512645],[104.0072892667485,30.68873125548542],[104.00796824328309,30.688535766755912],[104.00818674150617,30.688269229040984],[104.00877733096576,30.686929195149414],[104.0091042952062,30.68606234948128],[104.00940661990388,30.6859741103567],[104.00973301648588,30.68603526288349],[104.01009343877725,30.68605933738071],[104.01054291899166,30.68594177454947],[104.01163974824276,30.68469433130727],[104.01207263218126,30.684510728463625],[104.01238739369255,30.684551375938227],[104.01252240540836,30.68489810470268],[104.01267542049196,30.685322110037244],[104.01300817533148,30.68542455391387],[104.01345776774512,30.685354112503443],[104.01385335097639,30.68514501577381]]]}},{"type":"Feature","properties":{"name":"太升路","district":"青羊"},"geometry":{"type":"Polygon","coordinates":[[[104.06567396859842,30.67485615893211],[104.06569083405655,30.67482541942754],[104.0765792309723,30.66976982835517],[104.07183931736184,30.662558702665304],[104.0716382041746,30.662185753213958],[104.07147799911816,30.661977385478767],[104.07107982231713,30.66128851260708],[104.07088304221338,30.66127355179361],[104.06503674267879,30.661042095410895],[104.06328718093137,30.660892250266688],[104.06325542243042,30.66508512045003],[104.06313600122655,30.671434255036754],[104.06567396859842,30.67485615893211]]]}},{"type":"Feature","properties":{"name":"外光华","district":"青羊"},"geometry":{"type":"Polygon","coordinates":[[[103.97305427308572,30.68806519416286],[103.97304863195374,30.67632871545582],[103.98763036318068,30.676099012465325],[103.9851152497238,30.671218575485916],[103.97816267584011,30.67182121883947],[103.94610359963069,30.671668785495317],[103.93272811428092,30.67514119012783],[103.9359598434182,30.66376736369884],[103.9330656648064,30.664232580430316],[103.93066883649233,30.66222218667165],[103.92927358252527,30.662583579872816],[103.92759163817621,30.66157755538051],[103.92705528529315,30.66216400486026],[103.92705588494377,30.662785916033094],[103.92791613584036,30.66446831599948],[103.92763049750084,30.66574018414967],[103.92569994947664,30.668213255547226],[103.92344382723401,30.669196160193803],[103.92122239229757,30.669377234064303],[103.92090096143264,30.67155032379354],[103.91785303834813,30.67322615985403],[103.90534237709873,30.677336040886136],[103.9048378169052,30.67845903649697],[103.90220693552051,30.678240957134605],[103.90065707250905,30.67891213323577],[103.89834883022534,30.678166193921754],[103.89737514235043,30.678645755196722],[103.89650965347515,30.680676672754586],[103.89470653863576,30.6825038130766],[103.89575403966056,30.684320647122252],[103.8995411736412,30.683086614888445],[103.90170512607942,30.683586603900586],[103.90422836648281,30.68243951852984],[103.90498632506574,30.688361339412655],[103.90790367959144,30.687712676476128],[103.90829964628702,30.68923072395254],[103.91092619246525,30.68886946481814],[103.91538355756006,30.695584373882998],[103.91778906003299,30.694771997395993],[103.91911681992433,30.697317036037425],[103.91724822077946,30.701755783504826],[103.91800086927664,30.70454716332007],[103.92115754948603,30.704983259666857],[103.92298296780818,30.70818356857065],[103.92570407397044,30.71024261964184],[103.9264566036936,30.71002994155916],[103.92831295304121,30.714912446267437],[103.9288430295492,30.721493324348977],[103.93306211707036,30.722058435376976],[103.9349202306189,30.72263586513562],[103.93559699391136,30.723884588820372],[103.93591952351669,30.723469648935428],[103.93862096944764,30.727154958735788],[103.94237590488984,30.72798066291283],[103.94259095077857,30.727441066943314],[103.94282464721496,30.72614132222636],[103.94444981598113,30.724489541005113],[103.94461103680385,30.723173846577687],[103.94534310713935,30.7228275772205],[103.94637739670374,30.722981312847974],[103.94726806107208,30.723723564178716],[103.94894402978366,30.724290209330494],[103.95122699432616,30.72427659501967],[103.95231538776189,30.723779099233706],[103.95254712907229,30.723332627306696],[103.95210197921695,30.72282988184459],[103.95180844457404,30.72257001339127],[103.95162148851234,30.721954884029927],[103.95157782510204,30.7209930110626],[103.95143539477027,30.720510392165686],[103.95136453243627,30.71992784575308],[103.95187341682436,30.719267435855087],[103.95297091335844,30.718608024090106],[103.95377399829185,30.71855690484134],[103.95546752271484,30.719509384761047],[103.95675217250955,30.718533267764244],[103.95817882052182,30.718643286590677],[103.95907288489327,30.71728853687215],[103.959215876789,30.716296878936216],[103.9590045340802,30.714061168166086],[103.9600754990736,30.713607247173595],[103.96249263565322,30.71418494743736],[103.96534885186846,30.71377395734285],[103.96799273371946,30.713294063567947],[103.96849576176741,30.711249125200396],[103.96821071309053,30.709634824918304],[103.96871253005837,30.707588721956604],[103.97018767778583,30.707538914627566],[103.97104520540523,30.7076655914168],[103.9706528466987,30.70676500805196],[103.97084930460122,30.706114050401844],[103.97140380647126,30.705711865868377],[103.97158347891079,30.704858866305106],[103.970547627748,30.703257925757445],[103.97044064134634,30.702404094694945],[103.97108482354413,30.701506634030302],[103.97233686334586,30.701214698394093],[103.97314142036106,30.70056423585482],[103.97346338671846,30.69954013166674],[103.97439456217379,30.698857899060233],[103.97562864904215,30.698314546389966],[103.97740140037786,30.69671213464712],[103.97305427308572,30.68806519416286]]]}},{"type":"Feature","properties":{"name":"外金沙","district":"青羊"},"geometry":{"type":"Polygon","coordinates":[[[103.97365596266263,30.676422244693093],[103.98791745807266,30.676716644171957],[103.99165489791858,30.682568681563005],[103.99553740969937,30.68890578287641],[103.9974872603758,30.69193000722687],[104.00069974894767,30.69953010849797],[103.99814546650592,30.70090193456449],[103.99885537507019,30.701913873680166],[103.99774036447094,30.702693847500136],[103.99853132878856,30.703486593461314],[103.9967868403524,30.704625836096334],[103.9970826796335,30.70504756778613],[103.99684047639441,30.705222541398832],[103.99675010402244,30.70573571872378],[103.9969298667043,30.706175397974725],[103.99635448830476,30.70644884311672],[103.9957609825343,30.706954266996494],[103.99491647282467,30.706091447368237],[103.99445860225914,30.70587380740696],[103.99375004364715,30.705264149597202],[103.991575655861,30.70675387110419],[103.99083031037766,30.70640729699541],[103.99008522805251,30.707239549852247],[103.98909751951882,30.706620397874687],[103.98739599263328,30.70855982583313],[103.98683630631284,30.70784035358252],[103.98589038475222,30.706973585087574],[103.98639276951047,30.706731716860965],[103.9866842092318,30.706910586410118],[103.98696681438832,30.706900612450518],[103.98736161421539,30.706430663679463],[103.98742469432923,30.706197127837722],[103.98730404484989,30.705915637895956],[103.98709343352895,30.705759023374387],[103.9866042044449,30.70564326846444],[103.98635767969043,30.705482908772883],[103.98603025597149,30.705382267829112],[103.98550111092673,30.705410392330098],[103.98529053779104,30.70531543957139],[103.9849683755818,30.704910672110827],[103.98475301871589,30.704520862103294],[103.98425137377825,30.703881638343784],[103.98415264572702,30.70375455425254],[103.98409486131925,30.703584147264543],[103.98416679508453,30.70344762913777],[103.9845122385134,30.703231803942828],[103.9848346997062,30.70310503181273],[103.98513518823401,30.703040339360673],[103.98536777942097,30.703038175526675],[103.9858618792334,30.703161355758162],[103.98657475737706,30.703189156879994],[103.98681638502511,30.703228608306596],[103.98713998959799,30.703132218534428],[103.98743571187573,30.702927124145837],[103.98762869793867,30.702498251909393],[103.98765209071269,30.701672496295974],[103.98768832437173,30.70108944177882],[103.98689874236267,30.700245546916573],[103.98719470402474,30.699326906080103],[103.98740153863135,30.699036815336683],[103.98786800778342,30.698892691995308],[103.98884585731068,30.699098142729067],[103.98932161650636,30.698494668641903],[103.98896354087321,30.69643517140265],[103.98840726020804,30.69575915833138],[103.98528562412059,30.69603994396251],[103.98365365286561,30.696612799314654],[103.9828656150758,30.69556438918482],[103.98130634172774,30.69624147013682],[103.98094742776301,30.695669869981273],[103.97810020867878,30.695542689189573],[103.97765261493464,30.696257684470606],[103.9733042048931,30.688406326872148],[103.97365596266263,30.676422244693093]]]}},{"type":"Feature","properties":{"name":"万家湾","district":"青羊"},"geometry":{"type":"Polygon","coordinates":[[[103.93296804825462,30.674108826961543],[103.93303961893129,30.674047565786527],[103.93673612984496,30.663738577643834],[103.93766462596794,30.66399789915079],[103.94009260454557,30.663719224718808],[103.94055582392959,30.663026525656488],[103.94030445927557,30.661935328216344],[103.94085676270768,30.660933908997794],[103.94299793916747,30.660947419630205],[103.94381966987392,30.661533900052582],[103.94382063976167,30.662543755226537],[103.9439990118036,30.663213175671537],[103.9453555183175,30.663527461727295],[103.94663861187799,30.663002968330776],[103.94749392056497,30.661586496963245],[103.95212905106985,30.660301419156376],[103.95436128019348,30.66326613377504],[103.95846401206913,30.663844957973115],[103.95933913384499,30.66519062836358],[103.95846709407778,30.66709847074422],[103.96098245885825,30.66695479886152],[103.96107083766199,30.665876869138547],[103.96281045279697,30.665062663741853],[103.96322882911515,30.664126533390665],[103.96403151828015,30.663962379482065],[103.96403252575237,30.66501922405572],[103.96749747619049,30.66494946888202],[103.96807717322726,30.66389680848122],[103.96735268392229,30.66325589162267],[103.96747777064846,30.663054643799956],[103.96689659220087,30.662485274386572],[103.9656099964165,30.66219676846011],[103.96489479578186,30.660529747473856],[103.96442807549737,30.657730545224606],[103.96632018405754,30.657403372954214],[103.96760782844987,30.658653045462927],[103.97339531822273,30.66402224854516],[103.97434271698744,30.663556743804577],[103.97472714130906,30.663610687127406],[103.97455807199552,30.66488453755567],[103.97570835339755,30.664876793640666],[103.97615558969204,30.66486119380686],[103.97779830124512,30.664581516754616],[103.97794819627029,30.661009268309552],[103.98009637889875,30.660853872701956],[103.98141279905944,30.66093153896661],[103.98250042175222,30.66442188526553],[103.98501478041892,30.67047362164194],[103.98211110572251,30.670636618160078],[103.97910225972255,30.671428803423623],[103.9738223810832,30.671578322806393],[103.95603647836045,30.67135637190575],[103.94694109756821,30.67127690477167],[103.94517621129708,30.671484523227768],[103.93554054190496,30.6739816862154],[103.93296804825462,30.674108826961543]]]}},{"type":"Feature","properties":{"name":"西南财大","district":"青羊"},"geometry":{"type":"Polygon","coordinates":[[[104.0196537989122,30.65602967516044],[104.01943740520183,30.654573372867777],[104.01838779915295,30.65674131280151],[104.01783248522882,30.658925359131572],[104.01745589908856,30.659630679603822],[104.0163774228017,30.659975331547106],[104.01341049599071,30.659764976562364],[104.01263601003882,30.659049494077408],[104.01214937602131,30.6578627851844],[104.01137491621913,30.657209512456028],[104.00959414058036,30.656404650870236],[104.00667894775972,30.655529020068375],[104.00631949937805,30.655489962653025],[104.00598135055749,30.66008587048875],[104.00577846919889,30.663598333371485],[104.00572740755405,30.66676789780838],[104.00657699646294,30.671953726639792],[104.00751527179263,30.674683101636546],[104.0187886976767,30.672659398526317],[104.0196537989122,30.65602967516044]]]}},{"type":"Feature","properties":{"name":"盐市口","district":"青羊"},"geometry":{"type":"Polygon","coordinates":[[[104.08137082448714,30.667436222119512],[104.08086136492844,30.667632219116804],[104.08050321761955,30.667805912270197],[104.08018293671483,30.668003998498644],[104.07687641906028,30.669568929122082],[104.07557993715749,30.667687305797415],[104.07202597623345,30.66236252007121],[104.07241835880043,30.662146392852534],[104.07195351031089,30.661413588261965],[104.07193519490052,30.66096738505007],[104.06505718716703,30.66060446990853],[104.06516262953315,30.659705188892943],[104.0649800904747,30.65892058472763],[104.06353452204708,30.65877520440834],[104.06360273280139,30.65515780050601],[104.06350813429215,30.65490545640391],[104.06310579908673,30.654907577789608],[104.06269550769413,30.654901624520118],[104.06155011663996,30.654957233145883],[104.06097807754497,30.65404835730331],[104.06047772147166,30.653311550519735],[104.0601204610787,30.652607778860066],[104.05962008546035,30.651840139236658],[104.05813596360305,30.64967704162238],[104.05948426506369,30.649671741324934],[104.0610191414441,30.649537788607656],[104.06355315618627,30.649178202793944],[104.06551724008017,30.649274360839218],[104.0674085911369,30.64896401051507],[104.0704516803976,30.648497315799787],[104.07155376505027,30.648478909367306],[104.07228626072478,30.648497839828366],[104.0723452741301,30.649023603775206],[104.07230959355515,30.6491630439293],[104.0724349077684,30.64927388177703],[104.07239922726387,30.649412323008793],[104.07245297967735,30.64952209790389],[104.07241734683197,30.64972352719097],[104.0724433305048,30.649913873593217],[104.07249723337364,30.650220610604585],[104.07256001856979,30.650440496912026],[104.07264965345784,30.650674777481505],[104.073114417687,30.651411490625012],[104.07433948193518,30.65306002805336],[104.07556489788641,30.65479317791367],[104.07719273050496,30.656866277444223],[104.08042378088724,30.661681931298215],[104.08196399059798,30.664091535729845],[104.0833822185893,30.666503550737453],[104.08137082448714,30.667436222119512]]]}},{"type":"Feature","properties":{"name":"优品道","district":"青羊"},"geometry":{"type":"Polygon","coordinates":[[[103.99788814141395,30.667455730001144],[103.9978519513108,30.66727038142353],[103.9977076504196,30.667023903395744],[103.9977073025336,30.66665096133546],[103.99763426208416,30.66558136296638],[103.99759709568285,30.664370161951762],[103.9973964810139,30.66382266755115],[103.99820578496897,30.66371572417213],[103.99901398021304,30.663413561369772],[104.0006761150152,30.66228176174595],[104.00212383960991,30.66275893441415],[104.00285237920471,30.66259028853779],[104.00345453713228,30.66212096792409],[104.00432476380038,30.660349632728913],[104.00409857222957,30.659344077121016],[104.00339701758591,30.658464525568487],[104.00324316576574,30.65771453735604],[104.00398876028085,30.6564265570374],[104.00591210989094,30.655574804665125],[104.00543863809047,30.666292518367218],[104.00554798573225,30.667610232980504],[104.00637952339916,30.671661587149714],[104.00152387283934,30.672141742496862],[104.00099883896713,30.66806807247408],[103.99803284297708,30.66813612712001],[103.99788814141395,30.667455730001144]]]}},{"type":"Feature","properties":{"name":"草金立交","district":"武侯"},"geometry":{"type":"Polygon","coordinates":[[[103.9816336258916,30.658168555040387],[103.98161614687758,30.658680591789423],[103.98174541253655,30.660376530502354],[103.97751827994502,30.660395915644408],[103.97723591339242,30.664186113501273],[103.97526664711407,30.66437529007161],[103.97533723023574,30.66319540536287],[103.97419201789882,30.663195780460878],[103.97346560134578,30.66360336837314],[103.96652544722704,30.656837800866683],[103.96398946674479,30.657316057471128],[103.96402763863252,30.659893968737155],[103.96517282785277,30.66235656386645],[103.96660171946783,30.662894361896736],[103.96699555887967,30.663051795591453],[103.96696015383404,30.663455518504946],[103.96742485113002,30.66386221799623],[103.96717480079235,30.664388672661286],[103.96449612445758,30.66452604127112],[103.96438902097796,30.66371731475918],[103.96299626497957,30.664047489731203],[103.96253304157683,30.66481917046125],[103.96088285602272,30.66560300269771],[103.96069728515238,30.66682789897253],[103.95878760870625,30.666869173144406],[103.95966089709931,30.66520216066888],[103.95862463626848,30.663598839310247],[103.95466382061223,30.663037146295142],[103.95239577790659,30.660010140572144],[103.94891953797328,30.660784089378264],[103.94800053951812,30.64954289394429],[103.95237193636248,30.64670131238872],[103.95268992229434,30.641642013074485],[103.9524436939,30.6384176520297],[103.9525681804468,30.634505773747435],[103.95945379134619,30.62876841256562],[103.96156099365221,30.62678332291542],[103.97474162096776,30.633254814995365],[103.97975578294867,30.624608255358822],[103.99615429861093,30.632127805232532],[103.99087809903335,30.64023140709975],[103.9838854098106,30.649843550404473],[103.9815225332414,30.654395825639018],[103.9816336258916,30.658168555040387]]]}},{"type":"Feature","properties":{"name":"川大","district":"武侯"},"geometry":{"type":"Polygon","coordinates":[[[104.07448543021368,30.622731632941694],[104.07452122178451,30.622732147279763],[104.08215383517765,30.62292784761361],[104.08158969620153,30.624186798927347],[104.08163547944773,30.626588098388492],[104.0825451267157,30.627668742802683],[104.08372784680952,30.629064597001314],[104.0858936445584,30.629614014859133],[104.0875563148134,30.629399869392284],[104.08983411340456,30.629705385725373],[104.0910711185087,30.631435503468044],[104.09130154863036,30.632895043533562],[104.09054210623177,30.63410460551194],[104.08958354202743,30.63656806609964],[104.08856272580755,30.63903849002092],[104.08615422662366,30.642156686120618],[104.08514056240934,30.64159072308507],[104.07366049907601,30.636013655480824],[104.07366049907601,30.636013655480824],[104.07444915617286,30.62366261334126],[104.07443172650207,30.62276184382107],[104.07448543021368,30.622731632941694]]]}},{"type":"Feature","properties":{"name":"川音","district":"武侯"},"geometry":{"type":"Polygon","coordinates":[[[104.06983712270748,30.647840157195546],[104.07253323903646,30.64775567041236],[104.0749975487624,30.647667548690887],[104.07575703129865,30.64739133543065],[104.08034845149024,30.644865180491028],[104.08305769445437,30.64372431964453],[104.0844808391496,30.643396918743534],[104.08523184435248,30.64299217706548],[104.086055574318,30.642183820317737],[104.08440622523179,30.641365760251823],[104.08150687081519,30.639968235406766],[104.07378579818914,30.636310374158313],[104.06418095377252,30.636026142241985],[104.06397023518005,30.64425349000573],[104.06378727943404,30.648726738773775],[104.0655622830932,30.64835723365027],[104.06983712270748,30.647840157195546]]]}},{"type":"Feature","properties":{"name":"簇桥","district":"武侯"},"geometry":{"type":"Polygon","coordinates":[[[103.9584020535637,30.626099851748496],[103.95843781256511,30.626069279472965],[103.95906261186845,30.62557962929563],[103.95931280236334,30.625721344955267],[103.95995409729547,30.626350022302272],[103.96143477955926,30.626954995314392],[103.96175672776282,30.626663290697763],[103.96714822399508,30.62919064272852],[103.97479840171276,30.632830969563138],[103.9796611291449,30.62448176472329],[103.98281409389728,30.625891144704518],[103.9827455124429,30.621481043613194],[103.98266453769827,30.62017538629655],[103.9857479251253,30.620894825395258],[103.98578492472541,30.61931039849168],[103.98653946856726,30.61830841982583],[103.98786896424546,30.616648017728938],[103.98876692830308,30.615473268479626],[103.99273712860165,30.612361212123222],[103.99815155823978,30.60655889442435],[103.9990683738574,30.606262978720256],[104.00079488361204,30.605968010139815],[103.99948678288985,30.60228028752047],[103.99884057117707,30.601142573905495],[103.99774556229245,30.59963972594676],[103.99648831563653,30.598448859898852],[103.99076179822917,30.594807888029962],[103.9964066670098,30.5894730624092],[103.99746733031594,30.589113387194047],[103.99858186629261,30.589125052906915],[103.99967840810854,30.589291464654913],[104.00200270382243,30.582755573197883],[103.99969949701733,30.58508153997771],[103.99588599478491,30.58890599735467],[103.98543643269305,30.589898122761248],[103.96793752554879,30.577784587046434],[103.96395377998121,30.57973132947448],[103.96138324869591,30.580577454487795],[103.96352241954077,30.585569754503645],[103.96480734579146,30.586961459532418],[103.96489468339121,30.589711546566335],[103.96544738021572,30.608742300664098],[103.96509028870769,30.609019487122886],[103.95666324870183,30.613158529633715],[103.95480160831052,30.621163065069094],[103.95663778559069,30.623671024582908],[103.9584020535637,30.626099851748496]]]}},{"type":"Feature","properties":{"name":"高攀","district":"武侯"},"geometry":{"type":"Polygon","coordinates":[[[104.0650838737129,30.614198777621247],[104.06512243116495,30.611046804564467],[104.06628346291306,30.610163521652094],[104.0785877710693,30.609215098133184],[104.08084093483465,30.60902519685332],[104.08340053527701,30.608628815154916],[104.08417003905946,30.608605599454712],[104.08461730240079,30.608780821297163],[104.08481055160112,30.610745752588347],[104.0837339944827,30.613654227439177],[104.08337475627772,30.615607291817373],[104.08156771061702,30.617678106223178],[104.08156673475398,30.619013637041615],[104.08253145099197,30.620825871014116],[104.0822799845802,30.622548807926773],[104.07445109531763,30.622494234127526],[104.07472500552461,30.614205348783084],[104.0650838737129,30.614198777621247]]]}},{"type":"Feature","properties":{"name":"高升桥","district":"武侯"},"geometry":{"type":"Polygon","coordinates":[[[104.03870224519387,30.644125620273893],[104.03875608929293,30.6441565356601],[104.03671281776278,30.643431448968634],[104.03479515783283,30.642274567234328],[104.0327508558823,30.640748875718238],[104.0293772645035,30.63819803384965],[104.03231927117747,30.635471565798603],[104.03447069746727,30.633035288636265],[104.03592617471435,30.631906106214227],[104.0374768805797,30.634017248403985],[104.03921880837899,30.636903121364583],[104.04172593938486,30.64066223022297],[104.03979376144764,30.642448001714506],[104.03870224519387,30.644125620273893]]]}},{"type":"Feature","properties":{"name":"广福桥","district":"武侯"},"geometry":{"type":"Polygon","coordinates":[[[104.03135520601244,30.646334630436524],[104.0313372154217,30.646303779198202],[104.03255422153107,30.6407342132223],[104.03608642272147,30.643262686714845],[104.03875619224316,30.644343489133966],[104.03877573987977,30.646982848516636],[104.03510301428912,30.646869976564474],[104.03336387272829,30.64684839602953],[104.03214408429153,30.64667060098704],[104.03135520601244,30.646334630436524]]]}},{"type":"Feature","properties":{"name":"航空路","district":"武侯"},"geometry":{"type":"Polygon","coordinates":[[[104.06466557327042,30.622444493995843],[104.06468344660081,30.622460751385617],[104.07446752587266,30.622747366883164],[104.07468708437297,30.614566294343355],[104.06483225210549,30.614371692127786],[104.06466557327042,30.622444493995843]]]}},{"type":"Feature","properties":{"name":"红牌楼","district":"武侯"},"geometry":{"type":"Polygon","coordinates":[[[104.02210505055312,30.645009882895856],[104.02194339959584,30.645113213052152],[104.014717639058,30.639931824533477],[104.00403295327925,30.635599574753375],[104.00390681441122,30.635525005241202],[104.00809748137999,30.631189094356706],[104.0102562272111,30.629454310860076],[104.01360240309842,30.627139318683735],[104.01692988451161,30.62541747559715],[104.0178100856016,30.62645885237546],[104.01897832228161,30.62779070722963],[104.02355946307516,30.632023423268812],[104.02528417913086,30.636194073843683],[104.02901868694804,30.638201491486054],[104.02492722511293,30.642254735873617],[104.02210505055312,30.645009882895856]]]}},{"type":"Feature","properties":{"name":"华西","district":"武侯"},"geometry":{"type":"Polygon","coordinates":[[[104.06356149345812,30.646855837973508],[104.06366766821166,30.645024837983406],[104.06391542886011,30.63918914258977],[104.06393258940805,30.63599048514583],[104.05661309550001,30.635812881657742],[104.05239159251845,30.635891759182517],[104.0498798285604,30.636956355284745],[104.0419522188055,30.64105441618191],[104.03970546063533,30.643253833902136],[104.03898945273728,30.644373178477103],[104.04355441336291,30.646224481113855],[104.04720298241968,30.646737198863736],[104.05285222164302,30.649360538833918],[104.05422999089457,30.650598558571104],[104.05543387702897,30.649579160037245],[104.05598727876175,30.64934464071982],[104.05758509530378,30.649162147536277],[104.05922740250826,30.648958459195274],[104.06137840886717,30.64903393261068],[104.06351115468554,30.64879366848815],[104.06356149345812,30.646855837973508]]]}},{"type":"Feature","properties":{"name":"丽都","district":"武侯"},"geometry":{"type":"Polygon","coordinates":[[[104.02916148905365,30.638076142492213],[104.02966375965794,30.637605539071327],[104.03261659788595,30.63420397579956],[104.03569064520086,30.631564377051298],[104.03542185462709,30.6312704489847],[104.032153562065,30.630575705359107],[104.03219855695676,30.630039617856383],[104.03317985153623,30.629141400065038],[104.03344146882299,30.628881448200744],[104.03336082423488,30.628711114977033],[104.03277826668736,30.627946130898565],[104.03310109960613,30.627672251866915],[104.03219598938884,30.62619530424278],[104.03176352492845,30.62557394424754],[104.03104712357197,30.62452410166279],[104.03073504610991,30.62400147510843],[104.0296325743986,30.62217098519747],[104.02781948075175,30.62311314747269],[104.02594305678582,30.62383342324855],[104.02448946905457,30.62184073122169],[104.02502848895735,30.621437747303304],[104.02397281612137,30.615721292972854],[104.02156833250527,30.612895589497057],[104.01790004656755,30.61506689584822],[104.01516517896899,30.617382260224616],[104.01209439217227,30.619946389010668],[104.01795324036428,30.626270524617265],[104.02359545749697,30.632022928407284],[104.02514018394652,30.635823026880384],[104.02916148905365,30.638076142492213]]]}},{"type":"Feature","properties":{"name":"龙湾","district":"武侯"},"geometry":{"type":"Polygon","coordinates":[[[104.00731674659926,30.655594691791375],[104.00846834593129,30.655875410321524],[104.01123941749724,30.656831136366982],[104.01206682058925,30.657359407073432],[104.01266160710837,30.658591074415252],[104.0133823133525,30.659602519646498],[104.0167185137327,30.659790390742813],[104.01727556296075,30.659408800861137],[104.01783161177406,30.65799349678045],[104.01834268826012,30.656649078762886],[104.01888967042484,30.655180217783656],[104.01923907686263,30.654304630229145],[104.01848372858107,30.654364053581908],[104.01744111823697,30.65442064615813],[104.01393525728754,30.654559997383448],[104.00954666748527,30.65481378783215],[104.00629080335608,30.65473662463875],[104.00614714654218,30.655314311681952],[104.00614714654218,30.655314311681952],[104.00731674659926,30.655594691791375]]]}},{"type":"Feature","properties":{"name":"双楠","district":"武侯"},"geometry":{"type":"Polygon","coordinates":[[[104.01993713695394,30.65035703894772],[104.02000916404451,30.65035589447105],[104.02006149347498,30.648041501550562],[104.02225246870033,30.64570862506131],[104.02916258852335,30.638449011314382],[104.03142282072474,30.639702829368247],[104.03249931842532,30.640720595340877],[104.03130132272395,30.646382045836646],[104.03221603674501,30.64679505689493],[104.03375813288746,30.646971004025083],[104.03872096834318,30.647061908659996],[104.0385121546553,30.654143905785865],[104.03745526639277,30.654022143816828],[104.03462303513146,30.65327210491983],[104.03302746389454,30.653296312395465],[104.0312885412239,30.653277846348086],[104.02963791838864,30.653308075530497],[104.02798674690584,30.653339508034424],[104.02525852927302,30.653277234986945],[104.02444983495472,30.65329966178339],[104.02286928649158,30.653543276284843],[104.02092834499429,30.653882952251287],[104.01974300907195,30.653963545928693],[104.01993713695394,30.65035703894772]]]}},{"type":"Feature","properties":{"name":"桐梓林","district":"武侯"},"geometry":{"type":"Polygon","coordinates":[[[104.05519122008724,30.615741143636942],[104.05519068905473,30.61640873147111],[104.05511702224698,30.620841310886775],[104.05514197327729,30.622394736947705],[104.06012048978202,30.622337331568875],[104.06429701153121,30.62242802646301],[104.06447288494887,30.616462060923016],[104.0645696289792,30.60937896186099],[104.0554114601304,30.60955857470922],[104.05519122008724,30.615741143636942]]]}},{"type":"Feature","properties":{"name":"外双楠","district":"武侯"},"geometry":{"type":"Polygon","coordinates":[[[104.00633956352578,30.652007106291652],[104.00619752672213,30.65454145226089],[104.00640884874747,30.65463336236087],[104.01184111275104,30.654622047389353],[104.01403434643358,30.654550178804726],[104.017019750044,30.654341907358763],[104.01934400120518,30.654159947296126],[104.01957402939787,30.65041384097565],[104.01989527388466,30.647815188136338],[104.02188923775502,30.645377040193523],[104.01795520813688,30.64249928031047],[104.01518525087356,30.64046621785822],[104.01119267633243,30.63886379431731],[104.00713028385472,30.6461319605215],[104.00668320757741,30.649743866843334],[104.00633956352578,30.652007106291652]]]}},{"type":"Feature","properties":{"name":"五大花园","district":"武侯"},"geometry":{"type":"Polygon","coordinates":[[[103.9831079364946,30.663283605335117],[103.98273057880371,30.662013574432162],[103.98238725641816,30.65870747365544],[103.98432084922565,30.656300802476782],[103.98654300220026,30.653950139469902],[103.98837105152246,30.651973295260568],[103.98926750972952,30.651139646114363],[103.99360712495994,30.646471642183393],[103.99403784017524,30.646053152775238],[103.99440595364841,30.646249399183393],[104.00378071853034,30.635822296073705],[104.01081424623045,30.638840007230225],[104.00680596090953,30.646216206747766],[104.00589518317824,30.654542279784017],[104.00354009128792,30.656203117507907],[104.00280457923022,30.65755283722575],[104.00296780328325,30.658698609580032],[104.0037063875011,30.65958551039674],[104.003797495661,30.660655642062846],[104.00262878686307,30.662199545217714],[104.00038036534373,30.661744224874198],[103.99906955690747,30.662932637515244],[103.99757818519849,30.663424609678994],[103.99716396167452,30.663384682694684],[103.9960863359354,30.6631227398062],[103.99558180909048,30.66269704217166],[103.9949333673451,30.66023777192672],[103.99545259867124,30.658272712444806],[103.99261199131573,30.65639067874888],[103.99121214363011,30.657047366944504],[103.99085385141436,30.658683001029623],[103.99243590716215,30.660555666694258],[103.99177270270964,30.66113904147304],[103.99026342290125,30.661004512599796],[103.9891175211912,30.663270709665138],[103.98856106037492,30.66326141618107],[103.98820111113399,30.662908681318502],[103.98811006630658,30.660658034688502],[103.98735562064574,30.660278565731115],[103.98660299828104,30.660643546918454],[103.98628228507994,30.662541579675924],[103.98604818384662,30.663102853774173],[103.98448884093541,30.663039407613454],[103.9838795460303,30.663557485730138],[103.9836463303502,30.66387033261008],[103.98337689304068,30.66385646220564],[103.9831079364946,30.663283605335117]]]}},{"type":"Feature","properties":{"name":"武侯祠","district":"武侯"},"geometry":{"type":"Polygon","coordinates":[[[104.03870117483157,30.652535881595668],[104.03869262845282,30.65304080837153],[104.03865763112354,30.65407368976728],[104.04433998996336,30.654024433597026],[104.04471498583791,30.653629861929392],[104.04528716527035,30.65336021370844],[104.04699505895152,30.653353702962413],[104.05101482796972,30.65437649770711],[104.05388123603963,30.650792798743275],[104.0537446919092,30.650333451347443],[104.05290511109052,30.649626010525896],[104.05172550570478,30.64907083429216],[104.04959859859119,30.64815308768573],[104.04752459057619,30.64705104504691],[104.04480621798452,30.646633572690384],[104.04301667970978,30.646255087201567],[104.04101197875241,30.645367335411173],[104.03916794513765,30.644513944469207],[104.03890222673485,30.649654130951507],[104.03870117483157,30.652535881595668]]]}},{"type":"Feature","properties":{"name":"武侯立交","district":"武侯"},"geometry":{"type":"Polygon","coordinates":[[[104.00387077889299,30.635540685512332],[104.00385276035679,30.635541028345585],[104.00043349392273,30.63964747339668],[103.99665997940215,30.643720495650356],[103.99432591135083,30.646180662445452],[103.99401980015543,30.64598444628221],[103.9893003397964,30.650957272649993],[103.98206999813539,30.658675643505006],[103.98169969935654,30.65511359456221],[103.98422287435058,30.650039693024354],[103.98753758871155,30.6455581086373],[103.99385519456084,30.636310791035214],[103.99673347855862,30.632097171983137],[103.99842261080047,30.629568302295915],[104.00676925360274,30.62372841922124],[104.01184309184382,30.619997101475334],[104.01680382361025,30.62534270273359],[104.01273839178052,30.627590161784635],[104.00851101110281,30.630761296006366],[104.00563355690453,30.633642646210703],[104.00387077889299,30.635540685512332]]]}},{"type":"Feature","properties":{"name":"新双楠","district":"武侯"},"geometry":{"type":"Polygon","coordinates":[[[103.99479215879852,30.63126021294449],[103.99626534522126,30.631935049856224],[103.99842269986655,30.62916448824747],[104.00554479016175,30.623938922005657],[104.01159104269706,30.619661069875335],[104.01706153411934,30.61502626401747],[104.02200316984177,30.61202369350419],[104.02230318569102,30.607872095544664],[104.02251472775988,30.603451076231725],[104.02837794413415,30.603351098849465],[104.02940981025004,30.603324896246495],[104.02932046088686,30.602806104442532],[104.02824237734309,30.595263996991573],[104.0142854235595,30.58492957796744],[104.00946351744497,30.587536992397002],[104.00277578354675,30.58205744569065],[103.99975147972717,30.58926416738209],[103.99683885398461,30.589407872815638],[103.99403331010245,30.591938569272642],[103.99086963745702,30.594904377431117],[103.99700943098185,30.598502073719498],[103.99923455831343,30.601383415760687],[104.00095590149928,30.606073980848976],[103.99843877686607,30.606491925727692],[103.99275512378483,30.612360948530668],[103.99003455671169,30.61454512388978],[103.98882201986353,30.615608479183063],[103.98768144022628,30.616856323818965],[103.98610123088416,30.618721075015003],[103.98556917302056,30.62097450513773],[103.98284409072974,30.620221052474516],[103.98294885724403,30.625717238762007],[103.98535056812004,30.626970340403094],[103.98936975711717,30.628821390547966],[103.9929964111176,30.630480081826857],[103.99479215879852,30.63126021294449]]]}},{"type":"Feature","properties":{"name":"衣冠庙","district":"武侯"},"geometry":{"type":"Polygon","coordinates":[[[104.04183744990948,30.640511416902],[104.04208344829784,30.640402801428074],[104.04953564637701,30.636802739369468],[104.04812271336334,30.63455652598771],[104.04663903669204,30.63223357642735],[104.04383148707689,30.627997570738618],[104.03873515320589,30.630412237166556],[104.03598504352703,30.631564020007794],[104.03564396608347,30.631057606239093],[104.03467649779833,30.629741631289175],[104.03444406960043,30.62953291649666],[104.03421063480712,30.62932125647384],[104.03373577621466,30.628795175197638],[104.03276255641565,30.629752838734095],[104.03451072917721,30.630810006144998],[104.0350125289788,30.631021431697622],[104.03557712646847,30.6311468488551],[104.03749125846745,30.63367047012384],[104.0399004995226,30.63747187295498],[104.04183744990948,30.640511416902]]]}},{"type":"Feature","properties":{"name":"玉林","district":"武侯"},"geometry":{"type":"Polygon","coordinates":[[[104.05623930082042,30.635570784783358],[104.05625716898429,30.635671944021375],[104.06400310198994,30.635837581330243],[104.0642531745773,30.62737684856789],[104.06430866225482,30.62293592575642],[104.0552044660419,30.622628318855643],[104.05509013825612,30.62284624161918],[104.05566671506986,30.62715231426615],[104.05604302584939,30.62976798062909],[104.05620149604414,30.632159358561427],[104.05618561835234,30.634366557364576],[104.05623930082042,30.635570784783358]]]}},{"type":"Feature","properties":{"name":"棕北","district":"武侯"},"geometry":{"type":"Polygon","coordinates":[[[104.06410643307473,30.635936072406935],[104.06428823194052,30.6359347642527],[104.07363964558763,30.636173293361562],[104.07355415360838,30.63616704722677],[104.07369630821009,30.636169121342665],[104.07371403782574,30.63456997519168],[104.07383926428777,30.63300341577152],[104.07383934542023,30.631604996476227],[104.0739647299033,30.630582259284253],[104.07398280408108,30.629556977975394],[104.07400099771495,30.628283828530293],[104.07409004146879,30.626483985566274],[104.07416195820288,30.625599467931945],[104.07428777633271,30.624327938055217],[104.07432025867557,30.622982118712955],[104.06453727421709,30.622711440799097],[104.06432014831242,30.6297587379566],[104.06410643307473,30.635936072406935]]]}},{"type":"Feature","properties":{"name":"城南宜家","district":"高新"},"geometry":{"type":"Polygon","coordinates":[[[104.05205190843452,30.6110884340644],[104.05482051701036,30.611162858984198],[104.05481365033565,30.609004186105977],[104.06434655897638,30.608913951266896],[104.06484569670998,30.60081373022973],[104.05731261622012,30.60086508392708],[104.0556270871342,30.60089080466918],[104.0541341108332,30.600921132782748],[104.05205527460384,30.60091520769378],[104.04626450313226,30.60109081462331],[104.04293682642788,30.601482305211366],[104.0401435145434,30.602379777535635],[104.05026649675676,30.610435172356734],[104.05205190843452,30.6110884340644]]]}},{"type":"Feature","properties":{"name":"大源","district":"高新"},"geometry":{"type":"Polygon","coordinates":[[[104.04635331350538,30.573663571559397],[104.05314395389124,30.574212698664407],[104.05535887337017,30.57181242576245],[104.05328730010073,30.570671417796277],[104.04635331350538,30.573663571559397]]]}},{"type":"Feature","properties":{"name":"大源-保利心语","district":"高新"},"geometry":{"type":"Polygon","coordinates":[[[104.0345089376869,30.54897813120156],[104.04351657327085,30.548936282040206],[104.04366672019336,30.538160155590898],[104.04164487959119,30.538156069253272],[104.04122803679746,30.532074962168647],[104.03449325833854,30.531996851254135],[104.0345089376869,30.54897813120156]]]}},{"type":"Feature","properties":{"name":"大源-南华路以西","district":"高新"},"geometry":{"type":"Polygon","coordinates":[[[104.02112242281319,30.553589419819488],[104.03426130499373,30.553457130658998],[104.03409840004042,30.53230995209453],[104.02469353993312,30.529225765556482],[104.01815359055428,30.529386026565515],[104.01873198334492,30.534415118292184],[104.01650881228359,30.5401758388623],[104.01428033784318,30.54170872789365],[104.00989094345165,30.540983287577642],[104.00910141277143,30.54242844578977],[104.01003736708242,30.543343442338788],[104.01701834318835,30.546636841881035],[104.02112242281319,30.553589419819488]]]}},{"type":"Feature","properties":{"name":"大源-世豪广场","district":"高新"},"geometry":{"type":"Polygon","coordinates":[[[104.03916798778741,30.563685653722857],[104.043785103045,30.562695341326624],[104.04365920097239,30.549192668334516],[104.03445526190706,30.54920339905994],[104.0345969413823,30.55820081870054],[104.03860989605062,30.558086398784084],[104.03916798778741,30.563685653722857]]]}},{"type":"Feature","properties":{"name":"大源-中央公园","district":"高新"},"geometry":{"type":"Polygon","coordinates":[[[104.04415478723949,30.55357085621746],[104.06632034800674,30.55379132140439],[104.06673315913235,30.535868667934444],[104.06135808351559,30.533067750744152],[104.06166257275943,30.534782938978033],[104.06164629462282,30.536571606728742],[104.05482694205402,30.5368103294282],[104.05455870938226,30.53587441500085],[104.05037880638463,30.53585010704589],[104.05038180479009,30.539083984869695],[104.04396727036797,30.539043030565058],[104.04415478723949,30.55357085621746]]]}},{"type":"Feature","properties":{"name":"大源-综合市场","district":"高新"},"geometry":{"type":"Polygon","coordinates":[[[104.03802912148886,30.560509073305187],[104.03907045807964,30.567563793783865],[104.04372368852988,30.56651126175702],[104.0436865830074,30.56283502286793],[104.039083309805,30.563798722403813],[104.03855213091255,30.558168478773254],[104.03439943803545,30.55827583695644],[104.03432439115613,30.553744764783787],[104.02109577674244,30.554048788433487],[104.02350548201554,30.55763629431514],[104.02564618135938,30.5641211189984],[104.03802912148886,30.560509073305187]]]}},{"type":"Feature","properties":{"name":"东苑","district":"高新"},"geometry":{"type":"Polygon","coordinates":[[[104.07563828221313,30.600927702649958],[104.07863664392958,30.60045554083817],[104.078582897531,30.601425203009878],[104.07861780744925,30.6022880810485],[104.07890292683844,30.602695477798814],[104.07919694368726,30.603172904058088],[104.08068939545548,30.604418449801997],[104.08183283485252,30.604741549111534],[104.08361275033305,30.605266477505914],[104.08441719481418,30.606609674621485],[104.08482431764655,30.607914748065284],[104.08462978409175,30.60817270663048],[104.08286669931634,30.608286611345807],[104.08189171973888,30.60846973744636],[104.07823509148879,30.608712838337713],[104.07515795342472,30.60864680361728],[104.07563828221313,30.600927702649958]]]}},{"type":"Feature","properties":{"name":"芳草","district":"高新"},"geometry":{"type":"Polygon","coordinates":[[[104.04968277969749,30.6363810174011],[104.04979920662086,30.636669821747823],[104.05014729339763,30.636516642457178],[104.05254257057986,30.6354064137481],[104.0560607385109,30.635475485641816],[104.05584633857424,30.633795707488343],[104.0557108299073,30.62963767211352],[104.05544405977213,30.62723570353788],[104.05488480006672,30.622805113563725],[104.04895187729855,30.625396280289667],[104.04616226229842,30.626947469767757],[104.0441760192704,30.627917710063425],[104.0451503136852,30.629571607453364],[104.04533841167223,30.629820294260426],[104.0458927014305,30.63080938275367],[104.04601808873353,30.63101889828848],[104.04620517811743,30.63127671581439],[104.04689380293534,30.632150008846605],[104.04968277969749,30.6363810174011]]]}},{"type":"Feature","properties":{"name":"孵化园","district":"高新"},"geometry":{"type":"Polygon","coordinates":[[[104.04419380811602,30.584639348122586],[104.06542221002577,30.58508700079551],[104.06607832308994,30.568399870477187],[104.06468644806773,30.568231052994495],[104.06313267596862,30.568146181851823],[104.060223763241,30.568221988837553],[104.05733136798237,30.56847105327109],[104.05443929352384,30.56892710701709],[104.04339368449175,30.572237570069777],[104.04403666625838,30.578454926198884],[104.04419380811602,30.584639348122586]]]}},{"type":"Feature","properties":{"name":"高朋","district":"高新"},"geometry":{"type":"Polygon","coordinates":[[[104.03515304650459,30.63103870496101],[104.03414559875726,30.630429117616387],[104.03274459520914,30.629726970558607],[104.03319778865679,30.62927722479253],[104.03343932024052,30.629159779006574],[104.0336117845328,30.628919246625024],[104.03342359270825,30.62864084542367],[104.03296653770805,30.627975949835427],[104.03324453477721,30.627694638410354],[104.03252769065821,30.626379329362866],[104.03237534162515,30.62614744346617],[104.03231038646443,30.626041712541138],[104.03095748165957,30.624033093113034],[104.0296533652514,30.621963631644498],[104.02785385415991,30.62286812712522],[104.02604482347621,30.623651301495393],[104.02517897808447,30.62225277375736],[104.0256691180472,30.621586020257894],[104.02563321003028,30.621458535443992],[104.02645498189545,30.62102887175438],[104.02848348093194,30.620661778017094],[104.03122474456859,30.61930057782186],[104.03344992702424,30.61752294794223],[104.03598707895195,30.616105153290768],[104.03912849752462,30.620801590923932],[104.03973689762141,30.62174857178462],[104.0404697575739,30.622803842477207],[104.04120361184455,30.623728673113266],[104.04218711105584,30.62539099189453],[104.04310781885997,30.627008059992736],[104.04266041387123,30.627822669027847],[104.0416352965053,30.628443740836012],[104.03592361725794,30.63140813947286],[104.03552043783046,30.631099193287852],[104.03515304650459,30.63103870496101]]]}},{"type":"Feature","properties":{"name":"高升桥","district":"高新"},"geometry":{"type":"Polygon","coordinates":[[[104.03870224519387,30.644125620273893],[104.03875608929293,30.6441565356601],[104.03671281776278,30.643431448968634],[104.03479515783283,30.642274567234328],[104.0327508558823,30.640748875718238],[104.0293772645035,30.63819803384965],[104.03231927117747,30.635471565798603],[104.03447069746727,30.633035288636265],[104.03592617471435,30.631906106214227],[104.0374768805797,30.634017248403985],[104.03921880837899,30.636903121364583],[104.04172593938486,30.64066223022297],[104.03979376144764,30.642448001714506],[104.03870224519387,30.644125620273893]]]}},{"type":"Feature","properties":{"name":"桂溪生态公园西区","district":"高新"},"geometry":{"type":"Polygon","coordinates":[[[104.05551965770802,30.568480338155215],[104.05771587422335,30.56811097894718],[104.06006275950499,30.567939872572286],[104.06580108232006,30.56805379376323],[104.0663115646527,30.553993167202037],[104.0441240255438,30.55370374217377],[104.04400926518946,30.55602711689756],[104.04748319795458,30.556148150959228],[104.04798011219822,30.55673416924495],[104.04846297013921,30.557211295106505],[104.04847216554715,30.557577306433824],[104.04819099374429,30.558177337676778],[104.05430092834479,30.558261993798716],[104.05439324037299,30.5638439456016],[104.05551965770802,30.568480338155215]]]}},{"type":"Feature","properties":{"name":"华阳","district":"高新"},"geometry":{"type":"Polygon","coordinates":[[[104.04422416322872,30.5347160536752],[104.0440207854591,30.53877521033666],[104.04487997630429,30.538747269448976],[104.04595311152946,30.538813953741734],[104.04997468304221,30.538730708944243],[104.04993824878433,30.538062448778327],[104.05008092405474,30.537472610664466],[104.05004465711927,30.53697434321322],[104.05023936149722,30.53562297800545],[104.05149040771929,30.535602704812455],[104.05483081708168,30.53560543497376],[104.05493404134063,30.536539537453486],[104.05606308163988,30.536517521912263],[104.05713436730667,30.53650346977945],[104.05778625112903,30.536515626622545],[104.0581290545655,30.536501997218302],[104.0590402246121,30.536519865520834],[104.06109281039741,30.536446822889985],[104.0609472988331,30.53250203715839],[104.06662530442287,30.535245071743578],[104.06701001530585,30.524861878566526],[104.06710833316167,30.522867670192056],[104.06753430554937,30.51506777466079],[104.06788309603216,30.506783698281236],[104.06431315293636,30.5076326100536],[104.06389389640624,30.507680393667588],[104.06347462218397,30.507791190635242],[104.06264402903025,30.507981032969614],[104.06093909065298,30.50837666908801],[104.06033300017941,30.508524229946737],[104.05986497657595,30.508773756961226],[104.05902528610515,30.509268341964376],[104.0587221953886,30.509447293078022],[104.05849859869235,30.50959232721911],[104.05843201281658,30.509653442303183],[104.05836940562648,30.509691618486272],[104.05826705186229,30.509729283641512],[104.05807028506,30.509842717206517],[104.0576598478637,30.51009441649214],[104.05605675086956,30.51112049243452],[104.0543331843693,30.512134642999747],[104.05378842263369,30.512494719172036],[104.0532794223039,30.512792361277548],[104.05221659296457,30.513435702510293],[104.05019793200834,30.51464657062456],[104.0439046570657,30.51439290724505],[104.04076410199342,30.5140145070042],[104.038937405023,30.514139262859093],[104.03745100777242,30.51431305091335],[104.03856206756534,30.517343005389595],[104.03952976616101,30.52025030217861],[104.03983418436313,30.52140092109994],[104.04021135921222,30.522489637818214],[104.04062357021948,30.523842465488357],[104.04124148081817,30.525893523991765],[104.04205680369341,30.528080229068532],[104.04262181448524,30.52979906678521],[104.04323154269683,30.531363327393333],[104.0439492197115,30.533418229139823],[104.04419061362329,30.533924982973943],[104.04422416322872,30.5347160536752]]]}},{"type":"Feature","properties":{"name":"火车南站","district":"高新"},"geometry":{"type":"Polygon","coordinates":[[[104.06506981484317,30.608899735711248],[104.0748893401257,30.6087988797059],[104.07532635532681,30.60063549722949],[104.06522062706543,30.600438583249666],[104.06506981484317,30.608899735711248]]]}},{"type":"Feature","properties":{"name":"锦城湖","district":"高新"},"geometry":{"type":"Polygon","coordinates":[[[104.03605114570047,30.57920398875374],[104.04127206062147,30.57774271183749],[104.04222944495227,30.57754196521988],[104.04366956145827,30.57750623530937],[104.04343822745268,30.57470876056698],[104.04311584580859,30.57207392701338],[104.05538548782033,30.56852578627921],[104.05425900409159,30.5637335183018],[104.05413201922772,30.558385158691156],[104.04811940744807,30.558254856824597],[104.04840447994718,30.557525855225617],[104.04835950417333,30.557214595923767],[104.04816336486323,30.557003322800732],[104.04732201117663,30.55616718678721],[104.04398739280442,30.556074041948925],[104.04382228994152,30.56659753154909],[104.03205436012087,30.569506144231205],[104.03605114570047,30.57920398875374]]]}},{"type":"Feature","properties":{"name":"警院","district":"高新"},"geometry":{"type":"Polygon","coordinates":[[[104.01808651299548,30.5354338491294],[104.01732204344744,30.53546484462982],[104.01502304936936,30.537495310942028],[104.004075060496,30.522100510144906],[104.01357064350323,30.51980342482531],[104.01717462215817,30.53155854516592],[104.01787005041288,30.535064514574447],[104.01808651299548,30.5354338491294]]]}},{"type":"Feature","properties":{"name":"金融城","district":"高新"},"geometry":{"type":"Polygon","coordinates":[[[104.04910644311259,30.590771081779046],[104.0483026631002,30.59071050583536],[104.04691767994368,30.590594080958926],[104.04570143609276,30.590625866627455],[104.04327714739287,30.590586209881938],[104.0402209248144,30.590557502485847],[104.03606903923382,30.579350851142443],[104.04180005907438,30.57772826117077],[104.04385771219407,30.57765472691927],[104.04410515683279,30.58469402651534],[104.06541322300068,30.58515582884265],[104.06538174282434,30.591136924904355],[104.0634365778111,30.591092093046477],[104.06146557019329,30.591084122158705],[104.05800604371706,30.590914196667413],[104.05745255752834,30.590907203945537],[104.05627389889874,30.590954773119734],[104.05425626519828,30.590900878296626],[104.05105884845962,30.590807689303265],[104.04910644311259,30.590771081779046]]]}},{"type":"Feature","properties":{"name":"金融城三期","district":"高新"},"geometry":{"type":"Polygon","coordinates":[[[104.06547123876675,30.600193503223547],[104.07886584199503,30.60010871990678],[104.07925252591264,30.597574307412295],[104.08045279401621,30.59547649979033],[104.08091842417063,30.59464359553728],[104.0801502073324,30.593438115342224],[104.0776483108962,30.592956397919696],[104.07657684495103,30.59213339696279],[104.07543535732188,30.589678969926066],[104.0752758595573,30.587687868490853],[104.07609955224191,30.5858664495399],[104.07658672459121,30.58457188178638],[104.07846029197519,30.58192930979488],[104.09002201822805,30.581948338156092],[104.08966585796686,30.576881515381206],[104.076711399556,30.57755498055335],[104.07608576957382,30.577822229154922],[104.07615763126103,30.576945604240557],[104.07616174711025,30.57641688270245],[104.0766353856483,30.57525389190998],[104.07726614251608,30.574104918111807],[104.07836052139747,30.57180026965292],[104.07940620847026,30.571160885039728],[104.07973648462725,30.569758463875054],[104.07959413567886,30.56932982213649],[104.07638984945628,30.568777753201314],[104.0719070607728,30.568418109415195],[104.0662829700838,30.56833297866023],[104.06547123876675,30.600193503223547]]]}},{"type":"Feature","properties":{"name":"凯德世纪名邸","district":"高新"},"geometry":{"type":"Polygon","coordinates":[[[104.03200044566186,30.569420566754193],[104.03884721062205,30.56770403472114],[104.03780486531141,30.560633540885384],[104.02935267696034,30.56314860999294],[104.03200044566186,30.569420566754193]]]}},{"type":"Feature","properties":{"name":"庆安","district":"高新"},"geometry":{"type":"Polygon","coordinates":[[[104.02931131225893,30.594116057245945],[104.03977694161183,30.602374509585683],[104.0221162244677,30.612517352838463],[104.02281548650542,30.603675604184257],[104.02965621648022,30.603598393218405],[104.0301724716527,30.602697321181903],[104.02857430086533,30.594992759156415],[104.02931131225893,30.594116057245945]]]}},{"type":"Feature","properties":{"name":"神仙树","district":"高新"},"geometry":{"type":"Polygon","coordinates":[[[104.04729319389367,30.625753227677205],[104.0472757513338,30.62458871693689],[104.04706132289448,30.62346905749413],[104.0461960742505,30.62234800974158],[104.04579722300238,30.62185534072753],[104.04561422449368,30.62159064111969],[104.04547605538461,30.621259205128066],[104.0453780726079,30.620327300056253],[104.04537867875449,30.619387842213225],[104.04564997444518,30.615926120635947],[104.04651984344338,30.61245159112809],[104.04654730232717,30.61180715100977],[104.04651179724675,30.61145818879003],[104.04524253423617,30.611677009963664],[104.0366686029524,30.615659995239],[104.03711569556566,30.616481114779624],[104.03792129339556,30.617846262514103],[104.03888698590414,30.61969251184336],[104.04139089973339,30.623744823809975],[104.04382360216584,30.627694689958464],[104.04729319389367,30.625753227677205]]]}},{"type":"Feature","properties":{"name":"世纪城","district":"高新"},"geometry":{"type":"Polygon","coordinates":[[[104.0660246254585,30.568112144252712],[104.07428275526344,30.568220120434145],[104.07624261365251,30.568457810677995],[104.07627811863702,30.567012706643375],[104.07622401966329,30.56558132673969],[104.07575918932044,30.564332145614713],[104.07591967544045,30.562841717034367],[104.07749135580515,30.5613555232481],[104.0784917763441,30.560730836519618],[104.07936697547514,30.56007414604084],[104.08017090973934,30.558218412012472],[104.08084906959472,30.55727870959319],[104.0814032934821,30.55695824903294],[104.08220825584388,30.556322472301265],[104.08049363342299,30.55438281094595],[104.07795478827595,30.55366577955747],[104.07488138165519,30.553188495295785],[104.07238047480791,30.55225009806244],[104.07166551873955,30.551835471081244],[104.0712002764273,30.55052260018369],[104.07198504304979,30.548979469982427],[104.07323089290014,30.54514114904172],[104.07358784280929,30.544182425816654],[104.07540830717505,30.543213639780124],[104.07794489869507,30.542688371584017],[104.07969541266408,30.54104689775421],[104.08032178386036,30.54147456995491],[104.08178838768335,30.54188078153541],[104.0848675928454,30.54379392635535],[104.08594117011305,30.543197803143297],[104.08397116088894,30.541842215217784],[104.08193046222267,30.540529447010595],[104.07955088830863,30.539750153520743],[104.07841498753697,30.539067694871232],[104.07648463784507,30.53835686978961],[104.07480454414001,30.537727317762343],[104.07296865191412,30.536926685001394],[104.07214215678057,30.536358467264193],[104.07137398493921,30.53534803787492],[104.07069915549722,30.534163954513975],[104.06975620214368,30.533099758877515],[104.06871993155751,30.532015098883324],[104.0674473066141,30.530937841279933],[104.0667059358332,30.55393613690594],[104.0660246254585,30.568112144252712]]]}},{"type":"Feature","properties":{"name":"石羊","district":"高新"},"geometry":{"type":"Polygon","coordinates":[[[104.03999537051968,30.60205703337337],[104.04427776281895,30.600899508160765],[104.03367701563134,30.574868484204607],[104.02834887863702,30.576535371169644],[104.02589847095075,30.577596548970693],[104.02348289782756,30.578754494953515],[104.02116431321159,30.579992679086562],[104.01900694684349,30.581308219077943],[104.01500562821722,30.584057963258026],[104.02113589286894,30.58865437853887],[104.02433145159063,30.591419962634046],[104.02813506347599,30.59466751322287],[104.02975081609358,30.59406096013957],[104.03999537051968,30.60205703337337]]]}},{"type":"Feature","properties":{"name":"市一医院","district":"高新"},"geometry":{"type":"Polygon","coordinates":[[[104.0443275335788,30.60091067162095],[104.04031946017544,30.59069141213218],[104.04846273089409,30.590837506840042],[104.06523447043325,30.59140655391127],[104.06512853350195,30.59626692448842],[104.06505283810957,30.600335140192808],[104.05791212488752,30.600576823400974],[104.0475815686925,30.60063149335448],[104.0443275335788,30.60091067162095]]]}},{"type":"Feature","properties":{"name":"天府长城","district":"高新"},"geometry":{"type":"Polygon","coordinates":[[[104.07555000260811,30.600716600480254],[104.07784570606475,30.600492164440183],[104.07637191587303,30.600238379718782],[104.07555000260811,30.600716600480254]]]}},{"type":"Feature","properties":{"name":"新北","district":"高新"},"geometry":{"type":"Polygon","coordinates":[[[104.02483748940807,30.61581597140804],[104.02568725055215,30.621340935600273],[104.02657594292708,30.62095849510687],[104.02845253440162,30.62062711447015],[104.03113590849937,30.61926631143747],[104.03349494680903,30.617370766644985],[104.03737687088652,30.615317116781043],[104.04522383533038,30.61144508119965],[104.04642748558616,30.611154943579415],[104.046528379387,30.60769974679322],[104.04100912628536,30.603592128398557],[104.0402763625851,30.60303231854919],[104.02228061393465,30.612652208833733],[104.02483748940807,30.61581597140804]]]}},{"type":"Feature","properties":{"name":"新川北","district":"高新"},"geometry":{"type":"Polygon","coordinates":[[[104.11923206194028,30.532344765494898],[104.11949026168409,30.534548084121788],[104.11927733157434,30.53808694289911],[104.1181968293733,30.5413146664911],[104.1157065284037,30.543151041692017],[104.11033959745525,30.542030770494232],[104.10632168745073,30.542080065476966],[104.10211882916049,30.542078526462067],[104.10021195357393,30.542092212922878],[104.09857618192747,30.542079771776876],[104.09531605887379,30.54207040166485],[104.09197932186613,30.542122119499382],[104.09004223576545,30.542081140106077],[104.08804465432154,30.542308879554565],[104.08614719464865,30.54291561806661],[104.08255204383644,30.540835337025705],[104.0816575029404,30.54034335576738],[104.08053939405954,30.540058257929562],[104.07859908492347,30.539116079906655],[104.07298643473469,30.536806953472677],[104.07235186975419,30.5363535872367],[104.07188725407106,30.5358416944494],[104.07016284962347,30.533366901966406],[104.06760725017811,30.53091727230828],[104.06786285662584,30.52553273658212],[104.07816751695002,30.525651526748828],[104.0868087439222,30.5258153635225],[104.1044221034836,30.52577079576206],[104.11094347756608,30.52596769540675],[104.11306251500977,30.525735260809455],[104.1150928343567,30.525019555256677],[104.11613951586233,30.524781544571063],[104.12218868736659,30.524651267074525],[104.11877869854852,30.52973817062261],[104.11923206194028,30.532344765494898]]]}},{"type":"Feature","properties":{"name":"新川南","district":"高新"},"geometry":{"type":"Polygon","coordinates":[[[104.06779614011545,30.52527875663322],[104.0683471273387,30.516316439260347],[104.06834703354434,30.51563217515593],[104.06834694368442,30.51468353920926],[104.06838261619941,30.514155335675227],[104.06838259947769,30.513471077258064],[104.06848972348362,30.512539629187035],[104.06848975442529,30.51199533605797],[104.06848980723827,30.511388839384583],[104.0685434332427,30.510783158460377],[104.06852566814815,30.510207495457692],[104.06858826512597,30.509563075354613],[104.06857055446612,30.508909659885763],[104.06858858105193,30.508210135878116],[104.06862440557254,30.507775251347404],[104.0686424779164,30.507060179222805],[104.0686784616666,30.506252074893812],[104.06885837278736,30.503113523817387],[104.0690571508431,30.49915107850242],[104.06918224500484,30.498966369204265],[104.06963600761803,30.49897162553569],[104.070285887565,30.49899746449346],[104.07072515374786,30.49897211516668],[104.0716176109255,30.498985531109195],[104.07222488704988,30.49899459620312],[104.07285009722348,30.499003862873394],[104.07351114226886,30.499013575899216],[104.07411757485609,30.499007406243997],[104.07508895115497,30.499021340987866],[104.07566965648633,30.49902954097886],[104.07633100254431,30.498991770019504],[104.07656682195207,30.499307876298822],[104.07676279892264,30.50016585459697],[104.07684280905244,30.500788978855866],[104.07694984949048,30.501070350218995],[104.07776297635608,30.501057946368928],[104.07831701918907,30.50108856340709],[104.0790677603734,30.501113784322968],[104.07982754710838,30.501146637314783],[104.08085569279551,30.50117463525484],[104.08155317442957,30.501190546035172],[104.08211686504183,30.50078483330997],[104.08356661819539,30.499898476521125],[104.08392466595411,30.499676648536685],[104.0843991283818,30.499385910103754],[104.08490056029258,30.499009757594585],[104.08540725311873,30.498904263346258],[104.08604304052905,30.49890196178401],[104.08666101358712,30.4988682552842],[104.08713549893004,30.49888012420158],[104.08761006109046,30.498868847572783],[104.08804879357442,30.4988481528635],[104.0884247404888,30.49884286945224],[104.08875682052842,30.49886916918158],[104.08923162275352,30.498817359323496],[104.08953586323916,30.498819299199102],[104.08976031967296,30.498820686147422],[104.09000176173429,30.498807143009746],[104.09020829992694,30.498792355919495],[104.09035199007432,30.49877618350489],[104.09056652018903,30.498777377853195],[104.09033214788157,30.49861914599173],[104.09032645525632,30.49821830571452],[104.09294606279498,30.496364426181305],[104.09456121066087,30.496213335594135],[104.09747066653631,30.49615476215864],[104.10437606474261,30.496011614785207],[104.10398261410315,30.499617934941543],[104.10369289138185,30.503258757166247],[104.10347552847392,30.505342950363886],[104.10610421860991,30.504519058975795],[104.10999086464139,30.503681886447865],[104.11226569910261,30.499429860256093],[104.11843764753469,30.499292088359763],[104.12139751816254,30.503884420809317],[104.11665644593366,30.505494961021324],[104.11974245184972,30.510927346127044],[104.11773855081289,30.517936885775985],[104.12308710235244,30.52346022879907],[104.12231131185433,30.524544487981267],[104.11617057879748,30.524629169484598],[104.11276117898511,30.52554063225632],[104.110849007119,30.525747661356046],[104.06779614011545,30.52527875663322]]]}},{"type":"Feature","properties":{"name":"衣冠庙","district":"高新"},"geometry":{"type":"Polygon","coordinates":[[[104.04183744990948,30.640511416902],[104.04208344829784,30.640402801428074],[104.04953564637701,30.636802739369468],[104.04812271336334,30.63455652598771],[104.04663903669204,30.63223357642735],[104.04383148707689,30.627997570738618],[104.03873515320589,30.630412237166556],[104.03598504352703,30.631564020007794],[104.03564396608347,30.631057606239093],[104.03467649779833,30.629741631289175],[104.03444406960043,30.62953291649666],[104.03421063480712,30.62932125647384],[104.03373577621466,30.628795175197638],[104.03276255641565,30.629752838734095],[104.03451072917721,30.630810006144998],[104.0350125289788,30.631021431697622],[104.03557712646847,30.6311468488551],[104.03749125846745,30.63367047012384],[104.0399004995226,30.63747187295498],[104.04183744990948,30.640511416902]]]}},{"type":"Feature","properties":{"name":"中德","district":"高新"},"geometry":{"type":"Polygon","coordinates":[[[104.10914125842545,30.52582169685195],[104.10946131361592,30.525861826159673],[104.10949029085494,30.521612168181306],[104.10921139280212,30.52162167352074],[104.10914125842545,30.52582169685195]]]}},{"type":"Feature","properties":{"name":"中和-府河东","district":"高新"},"geometry":{"type":"Polygon","coordinates":[[[104.07652404894759,30.568406711287455],[104.0892675004424,30.570791262747903],[104.08925845590745,30.56990448540792],[104.08985880993437,30.56862663344192],[104.09023569002132,30.567385206328257],[104.08896282531073,30.567470241815496],[104.0887558829693,30.565650306968806],[104.08832543771705,30.563898690929044],[104.0911666099706,30.563916085190314],[104.09421396526865,30.559987576434956],[104.0957295978515,30.558264917661255],[104.09241327594025,30.55663099914351],[104.09371205099592,30.554785830112312],[104.09118812604356,30.554763632742258],[104.09117450376449,30.555226515039877],[104.08573018628186,30.552245403375846],[104.08535083039874,30.553835807455417],[104.08449300699868,30.555118525808986],[104.08266818467679,30.55620254808405],[104.08104125543223,30.55739696431722],[104.07975595295736,30.559900038533662],[104.0786123195634,30.561036343113866],[104.0760044786066,30.56348776222161],[104.07646977195377,30.565950630352027],[104.07652404894759,30.568406711287455]]]}},{"type":"Feature","properties":{"name":"中和-利州大道西","district":"高新"},"geometry":{"type":"Polygon","coordinates":[[[104.08945601986986,30.57067551003678],[104.09311386254483,30.570973527134143],[104.09688361942185,30.57107408135413],[104.11098415640275,30.570164871000454],[104.11145243902129,30.564105725034892],[104.10690693529114,30.558246892915317],[104.10491259745405,30.558756974952967],[104.10360312411848,30.55873701288313],[104.10037917389171,30.55874868180799],[104.09717127729097,30.558725056353307],[104.09593652676138,30.558351182088455],[104.09349648573397,30.561182269614264],[104.09122952820363,30.564025377466617],[104.08841522451857,30.563993311475517],[104.08883668179577,30.565697847452416],[104.0890794978473,30.567370047047703],[104.09035143498097,30.567408861745427],[104.09002043387272,30.568650593884083],[104.08942003913828,30.569812553520663],[104.08937519189571,30.570248130915324],[104.08945601986986,30.57067551003678]]]}},{"type":"Feature","properties":{"name":"中和西","district":"高新"},"geometry":{"type":"Polygon","coordinates":[[[104.08223902730064,30.556190831046486],[104.082346143176,30.555616088033613],[104.08012688518168,30.553740426377264],[104.07835724190527,30.553112115579356],[104.0761590091325,30.55303550354077],[104.07296090781786,30.55219669472782],[104.07197779820552,30.550907217719065],[104.0729932072182,30.5482164757087],[104.07409692589688,30.544282826659284],[104.07554275480086,30.543433524716917],[104.07815101560195,30.54289307546414],[104.07966870366756,30.54121355835061],[104.08028601803217,30.541540133148608],[104.08131440772412,30.541754342519923],[104.08176156670743,30.541942474079903],[104.08216001693359,30.542164952385114],[104.08283549469108,30.542564339428704],[104.08349320174023,30.54301527501712],[104.08414703083757,30.543468911907603],[104.08469827067671,30.54383930233626],[104.08486365631504,30.54384488667219],[104.08600401771129,30.543264353563305],[104.08695363719508,30.544057353469896],[104.0876353834292,30.544949698613948],[104.08782478743574,30.54596909041757],[104.08774491429678,30.546917441448624],[104.08686818532053,30.54861343189465],[104.08543047585509,30.55251866204359],[104.0851366002459,30.55382581833858],[104.08460041560846,30.55487759824573],[104.08359878877565,30.555474499484284],[104.08223902730064,30.556190831046486]]]}},{"type":"Feature","properties":{"name":"中和-张家寺东","district":"高新"},"geometry":{"type":"Polygon","coordinates":[[[104.09603044365002,30.558304302707093],[104.09727922729725,30.55867808533783],[104.10230311395351,30.55865671107227],[104.10492160419774,30.55873792478831],[104.10675853938605,30.55822797274602],[104.10636198242977,30.55737588444904],[104.11077119538191,30.550746276171367],[104.11909193112912,30.551657123299645],[104.12044238821602,30.547517400504653],[104.12475996235723,30.546863190037513],[104.1247579949309,30.54477926967268],[104.12027694475049,30.54478281707044],[104.11523840457149,30.5431708394343],[104.11029446688528,30.542058202689915],[104.09584584953376,30.542230206306545],[104.09594313291998,30.550094993121302],[104.09596434274145,30.553935726937723],[104.09628045921832,30.55561490530899],[104.09646035001607,30.556975908432314],[104.09603044365002,30.558304302707093]]]}},{"type":"Feature","properties":{"name":"中和-张家寺西","district":"高新"},"geometry":{"type":"Polygon","coordinates":[[[104.09582455310807,30.55828804562385],[104.09252106393598,30.556577440278815],[104.09377097205594,30.55477800882636],[104.09114318279818,30.55472041048451],[104.09114351307873,30.555156366111685],[104.08573910657304,30.552187488252702],[104.08607795409866,30.551035578824827],[104.08700784345251,30.548726563082887],[104.08784822864902,30.54758318646781],[104.08815120611979,30.546356489805053],[104.08811573577911,30.54575025901833],[104.08791771707183,30.545126824359894],[104.08678753213118,30.543392020356578],[104.08623695507593,30.542982392127314],[104.08828705834775,30.5424076395023],[104.08959444653613,30.54223042060722],[104.09094840120747,30.5422381623306],[104.09573397139079,30.54228505242205],[104.09574650139724,30.546000937629234],[104.0958671324405,30.550043899555817],[104.09584171468865,30.551855743677326],[104.09570824854745,30.553620414880722],[104.09599744126481,30.555392621862246],[104.0961236125934,30.557126565262735],[104.09582455310807,30.55828804562385]]]}},{"type":"Feature","properties":{"name":"紫荆","district":"高新"},"geometry":{"type":"Polygon","coordinates":[[[104.04704245476445,30.608129285200004],[104.05092744281356,30.610875433619025],[104.05186489669177,30.611170635006893],[104.05282922936232,30.61129680515332],[104.05477568733565,30.61127029151452],[104.0550235931271,30.614130246266733],[104.05503131158352,30.615598424745986],[104.05499439989488,30.617034139491164],[104.0548952413549,30.618054421948745],[104.05479404339746,30.622483786602345],[104.04744046111415,30.625758103836706],[104.04736078210802,30.62359973768174],[104.04586497810222,30.62172773129703],[104.04561044982987,30.62123282300869],[104.0455202149371,30.620654741171602],[104.04552104847184,30.619350491684866],[104.04585963729234,30.616380819406487],[104.04621417654074,30.613716209055077],[104.04665411207569,30.612545247639716],[104.04670987136836,30.610371956158325],[104.04678161725585,30.609246087129506],[104.04704245476445,30.608129285200004]]]}},{"type":"Feature","properties":{"name":"八里小区","district":"成华"},"geometry":{"type":"Polygon","coordinates":[[[104.09598113444409,30.674776291954096],[104.10055472299858,30.676151041314515],[104.1021647557981,30.676634891277498],[104.10332570000688,30.67700290923729],[104.10387874528747,30.677155175084565],[104.10445494026752,30.677335073788363],[104.10506730818773,30.67752150505628],[104.1057028291331,30.677703509844548],[104.10698126514646,30.678141566955865],[104.10884194542763,30.678650537438145],[104.10975206167512,30.678933334290882],[104.1104194529378,30.679105990790926],[104.11163209926228,30.679477749653582],[104.11359429485056,30.680058150995194],[104.11488915838981,30.68047677081667],[104.11570198348193,30.680702710968657],[104.11626167559956,30.680835616093013],[104.11697421989646,30.68107636965139],[104.11835629619893,30.68147488111549],[104.11897858001053,30.681658330140493],[104.1199186506061,30.681948171346527],[104.12395254640305,30.683104245505042],[104.12336033022663,30.683520905175193],[104.12289081449782,30.683895718464807],[104.1219246652303,30.68460863108218],[104.1201142612765,30.68603210007992],[104.11849310586543,30.687226135773596],[104.11795145718956,30.6876482903277],[104.11739175621763,30.6880635755104],[104.1168321006813,30.68848973165128],[104.116561828754,30.68866015515016],[104.11621019770902,30.688928543913814],[104.11592086862946,30.689142117220765],[104.11546078333531,30.689492716861732],[104.11463512625781,30.6901235146122],[104.11372824020663,30.69079389517159],[104.11254238185325,30.691633828194277],[104.1116900555561,30.692278618027093],[104.11086095924158,30.692879768440022],[104.10953631161868,30.69383091110734],[104.10886009247037,30.6942716952195],[104.10842772827405,30.694555233273654],[104.10772461072695,30.694971737877193],[104.10739966157381,30.695224136267342],[104.10704465559887,30.695484679195083],[104.10673781127038,30.69570480754781],[104.10650417250027,30.695923356516122],[104.10612523595496,30.69595695120946],[104.10572934320665,30.695788656373022],[104.10530150083284,30.695211651718527],[104.10451903319918,30.6942577155279],[104.10401916426649,30.69360872117239],[104.10338012265298,30.69280826322962],[104.10320985958474,30.69258415734763],[104.10303860040722,30.692368029048843],[104.10273715888147,30.691977510904575],[104.10044842130762,30.689090322468097],[104.09973779045106,30.688153198776636],[104.09897824553373,30.687202720214064],[104.09832688125584,30.68639264033842],[104.0980927838086,30.686136871896235],[104.09790470572398,30.685900036102247],[104.0975495764404,30.685442269189817],[104.09510147207841,30.68233499190549],[104.09390693377044,30.68084955208011],[104.09334123961332,30.680095001644403],[104.09301345273848,30.679662982045713],[104.09287051998703,30.67941852493751],[104.09276650931072,30.67913820854683],[104.09277540125935,30.67898328261122],[104.0938113639516,30.67801302381255],[104.09451011165272,30.677300070139342],[104.09485151969716,30.676912933981896],[104.09509801815896,30.676501528434095],[104.09542917358472,30.67568730462068],[104.09563559723225,30.675105755716338],[104.09578824898065,30.67477604368931],[104.09583219217178,30.674737111111902],[104.09598113444409,30.674776291954096]]]}},{"type":"Feature","properties":{"name":"成渝立交","district":"成华"},"geometry":{"type":"Polygon","coordinates":[[[104.14957237654534,30.636605648578907],[104.15498778863655,30.634397886088742],[104.15765245408437,30.633281256869132],[104.16019833618583,30.632089304488282],[104.15998212643618,30.63124979730368],[104.15976193916735,30.630395332167513],[104.15918251724386,30.628370252550056],[104.15889036119286,30.627324851547627],[104.15859422954316,30.6262915227819],[104.1536117987346,30.622794642813712],[104.14874530028015,30.623394836704826],[104.14626902195309,30.62366276867491],[104.14362979540017,30.623991578366542],[104.14409839561631,30.625474554607273],[104.14489152957552,30.627074896391118],[104.1464336909881,30.630118392094154],[104.14797589149131,30.633131763305013],[104.1487429873592,30.634727661634],[104.14957237654534,30.636605648578907]]]}},{"type":"Feature","properties":{"name":"东郊记忆","district":"成华"},"geometry":{"type":"Polygon","coordinates":[[[104.11464862753537,30.67802629301456],[104.11424346239353,30.67900887206769],[104.11385636934615,30.679991146827177],[104.11502068185801,30.68035420698184],[104.11623949572105,30.680694937037813],[104.11746262690734,30.681102951119353],[104.11876739207278,30.68146128527913],[104.12121477046101,30.68222265232137],[104.12365877097113,30.68289367639241],[104.12402491690526,30.68299720128183],[104.12458900646426,30.6826119022837],[104.12528883634305,30.68207757903466],[104.12616567303672,30.68143158971227],[104.12711894933928,30.680715443161823],[104.12794452539995,30.68008519820715],[104.12884351041647,30.679396898925823],[104.13066869971843,30.678151097773295],[104.13433153217062,30.675276279206965],[104.13404151826812,30.674861387719943],[104.13362074944007,30.674483346831483],[104.1333722337935,30.674424857622473],[104.1325359599805,30.67402883395749],[104.1308683124284,30.6731722138058],[104.12750485517151,30.671579625562146],[104.1207984140777,30.66825156093811],[104.1190634526433,30.66744105438333],[104.11716221379656,30.666748744345597],[104.114228732431,30.665791473666463],[104.11130109202732,30.66493483286394],[104.11103061020425,30.66548049204249],[104.11081534973421,30.666034559371354],[104.11049592771946,30.66680258052481],[104.1099472773139,30.6681586102152],[104.10949282439609,30.669338615675233],[104.11149439789845,30.66992112155419],[104.11341153003316,30.67050623654414],[104.11721686126232,30.671666270185565],[104.11464862753537,30.67802629301456]]]}},{"type":"Feature","properties":{"name":"东客站","district":"成华"},"geometry":{"type":"Polygon","coordinates":[[[104.1415511754092,30.638716842371483],[104.14071187719539,30.63890380451556],[104.13958292824043,30.639083500449047],[104.13840453763416,30.639214477358923],[104.13723499788784,30.63918605554166],[104.13700352922373,30.638645180823435],[104.13616326105875,30.636563791619647],[104.13577490184439,30.635753220663617],[104.13538153851377,30.634962776782285],[104.1347447604208,30.633705900788055],[104.13443293343707,30.632882512048543],[104.13429312247874,30.63256157358742],[104.13415229642233,30.632576518899477],[104.13395815558688,30.63260620716923],[104.13669785951178,30.638872047800106],[104.13601088828004,30.638726085040602],[104.13467433365133,30.639364892902563],[104.13174593254544,30.639095387312963],[104.12587083341153,30.638780025611602],[104.12748130814825,30.637081264834134],[104.12632426305154,30.633744141900998],[104.12430034073101,30.63150711266514],[104.12339702883084,30.630247091813363],[104.1228550946259,30.629602842617754],[104.12271065011082,30.629139074453608],[104.12253002441767,30.628924310324525],[104.12185959360545,30.629157340547216],[104.12178727590614,30.628801557991434],[104.122220758519,30.628484389843997],[104.12260096661463,30.62816796928699],[104.1230163973298,30.6278360123764],[104.12341374679194,30.627504297350693],[104.1237567654895,30.62729730772388],[104.12406457904291,30.6271368053417],[104.12419146916068,30.626654153623818],[104.12361508909048,30.625819820127468],[104.12240835497248,30.624210805458436],[104.12285097947186,30.623909463979324],[104.1233841761595,30.6235367887335],[104.1243008494423,30.622698615195347],[104.12704906007365,30.620700475332136],[104.12965210599681,30.619822969100653],[104.13200277525794,30.618857015672056],[104.13373902185603,30.61749710786276],[104.13471533387309,30.616707067833882],[104.13569163287065,30.615886374153686],[104.13655908437747,30.61528431860467],[104.13746390253635,30.614434261590322],[104.1381144281707,30.614550067936516],[104.13869153385231,30.614635975468058],[104.14017186897787,30.616669398747526],[104.141785883662,30.61852176937724],[104.14251750146487,30.620104403473224],[104.1431917562251,30.623821770340715],[104.14331406006158,30.624461273302018],[104.14357096212316,30.62526945239128],[104.14439123399275,30.62700520648871],[104.14613236012337,30.630279549462344],[104.14628499097326,30.63052330538423],[104.14640246314332,30.630817313795074],[104.1465018757462,30.63095653059789],[104.14663240958514,30.63120848401692],[104.14674587139794,30.631455573304773],[104.14696175162469,30.631935864918475],[104.14760639632603,30.633189061327982],[104.14817975806922,30.634424025462035],[104.1485091108286,30.63503986527296],[104.1490684145052,30.636158375876082],[104.14906743629682,30.636309327941678],[104.14924316087885,30.6366502899643],[104.14903138484286,30.63677135899404],[104.1487021354693,30.63683213453456],[104.14816605447547,30.63693320414131],[104.14776447479626,30.63708962019009],[104.14737188853259,30.637187118912887],[104.14630744171235,30.637462465924422],[104.14539646882017,30.637694406277244],[104.14499064860229,30.637786689883306],[104.14430450867808,30.637952495675794],[104.14382226874788,30.638123747844105],[104.14276620053387,30.63837362971249],[104.1421019348207,30.638567193606068],[104.1415511754092,30.638716842371483]]]}},{"type":"Feature","properties":{"name":"动物园","district":"成华"},"geometry":{"type":"Polygon","coordinates":[[[104.13474680650452,30.713442740786988],[104.14936140094505,30.710070878863743],[104.15220238080792,30.708577715078768],[104.15446024444437,30.706750811110915],[104.14662846580502,30.70475834531079],[104.14251800964217,30.703727348832366],[104.14013903971099,30.70321301138304],[104.13695085556712,30.702565065699087],[104.13390152874915,30.701970433138065],[104.13126314067934,30.7014225517584],[104.12753112688851,30.700822461391617],[104.12239975135488,30.699971624201],[104.11445888733179,30.69933801693417],[104.11502335928765,30.706525688590844],[104.1020628104135,30.706414994889336],[104.10151424791131,30.706300976085853],[104.1010650061623,30.70598756796486],[104.10074597467936,30.70560870357446],[104.10058800542302,30.705365271805956],[104.1004580944473,30.705073783264794],[104.09906375038915,30.707279896783664],[104.09840668432429,30.70844377175964],[104.09769576205912,30.709534344996587],[104.09720660875598,30.709790157332012],[104.09793756584071,30.71094227297496],[104.0989512898878,30.712573280591396],[104.09993405036106,30.714394350673953],[104.10072800439762,30.716068241571385],[104.1018447323938,30.718456959409423],[104.10309218434611,30.721585503337458],[104.09189211159898,30.722163910416597],[104.09687940335021,30.724161506536475],[104.10125238059739,30.725811144607512],[104.10025010579086,30.730156438134358],[104.09945544183718,30.733546419301216],[104.10197377283085,30.73336890413188],[104.10418904480376,30.73138943377213],[104.10978198795493,30.731123443763106],[104.11072829459025,30.731091415809686],[104.11098839115847,30.733073317477373],[104.11182672203243,30.7348295940139],[104.11313458225152,30.73553863849061],[104.11552326521442,30.735216570767886],[104.11454729135585,30.737183040188633],[104.11487032854332,30.73908679764498],[104.11896931613754,30.738862664246213],[104.1200168036879,30.740930562714812],[104.12510920209223,30.74226320535992],[104.1260669283385,30.743992693471167],[104.1233386521851,30.745286848293492],[104.12731441609826,30.746129588873202],[104.1306399559183,30.747181316590606],[104.1336032592627,30.74798857624542],[104.13382031081927,30.747365188540332],[104.135212382869,30.74620098116313],[104.13559099043972,30.745126541017044],[104.13649539238595,30.742571212940092],[104.1374727088646,30.739588677027506],[104.14281731311866,30.742568503758548],[104.15146119867127,30.73931577194145],[104.15834310074011,30.736769253706964],[104.15805646549687,30.734473235221845],[104.1566733708407,30.73161711092887],[104.15509077591102,30.729538147926068],[104.15266076637272,30.727897743237676],[104.14995803083423,30.726698164122872],[104.14642315532184,30.725571178345113],[104.14160525201525,30.723721763002462],[104.13916913433779,30.72204331009761],[104.13830339579334,30.72107649931997],[104.13694955323307,30.719402827117392],[104.13525291135109,30.71736282529656],[104.13467526060799,30.716657245348653],[104.13474680650452,30.713442740786988]]]}},{"type":"Feature","properties":{"name":"洪河","district":"成华"},"geometry":{"type":"Polygon","coordinates":[[[104.14129299023008,30.616939420101712],[104.13954117154248,30.61460493337884],[104.1432101689439,30.613115404174398],[104.1491945207297,30.61063020670015],[104.15317585879045,30.6087619015438],[104.15893655418732,30.604906319452503],[104.15930613311853,30.60456291503843],[104.15959359870826,30.604501936363665],[104.1638759207838,30.601946560224807],[104.16637557109473,30.600506860376818],[104.1700395009088,30.598370698942556],[104.1725484894902,30.60206793008947],[104.17509221197506,30.604838124331106],[104.17806778227083,30.604852515796747],[104.1761644618733,30.608333050290337],[104.17572774745335,30.615500790557263],[104.17612110399865,30.616532180106468],[104.18009768174149,30.61923621239248],[104.18127943242537,30.620902573797608],[104.18135003501055,30.623015643115526],[104.17582646935571,30.625128858140403],[104.17442797000685,30.625698741896773],[104.1732438593903,30.62614771260131],[104.17127045271951,30.626960159644753],[104.16972697572228,30.62762513218111],[104.16782419837537,30.62850493729922],[104.16667458308639,30.629021432960556],[104.16534467612885,30.62963138863436],[104.16394333216833,30.63045913813226],[104.16221735137349,30.631192618814712],[104.16077899971852,30.632054822809305],[104.16040357889727,30.632101151839667],[104.1599892388876,30.630345215238137],[104.15968405821326,30.629085632364117],[104.1592168183369,30.627422810791117],[104.15885773732292,30.626023394044367],[104.15767003880167,30.625243934857853],[104.15377238189289,30.622559635897634],[104.14583818875496,30.623404247163457],[104.14404192784038,30.62363402492542],[104.14236858130432,30.618328587978805],[104.14129299023008,30.616939420101712]]]}},{"type":"Feature","properties":{"name":"建设路","district":"成华"},"geometry":{"type":"Polygon","coordinates":[[[104.09586211294014,30.674657167325158],[104.10576392179094,30.677631131464324],[104.10594603885598,30.677172043542267],[104.10616819462355,30.676627676929314],[104.10650044216476,30.675825557687773],[104.1075082452065,30.673388608092626],[104.11092962656133,30.664828590984218],[104.10950927037536,30.66436518784218],[104.10826507578423,30.664054022975773],[104.10716602132358,30.66411668178913],[104.1064812431595,30.66411765661411],[104.1057705864082,30.66417645731941],[104.10396092120955,30.664246017240085],[104.10162254592272,30.664313972201906],[104.09993615661236,30.664415474547365],[104.09925046654236,30.66618340123524],[104.09879738450269,30.667340799950523],[104.0983992496646,30.668381003763162],[104.09755208637691,30.670474007835384],[104.09586211294014,30.674657167325158]]]}},{"type":"Feature","properties":{"name":"理工大","district":"成华"},"geometry":{"type":"Polygon","coordinates":[[[104.14685425072047,30.669810452156828],[104.14657197139994,30.669727469644798],[104.145416770378,30.66960428848617],[104.14514151323027,30.669595525477842],[104.14386860710225,30.66964552831611],[104.14261867954959,30.669847343266],[104.14177473619029,30.670208834921503],[104.14047454234772,30.670867718892126],[104.1392205527716,30.67174694686193],[104.1380920375072,30.672599418775985],[104.13663369953754,30.67371668778913],[104.13514796464612,30.674811195756487],[104.10582433044276,30.6967665269437],[104.10426423767814,30.699261456816117],[104.10977674795693,30.69925184187461],[104.11645106441875,30.699177461965704],[104.1230615357781,30.699829976764285],[104.13061538845729,30.701176212734136],[104.14257438773708,30.703567892140395],[104.15464779595524,30.706657722008725],[104.15578752226533,30.705288360870735],[104.15627914926502,30.70448611080615],[104.15686491430452,30.70363319853137],[104.15816716534441,30.70023754146652],[104.15838914597137,30.695489701886288],[104.15865494038557,30.69319353552398],[104.15877120897018,30.691797509995528],[104.15882128844478,30.690944035772617],[104.15888435196189,30.690136569795076],[104.15898734474,30.688561530900515],[104.15913110304952,30.686311840586505],[104.15927391228925,30.68495378198298],[104.15927355224781,30.683933128521137],[104.1593722327117,30.682792822907857],[104.15938992934231,30.682059110222458],[104.15947965990513,30.681240659360856],[104.15955526603193,30.680286195355862],[104.15959571783077,30.679218630230633],[104.1596940557224,30.677923316824398],[104.15964035781315,30.676971358489652],[104.15864139943085,30.67626139805693],[104.1571920472583,30.67516463418081],[104.15705597108175,30.674092672954718],[104.15698337885745,30.67351869581803],[104.15691188317263,30.67307569552373],[104.15674888260351,30.672252669047467],[104.15673935858555,30.67164677267045],[104.15604871736716,30.671449279038217],[104.15416178796345,30.671072985082258],[104.15346778658648,30.67096200217678],[104.15279675413802,30.670865369691832],[104.15217978854899,30.67076996038346],[104.1513318911408,30.670574671657764],[104.15062942143487,30.67047335292158],[104.14971800833162,30.670286433946504],[104.14900621790393,30.670139079454703],[104.14846509207906,30.670103102579542],[104.14787865629125,30.66999064515253],[104.14752214570129,30.66992692541017],[104.14704812363351,30.669871099724865],[104.14685425072047,30.669810452156828]]]}},{"type":"Feature","properties":{"name":"李家沱","district":"成华"},"geometry":{"type":"Polygon","coordinates":[[[104.09226542819893,30.67932715949791],[104.09238620487767,30.679289669391633],[104.09248509476656,30.679375047691053],[104.09586145215475,30.683520853115375],[104.09751863185534,30.68560621350766],[104.09908739547097,30.68770039417042],[104.10234261040348,30.691882154224896],[104.10312070130519,30.692927402830023],[104.1039840628617,30.6939627325557],[104.10472632575166,30.69504115556415],[104.10514009038529,30.695542467536967],[104.10534341195401,30.696092941169123],[104.1053783695303,30.696588464741296],[104.10517178267666,30.69711045454444],[104.1046133910186,30.697912287320424],[104.10364504938372,30.699453534206025],[104.10159413396818,30.699492957023562],[104.0998456284287,30.699509528045873],[104.09636437075199,30.699503309160686],[104.09299857551117,30.699542670042796],[104.0917525964571,30.699614516541782],[104.09108388461566,30.699615272182804],[104.09042027619856,30.699653690645693],[104.08928264574624,30.697831828950196],[104.09069054987108,30.69716455803456],[104.09163179788627,30.69667357164861],[104.09097752028906,30.694489451774867],[104.08967851168696,30.693900351238813],[104.08935537569312,30.693238631806615],[104.09027024074312,30.692165687681477],[104.08992902507872,30.691170132543608],[104.08945411662484,30.690111659136363],[104.09054754010678,30.689909232944824],[104.09162532784137,30.689631853024466],[104.090370587918,30.68768513616004],[104.08972486665999,30.68673468493355],[104.08911513522146,30.685815134993547],[104.08839877394034,30.684925533360108],[104.08783403975933,30.683966720762662],[104.08655225123275,30.68214807585198],[104.08788874922877,30.68146790919176],[104.0892765884015,30.680789794257223],[104.09065198415932,30.680119176572738],[104.09201894374907,30.679482062482414],[104.09226542819893,30.67932715949791]]]}},{"type":"Feature","properties":{"name":"龙潭寺","district":"成华"},"geometry":{"type":"Polygon","coordinates":[[[104.14360354748533,30.712450809366885],[104.14302600398008,30.712161477160954],[104.14056880089316,30.712915393184524],[104.13767846896084,30.713570106944534],[104.13550932122028,30.71440466486878],[104.13539846749487,30.71665541463165],[104.13875507479516,30.720893162790322],[104.14113684376977,30.722758504702142],[104.14391619402532,30.724188797458982],[104.14738050262022,30.725278751430945],[104.1511652068165,30.72671717445649],[104.15458752753946,30.728508218811363],[104.15649399243178,30.73055574471513],[104.15800461811368,30.733039178031056],[104.15893721759205,30.73654603205117],[104.16289457776594,30.734998623712663],[104.16184440428995,30.72402774942161],[104.1620788967949,30.723734279293968],[104.16947639426526,30.72744217564872],[104.16502012033071,30.729631930146347],[104.17377804003682,30.732212803933894],[104.17781310929358,30.730769252820938],[104.1785916491185,30.723477497737868],[104.17887852524815,30.722923662853766],[104.18502035432523,30.726830905218915],[104.1908517181942,30.71693202889974],[104.18663068378537,30.71071316755149],[104.18663100467518,30.710340435380388],[104.19778730178102,30.71312551118772],[104.19954545899772,30.711352635991197],[104.2046587839896,30.706425136717055],[104.20971231803195,30.714944615069392],[104.2233386248936,30.715902314431837],[104.22636679609658,30.712845660330704],[104.22215512406184,30.710663349291035],[104.22060908008024,30.708727311250232],[104.24322805946554,30.70228102436867],[104.24373484771787,30.69890604122808],[104.24384285659212,30.697306220169885],[104.24357289372784,30.69636399645943],[104.24304969775707,30.695689581546624],[104.24052378934098,30.693385441252985],[104.23898996916024,30.69450937404817],[104.23775360866702,30.69498456582757],[104.23442483403979,30.696013308279355],[104.22941331778597,30.692900583525418],[104.23244166198735,30.689889991788977],[104.22493650000222,30.689208025459944],[104.22789067279385,30.68580503478659],[104.22124532191242,30.686397050705743],[104.2188884610969,30.68487832697152],[104.21627943963976,30.683199191055007],[104.21484135411202,30.68229441564913],[104.21153656197274,30.684839447707883],[104.20581122446713,30.685395828230043],[104.19627455241677,30.68603940960629],[104.18982198641831,30.67791800979292],[104.17928698035652,30.674935329685585],[104.16859571033363,30.671493617398706],[104.16242036726803,30.6788320759914],[104.16162993883806,30.679138579991086],[104.16097472660807,30.678966044480227],[104.15983472611154,30.692106841937584],[104.1594023294524,30.696946887743724],[104.15896852949922,30.702097530705316],[104.1575264839121,30.704762430015386],[104.15532903243125,30.707258010782507],[104.15327310612909,30.709168785835615],[104.15139832371266,30.710352960101638],[104.14728585807804,30.71161398502735],[104.1432058858501,30.71215975748538],[104.14360354748533,30.712450809366885]]]}},{"type":"Feature","properties":{"name":"猛追湾","district":"成华"},"geometry":{"type":"Polygon","coordinates":[[[104.09620105484207,30.673542790551032],[104.0960164539739,30.67392351022726],[104.09546582303008,30.675249460264187],[104.09475350804536,30.6767657562031],[104.09426040258428,30.677343435432874],[104.0939010267761,30.677664371576167],[104.09359153513785,30.67785339295754],[104.0924359257618,30.678963957104163],[104.08990489866314,30.67584996803738],[104.08930880362993,30.675096425024794],[104.08873471996553,30.67432776806158],[104.08740819975253,30.672645366233247],[104.08895709908116,30.6718297764548],[104.0913566686671,30.669616103115757],[104.09380381925686,30.66745107682785],[104.09404125010938,30.667140805842035],[104.09383391876163,30.666523310670023],[104.09348363852709,30.665754351624724],[104.0914336336214,30.665407155488158],[104.09118677118363,30.665041996065515],[104.09084595693132,30.66450432288116],[104.09053115904977,30.66400969767133],[104.09024428054418,30.6634681641936],[104.08938636892557,30.661416271519936],[104.08897345538115,30.660392727220827],[104.088695565829,30.659726941646998],[104.08845291425594,30.659391299922945],[104.08584396705913,30.656012000153442],[104.08654231368007,30.655692088994414],[104.0872806516203,30.655353164147023],[104.0884038812298,30.65482567331435],[104.08887840945978,30.654618992708215],[104.08937592081823,30.654385298414372],[104.09036120743102,30.653949296325244],[104.09200129217965,30.653184646872692],[104.09335468130743,30.65256795574084],[104.09404166827754,30.653583862496717],[104.09477475052918,30.654567504484504],[104.09605564282984,30.65663129421947],[104.09863608557369,30.660739920524897],[104.0990818872403,30.66143831471328],[104.09945065658098,30.662078683814602],[104.09964009054633,30.662431313848685],[104.09978851490006,30.662787992490557],[104.0998349899646,30.66430568890003],[104.0996154528604,30.664924002690753],[104.09932006503126,30.665724366297155],[104.0986783404815,30.66732792511544],[104.09740612532283,30.670500004907417],[104.0968454330327,30.671881602899095],[104.09626289414574,30.67337988493391],[104.09620105484207,30.673542790551032]]]}},{"type":"Feature","properties":{"name":"沙河堡","district":"成华"},"geometry":{"type":"Polygon","coordinates":[[[104.12229063067886,30.624356451311584],[104.12229063067886,30.624356451311584],[104.12230470229831,30.62437123750093],[104.1235953115885,30.625955379176467],[104.12424070623025,30.62678835191536],[104.12395796035257,30.62706293457972],[104.12304527633356,30.627713177534094],[104.12172610487586,30.62874968398733],[104.12178028746648,30.628811016405056],[104.12191576352853,30.628890578254964],[104.1220602680007,30.629001064238167],[104.12213251472724,30.629085424051848],[104.12220475382915,30.62920860739419],[104.12231312156219,30.629362320965054],[104.12271047616558,30.630008745396914],[104.12336078328552,30.630993062312427],[104.12446088207211,30.632293544312482],[104.12597870673706,30.63394810865439],[104.12623226401118,30.635030880661326],[104.12606948437382,30.636446817165826],[104.12605148025271,30.637021888375717],[104.12585370270735,30.638671317751395],[104.12250152346202,30.63903312514068],[104.12098932519737,30.639558910963043],[104.1199367731383,30.639884768253726],[104.11912864233175,30.64021893812473],[104.11660004917175,30.63635402649619],[104.11534499025542,30.634382598784725],[104.11468600869087,30.633412012194313],[104.11407335665797,30.63253764727797],[104.11369380006327,30.631680422795643],[104.11225102157327,30.630818883430805],[104.11026783614892,30.629961445939305],[104.10931272982113,30.629508512144803],[104.10884329686567,30.629252769477432],[104.1084702286982,30.628930105848003],[104.10745663590816,30.62771087010329],[104.1069565206284,30.62699999572092],[104.10684435876922,30.62662800423526],[104.10679939214575,30.62622453523671],[104.10684158534428,30.623767516864998],[104.10687905246645,30.62130561471175],[104.10808627566728,30.61991407966458],[104.1084746211975,30.619627031587473],[104.10866830670632,30.619485472994118],[104.10994382022218,30.618907387239098],[104.11059334748792,30.61851340593611],[104.1108541808679,30.618646754426923],[104.11124652885469,30.618758742310398],[104.11180552938899,30.61889288388336],[104.11202633741019,30.61894851818436],[104.11242786545299,30.619006171391334],[104.11322102921957,30.619060358087335],[104.11454276621129,30.61890508195059],[104.11497168256318,30.618883919651967],[104.11534136076362,30.61886839855454],[104.1156578111817,30.618864472608017],[104.11586980169405,30.618849824583425],[104.116163163594,30.61886110833513],[104.117317687596,30.618881145536935],[104.11682584658234,30.61953618837316],[104.11668999933127,30.619825776614082],[104.11670385839109,30.620139411978492],[104.11680712354986,30.620495864595675],[104.11708221078035,30.620880055018638],[104.11742069712331,30.62115144458687],[104.11721737403738,30.62169781174721],[104.11705825923956,30.62229056249757],[104.11695059915974,30.62253982868217],[104.11800631730749,30.62344934444209],[104.1184302780081,30.623805419548482],[104.11886839368243,30.624059294642848],[104.11977097496198,30.624310628623416],[104.12117944328303,30.62449251041478],[104.12168521573174,30.62448920238556],[104.12226347044819,30.6243758382871],[104.12229063067886,30.624356451311584]]]}},{"type":"Feature","properties":{"name":"十陵","district":"成华"},"geometry":{"type":"Polygon","coordinates":[[[104.20553710309824,30.656660829518852],[104.20532822789195,30.662808559455605],[104.20361704510998,30.674962239637647],[104.19917072422423,30.674839116749382],[104.17982426325429,30.674503456740737],[104.1700681893756,30.673676811871175],[104.16626170751465,30.672542286049215],[104.16245122797368,30.671767845429535],[104.16122601075016,30.66921464898172],[104.16035821342257,30.663993521319384],[104.15570726796528,30.654117804578487],[104.15606688809169,30.65352777351997],[104.15826056412877,30.65249435663194],[104.15869211197914,30.652309500862074],[104.15530377310783,30.646030318146476],[104.1625720068548,30.64474722461816],[104.16170591169433,30.634305519698746],[104.16076997373062,30.6324995992738],[104.17104660499592,30.627371149977765],[104.18345310142516,30.622968735182557],[104.20366655287262,30.617813977074178],[104.20280054725609,30.63879917784905],[104.20402567522545,30.65080439086256],[104.20553710309824,30.656660829518852]]]}},{"type":"Feature","properties":{"name":"驷马桥","district":"成华"},"geometry":{"type":"Polygon","coordinates":[[[104.11367665611196,30.706289808166055],[104.11284522756131,30.70627520606762],[104.11198883465389,30.706284474743498],[104.10834738756807,30.70621404768242],[104.10202788190868,30.706252232421047],[104.1016494997761,30.706156625137304],[104.10129925829276,30.705959885492685],[104.10094912308786,30.70565811720734],[104.10075123698523,30.705223942913257],[104.10065251523758,30.704666563873076],[104.1004732604463,30.704836901004878],[104.09900583051673,30.707144062650542],[104.09764786743239,30.709409440921664],[104.09700061682767,30.709836063723692],[104.09923469947165,30.71332535051483],[104.10054389690923,30.716021749159975],[104.10104616669054,30.71719150087468],[104.10270613855297,30.721078581993613],[104.0979144077085,30.72126846003124],[104.09283397081855,30.72146873339005],[104.09089732150049,30.721576958360526],[104.0892576769391,30.721327454354626],[104.08829124292643,30.720235146474273],[104.08789799431727,30.71939470899969],[104.08761193375722,30.71886518840709],[104.08746905461646,30.71846081038851],[104.0870403128146,30.717371661810965],[104.08628993064188,30.715628168245328],[104.08586061007173,30.715221124307746],[104.07920457705924,30.716327560776804],[104.07687769238962,30.719709333691668],[104.07619917955735,30.71926571884011],[104.0755207086938,30.718852966272646],[104.07494951684541,30.718410576261327],[104.07419991748354,30.717810406013058],[104.07337895548397,30.717209041015803],[104.07287916857433,30.716953515122295],[104.07220087560968,30.716664262273596],[104.07180832092709,30.71637920649565],[104.07146922313233,30.716219017799684],[104.07120141599306,30.7161994861209],[104.07071868474866,30.716859197368528],[104.0700755135528,30.717299295810545],[104.06945036889701,30.717600035931962],[104.06878923345091,30.718210425600518],[104.06817124284801,30.719047093152028],[104.06779882105621,30.71694501462004],[104.06694421164931,30.715124391428695],[104.06886328694583,30.714587960541778],[104.06878447292281,30.712826048132033],[104.06891929777763,30.712075639699947],[104.0688844688146,30.711019862740066],[104.06717963610556,30.710886034585865],[104.06683367190124,30.708786251475225],[104.06703990841852,30.708052879569138],[104.06857491999708,30.70807619725407],[104.06867290886295,30.707270231874784],[104.06861192163394,30.706431862018544],[104.06979829113212,30.706472865747223],[104.06971872851368,30.7051375305381],[104.06995290542443,30.702410794328184],[104.07001672127365,30.69992923228286],[104.0713821444325,30.699918848079086],[104.0725121876192,30.699915724391815],[104.07339583180189,30.69995973454729],[104.07480651958498,30.69997316605011],[104.0764412676973,30.699964146868485],[104.07740600986048,30.699970275166983],[104.07771038124815,30.69998133849009],[104.07789739384408,30.699976823267704],[104.07804063317218,30.699993705113606],[104.07820178577225,30.700003817267596],[104.07853207144139,30.700008121411287],[104.07885442840978,30.6999892900594],[104.07917582426553,30.699938418784672],[104.07939073063264,30.699980109784622],[104.07973007568901,30.69992238622996],[104.0808706146351,30.699902249351243],[104.08249830076548,30.6999048398563],[104.08557620422584,30.699873780469723],[104.09159681877338,30.69977569948207],[104.09292360123936,30.69975027812811],[104.09434080319949,30.69973968734799],[104.09557172295845,30.69974819798962],[104.09736795829629,30.699780646957752],[104.10002767118945,30.69968506442392],[104.10321928008337,30.69962145946227],[104.10445246725422,30.69959024185603],[104.10662127251081,30.69971045177436],[104.11089245943816,30.69967389295917],[104.11441051782225,30.69972836613321],[104.11447681894904,30.701857302654794],[104.11447996961387,30.70342428292958],[104.1144881370847,30.70483227276773],[104.11452330979223,30.7062828841893],[104.11367665611196,30.706289808166055]]]}},{"type":"Feature","properties":{"name":"SM广场","district":"成华"},"geometry":{"type":"Polygon","coordinates":[[[104.10948385656503,30.66940768607411],[104.11136393325164,30.669948455972612],[104.11422023949449,30.670805822949607],[104.11565003272452,30.671242404430984],[104.11637260076664,30.671451246188354],[104.11715859497926,30.67168903052951],[104.11548687232502,30.675778576140385],[104.11464448231165,30.677830389202633],[104.11423532903756,30.678848008201438],[104.11402774737138,30.67937431201668],[104.11381617541387,30.67995162302764],[104.1119261833041,30.67940969027065],[104.11005001108406,30.67883858004788],[104.10813957755647,30.678269534306995],[104.10719774626271,30.67799299117171],[104.10615290707392,30.67773252545233],[104.10948385656503,30.66940768607411]]]}},{"type":"Feature","properties":{"name":"万年场","district":"成华"},"geometry":{"type":"Polygon","coordinates":[[[104.11866108631807,30.667128621072273],[104.11990409105097,30.667682317074398],[104.12109605573406,30.668274293454402],[104.12290791066856,30.66912978891617],[104.12659190573702,30.670961466375914],[104.13382601931873,30.674558455142332],[104.13417029621279,30.674887592573167],[104.13432850708519,30.67526632310155],[104.13497396453658,30.67483055526925],[104.13588568720262,30.6740804419677],[104.1367712301387,30.673393967415244],[104.13852300198526,30.67207923644308],[104.14040905718474,30.670706475928764],[104.14147415720245,30.670166990171477],[104.14254321924815,30.669752105470813],[104.1438483911492,30.66951073357566],[104.14481785829442,30.669405251694766],[104.14587875184858,30.66950867112123],[104.14964456791425,30.670090822075952],[104.15684833704456,30.671357947019843],[104.15739447602608,30.66804027738804],[104.15764947281392,30.66644497215743],[104.15778394606308,30.66562635340105],[104.15793997515604,30.664313865700834],[104.15719012514447,30.661749896226205],[104.15640507780469,30.65919137606959],[104.15566401183601,30.65660440344471],[104.15529798344105,30.65531959901551],[104.15468463611124,30.653227190197654],[104.15463045562349,30.65317723672875],[104.15477878786623,30.653126146201938],[104.15535909555817,30.65299396170479],[104.15590821744607,30.65281906139433],[104.15789271766995,30.652239579066606],[104.15726147730187,30.65091467618335],[104.15659513681007,30.649613090737883],[104.1560940401097,30.64821099712165],[104.15536849721455,30.646918113288443],[104.154782443476,30.645947531543577],[104.1547502876723,30.645826578701698],[104.15538074441555,30.64568738744365],[104.15681673178885,30.64540421840284],[104.15822517649251,30.64511576315945],[104.15903036857163,30.64496598326656],[104.1597953371771,30.64479061730624],[104.16072534920366,30.64461948489024],[104.16193934058575,30.644365647797738],[104.16159072497635,30.639052259885435],[104.16140990545223,30.636368219103165],[104.1612615127575,30.634317223523876],[104.16022736321955,30.63228234341329],[104.1575552801649,30.633489996473134],[104.15489056448588,30.63460185368769],[104.15058895592671,30.636301182161308],[104.14945596683381,30.636713187494454],[104.14831065597963,30.637072297688267],[104.14715302111225,30.63737551699865],[104.14594289913515,30.63767813154046],[104.14214920453354,30.638676678479456],[104.1402062742141,30.639119363121267],[104.13930346325341,30.639230715990326],[104.13835930982859,30.639285007252116],[104.13702685993945,30.639308674727364],[104.13560373245167,30.639358304490056],[104.13279126321733,30.639445231637218],[104.13006898900531,30.639374910202093],[104.12865446529366,30.63918304920368],[104.12700961937735,30.639009814699556],[104.12536488998697,30.63885160544043],[104.12391754439157,30.6389832091849],[104.12291891120233,30.639164946450034],[104.12198880610327,30.639512471773727],[104.11933177308146,30.640427062265967],[104.12017572260034,30.6417038715946],[104.12088604029684,30.642819464226804],[104.12149183232619,30.643801494496422],[104.12235896664856,30.644413724401016],[104.12346154474126,30.645042329203964],[104.1237956090129,30.64531230799691],[104.12393566127628,30.645737128178148],[104.12478150557799,30.647270169702754],[104.12563264797356,30.648981063163802],[104.12601800380081,30.650455000494436],[104.12637131478361,30.65201442055747],[104.12638980360401,30.652480067082053],[104.12611462312528,30.653016122693575],[104.12520708155367,30.65394561527608],[104.12486947942368,30.655511446873785],[104.1247975757772,30.656087442630966],[104.12482494807202,30.656324000165622],[104.12498824191378,30.65670250265037],[104.12553556457058,30.65792512796781],[104.12531053326482,30.658234465539714],[104.12509364888159,30.65864566481921],[104.12447603901656,30.659691773129335],[104.12362345682698,30.661094290578525],[104.1235693285545,30.661285069387628],[104.1236237764415,30.6614282434908],[104.12423369640993,30.66186111471664],[104.12446029659797,30.66216469425148],[104.12450593420691,30.662555962807865],[104.12383779920171,30.663311825052087],[104.12211851328844,30.664842964229482],[104.12094101281136,30.665896851830627],[104.11866108631807,30.667128621072273]]]}},{"type":"Feature","properties":{"name":"万象城","district":"成华"},"geometry":{"type":"Polygon","coordinates":[[[104.11131401885136,30.66480671855042],[104.11310458080135,30.665377462348534],[104.11402971185188,30.665622833689145],[104.11477418033148,30.66583896180498],[104.11544244380036,30.666094761800395],[104.11732899432366,30.666707558500388],[104.11811915329545,30.66694199829167],[104.11845391553753,30.66700946005196],[104.11880642443607,30.666686694487723],[104.11948363390518,30.666347384996563],[104.12044429225372,30.665863940821364],[104.12091863499283,30.66562420914916],[104.12132054544801,30.665319474997823],[104.12211922947478,30.664538993716633],[104.1228547249093,30.663868300771462],[104.1236213600511,30.663104066306406],[104.12397395292079,30.662651884052522],[104.12409540281396,30.66239010890697],[104.12414041766229,30.6621334707645],[104.1240718526801,30.661955514863706],[104.12372465109347,30.661739706467607],[104.12342570118201,30.66148817240685],[104.12336724953008,30.661364053650583],[104.12337095671964,30.661034040637553],[104.12374056595684,30.660502627023384],[104.12380784774874,30.660392641289548],[104.1239384676601,30.660254716367668],[104.1245117958343,30.659213300351375],[104.12521970092426,30.657909870932507],[104.12497548946475,30.657055645869143],[104.12454022793533,30.656250269222618],[104.12480531181419,30.65460853750826],[104.12505292862447,30.65364897153469],[104.12615945633873,30.65249553048826],[104.12597755556708,30.651469434459642],[104.12572423215677,30.65039742746241],[104.12480554834922,30.6486015426829],[104.12422641478688,30.64745742583184],[104.12370563002288,30.646214442173147],[104.12323143865355,30.6453986532488],[104.12271626227435,30.644940356604632],[104.12165409305933,30.64449797434349],[104.12084128580113,30.64381784942428],[104.1201591112966,30.642787813525533],[104.11976979073802,30.642229441414738],[104.11941268250354,30.64169157552257],[104.11871768075612,30.640671457244753],[104.11697127427311,30.641506575254095],[104.11529671442632,30.64227361140808],[104.11448523525728,30.642617358992396],[104.11352430204741,30.643047478015017],[104.11245518869727,30.643580268353777],[104.11137425120359,30.64403056649382],[104.10969774316409,30.644815695103507],[104.1079186629992,30.645622861866748],[104.10855828076129,30.646813312477537],[104.10935660369007,30.64805307731218],[104.11030514333542,30.64995388702769],[104.11250333436824,30.653689711645942],[104.11257631106275,30.659983022638386],[104.1125635643577,30.660305119323375],[104.11260499305908,30.660582630085383],[104.11256439257126,30.661174995981494],[104.11250169636618,30.661757602905002],[104.11229440903982,30.662318772704086],[104.11179566370885,30.663570905204903],[104.11131401885136,30.66480671855042]]]}},{"type":"Feature","properties":{"name":"新华公园","district":"成华"},"geometry":{"type":"Polygon","coordinates":[[[104.11103573551576,30.66453556985082],[104.11101271800905,30.664605791052512],[104.11085223713637,30.66471337617059],[104.1108602280434,30.66467330233149],[104.11079701861654,30.66469292578612],[104.1107247597783,30.664693638476297],[104.11052196982236,30.664621631631],[104.11020674513792,30.664492681862907],[104.10992269033348,30.664406373334128],[104.10930947453387,30.664214009884077],[104.10896629186647,30.664124055994023],[104.10837333871841,30.663990133305166],[104.1080222809175,30.663970020340006],[104.1074576845373,30.663977481847827],[104.10671875407395,30.664020981940283],[104.10532748653068,30.664069284767553],[104.1045459052427,30.664117885783675],[104.10352006565364,30.664155231721438],[104.10263671218357,30.664176191335688],[104.10220512879775,30.664181906322312],[104.1017596128623,30.664218519298167],[104.10065955583671,30.66427383504463],[104.09997010393536,30.664337417213552],[104.09995113703125,30.66333559788098],[104.0999377209675,30.662908685046595],[104.09986126221709,30.662477896686823],[104.09834914287747,30.659804295015018],[104.09709453459726,30.65803782372515],[104.09594329586973,30.656177231731757],[104.09358430686295,30.652479709669365],[104.09424326404942,30.652155652107417],[104.09489340539291,30.651885218379174],[104.09576442973031,30.651486789135788],[104.09631191998876,30.65121546611308],[104.09688351220211,30.650964907480514],[104.09826890687873,30.650310885952575],[104.09877685839302,30.650104481847606],[104.09922083054312,30.649855970995226],[104.10061924770328,30.649221296730296],[104.10218240928424,30.64850046604825],[104.10284812496823,30.648190826915446],[104.10408481472459,30.647634013438843],[104.10448042742473,30.64742191561553],[104.10470581670371,30.647331661360695],[104.10493021584763,30.64723737592413],[104.10527282931636,30.647056349406302],[104.10562850859539,30.646879151979824],[104.10634100502627,30.646569463580395],[104.10682711045567,30.646364054785924],[104.10753681373343,30.646019789663256],[104.10814113455056,30.646977751149095],[104.10873154979787,30.64794759294093],[104.10990475573655,30.649936681240817],[104.11113660848414,30.65188535387993],[104.11174168799823,30.65288396873471],[104.11204426513021,30.65337869944087],[104.11213908980963,30.653917604213643],[104.11220360024842,30.655368694175195],[104.11221396477772,30.656847370184654],[104.11225666768499,30.658516681739627],[104.11226634712457,30.659203485369364],[104.11224883660591,30.659797594433744],[104.11226273145857,30.660686327784358],[104.11223610350837,30.661188547759124],[104.1122363144411,30.66140951648645],[104.11215923563843,30.661644311216534],[104.11208326356626,30.661985076854155],[104.11192601840395,30.662367693369397],[104.11162958654715,30.66310469948995],[104.11141713563485,30.663471843390948],[104.11129602096206,30.663826034203232],[104.1111658503127,30.664153311224965],[104.11108980019752,30.66439504567804],[104.11103573551576,30.66453556985082]]]}},{"type":"Feature","properties":{"name":"八宝街","district":"金牛"},"geometry":{"type":"Polygon","coordinates":[[[104.06297564710614,30.669628414755543],[104.0629665783246,30.669465243816187],[104.05794014800749,30.66937521303336],[104.0568870833696,30.66965701177224],[104.05342463139803,30.671201638635477],[104.048817224113,30.673428005689217],[104.04910312842279,30.673942948966438],[104.04941718275488,30.674883068599268],[104.05014659120786,30.676744315810424],[104.04996280165409,30.677056771555744],[104.05028450785863,30.67774718416989],[104.05087457731965,30.67825198941206],[104.05149112295608,30.67825440719477],[104.05283579138238,30.678898949140788],[104.05425010580018,30.6801172391439],[104.05447780581324,30.68025166992419],[104.05559133148708,30.68086899832171],[104.05794825177287,30.68036780459836],[104.05898366548372,30.680489198614005],[104.05977067770988,30.682766014902892],[104.06011000344381,30.68408218817078],[104.0603596362472,30.684814352900936],[104.06118119306603,30.684639812046324],[104.06583859342967,30.682543570714476],[104.06771257056177,30.68103540242203],[104.06844364679827,30.680704615615873],[104.06931897061024,30.680639942163058],[104.06896076822704,30.67973475627147],[104.06729909987475,30.67739611801913],[104.06544158225788,30.674961645053667],[104.06294045090368,30.671617374971653],[104.06297564710614,30.669628414755543]]]}},{"type":"Feature","properties":{"name":"保利公园","district":"金牛"},"geometry":{"type":"Polygon","coordinates":[[[104.14798828315934,30.741287019234534],[104.15402913424394,30.738923101589055],[104.16356860155312,30.735367817074255],[104.1625364014271,30.72452033980124],[104.16806662942469,30.727279910676284],[104.16398687785264,30.729678989576687],[104.17333727645597,30.732772205284718],[104.17862774805532,30.73119423451771],[104.17928034494517,30.724039498121154],[104.1852427518551,30.72774223248797],[104.19155883798652,30.716642851944144],[104.18772184334347,30.71125262111633],[104.19444585853066,30.712853928587585],[104.19809098643583,30.71368085256096],[104.20010995547231,30.711523798114374],[104.20263046236718,30.709146229539638],[104.20429976050488,30.707305315587377],[104.20614412317738,30.710684768009664],[104.20779242408653,30.713571138799743],[104.20906517940632,30.715622878910768],[104.21305101085679,30.715912338885005],[104.21649283688684,30.716134221405667],[104.21920826226891,30.716322199154376],[104.22362158327756,30.71655264829791],[104.2273623768738,30.71304064983536],[104.22978271988713,30.716255356925206],[104.23201556422218,30.71904812864963],[104.23791221410693,30.726646475274507],[104.24247725357924,30.725328640754697],[104.25667434413036,30.72858602216132],[104.2614780636401,30.724572005313476],[104.26524834132461,30.71969866437178],[104.26894286479282,30.72180449182016],[104.27320792017623,30.715821741389142],[104.27490739831674,30.713192791684254],[104.2783210112,30.708292540025973],[104.27987061197263,30.70973462728599],[104.28031795766488,30.71043352781543],[104.2799406023915,30.71185215402805],[104.27685139586437,30.71605759066997],[104.27296906953453,30.721608403524325],[104.27707702147931,30.722886908735667],[104.27824041862165,30.725444613336904],[104.27500969813549,30.726552102957147],[104.27447006939484,30.727609177356655],[104.28055410904537,30.747373008920686],[104.28211430344527,30.749929404508944],[104.2796883463366,30.75334400611187],[104.25438587159444,30.7868480802768],[104.24150515717322,30.803869376065226],[104.23524596271584,30.812343287377523],[104.23024916742496,30.818876706255672],[104.24019919862458,30.83066059184506],[104.24514673451371,30.836632718653313],[104.24774207565524,30.839804865068626],[104.25133494778045,30.844262707749987],[104.24881842674694,30.84592796840426],[104.23343579921342,30.855594656340255],[104.22583551501704,30.8604868708519],[104.22096336237176,30.86355849054899],[104.2156263546161,30.867011655490625],[104.21533216536213,30.86669958636699],[104.21523434935288,30.866102684260184],[104.21509979832638,30.864910065361155],[104.21511904343564,30.86247082779852],[104.21536431950285,30.8577011229497],[104.2156834775567,30.852939799229667],[104.21551467057537,30.85053031412485],[104.21507678144393,30.848220917644433],[104.2145213945936,30.84647746288612],[104.21392104417109,30.84478650961339],[104.21260462700272,30.841403047525436],[104.2098007248423,30.83468522994777],[104.20838541476425,30.830932469970225],[104.2072946867641,30.82714221848803],[104.2063904467795,30.823220934392033],[104.20558538943254,30.819617726138233],[104.20475187640311,30.815927581068927],[104.20342568446236,30.812602464777807],[104.20252046553499,30.810870786477246],[104.20141767222617,30.809313750314143],[104.20003655532615,30.80759699711702],[104.19798415944776,30.80548096673453],[104.19224011638863,30.79968719160962],[104.1894080598495,30.796737587626904],[104.18690739797319,30.793390255268847],[104.18501591885348,30.790618761383403],[104.18325793586385,30.788097900935526],[104.17939042079738,30.78151051029339],[104.1779543103706,30.778695516074993],[104.17540352093938,30.772637169213514],[104.17163115965066,30.76448887269686],[104.16769697107027,30.756750502966145],[104.16166177751485,30.761853517129982],[104.15531539842263,30.7654817980085],[104.14690903701766,30.769552030780215],[104.13742374947458,30.773703013630545],[104.13220320640092,30.775960562437987],[104.12698102970737,30.778333467194148],[104.1258236945533,30.776738230915406],[104.12317846757279,30.779057212540437],[104.11855458562943,30.780425916413606],[104.11162956029774,30.77397476105704],[104.11053514950338,30.772455899050865],[104.11646404428892,30.768482493357535],[104.1179049497035,30.76775753114715],[104.12689580655234,30.76778236032242],[104.13765421871922,30.768882360190872],[104.13892248943053,30.756653168955946],[104.1369712686384,30.753685720138378],[104.13682643738896,30.75281900912199],[104.13668164590901,30.751921334059467],[104.1366093056741,30.751053722723807],[104.13657318859839,30.750340571029444],[104.13653708678022,30.74969039310785],[104.1362304323714,30.74915869623641],[104.13576153133599,30.746295553249254],[104.13776987812247,30.740361417496434],[104.14273560604695,30.743158920447208],[104.14798828315934,30.741287019234534]]]}},{"type":"Feature","properties":{"name":"茶店子","district":"金牛"},"geometry":{"type":"Polygon","coordinates":[[[104.02879154388285,30.6989707302536],[104.0287785548729,30.698978855503093],[104.02727942485727,30.70027097671251],[104.02632271089819,30.70110749764341],[104.02554579582596,30.701788525478875],[104.0244366929676,30.70276813564163],[104.02352442719614,30.70356395294124],[104.02217577520479,30.704688424927074],[104.02100288903416,30.705746320988656],[104.02012615172302,30.70642652856796],[104.0192901000993,30.70739427974603],[104.01858368483124,30.708758932690863],[104.01828212855777,30.70923762144308],[104.01620654263557,30.708187085760514],[104.0149209339072,30.707566494148097],[104.01333480062003,30.707059929081773],[104.01016104231368,30.706138550904058],[104.00822723595269,30.70554818905745],[104.00607852739654,30.704417448871798],[104.00479363756,30.703565711369592],[104.00572053930593,30.70194991972053],[104.00711108372093,30.699856345041763],[104.00748873006742,30.699328353491158],[104.00882468649925,30.698186199507923],[104.00896889543175,30.698058490040562],[104.0099223088431,30.69701272086647],[104.00992230131642,30.697039706421176],[104.01171671682394,30.695329385810204],[104.01347076842906,30.694051165252322],[104.01706307174426,30.691751762210522],[104.01799769794142,30.69123202292052],[104.02052279402604,30.693425925850384],[104.02249888648304,30.695095357710045],[104.02506693350168,30.697093290938838],[104.02878255209488,30.698974817827125],[104.02879154388285,30.6989707302536]]]}},{"type":"Feature","properties":{"name":"成外","district":"金牛"},"geometry":{"type":"Polygon","coordinates":[[[103.98108536770783,30.733363340446502],[103.97935796014167,30.73274064289057],[103.97571294276767,30.73158060333047],[103.97370063771281,30.733464769711276],[103.9748675249334,30.734713937430914],[103.9759352960574,30.735798187436995],[103.97665495784207,30.73651046263377],[103.97558928271404,30.737519371230732],[103.9743545135401,30.73868319904713],[103.97355745107166,30.73944338567347],[103.97652821950973,30.7426165084119],[103.97759281034139,30.74359136938945],[103.97836184510797,30.744240524772476],[103.97960655125641,30.744914068577348],[103.98134815609608,30.745943130446904],[103.98364418649007,30.74283287051997],[103.98525742434742,30.74407205548214],[103.98663777066704,30.745019809788815],[103.98814436800788,30.746111563704694],[103.98836019785341,30.74593515808128],[103.99225440326396,30.749218294746527],[103.9955522110854,30.745902703297354],[103.99488835124194,30.74533970690537],[103.99608299226267,30.744370975825166],[103.99635707295347,30.744362444503036],[103.99678871930539,30.743338883566977],[103.99727035729356,30.742497280194662],[103.99737849312802,30.742336541564224],[103.99781872211112,30.74229001005724],[103.99833584426233,30.742552850032613],[103.99883416548232,30.74249412832978],[104.00023285808768,30.741223903432193],[104.0013484439023,30.740133196832648],[103.99801095411236,30.737564949990087],[103.99492162885369,30.734359754533383],[103.98918705080841,30.7269438662903],[103.9829581741137,30.73395642404422],[103.98108536770783,30.733363340446502]]]}},{"type":"Feature","properties":{"name":"抚琴小区","district":"金牛"},"geometry":{"type":"Polygon","coordinates":[[[104.02840710190918,30.684203319184462],[104.02839437742666,30.684391889859025],[104.02850658132888,30.68447611375777],[104.028658973755,30.68457362632741],[104.02926948541233,30.68515740767226],[104.0302744497671,30.68600185212845],[104.03228366521985,30.687786170738484],[104.03328789309688,30.688680092045058],[104.03430982161933,30.689558781810707],[104.03664009770385,30.691426832533665],[104.04204580397752,30.684358686070446],[104.03878463599602,30.67861526397313],[104.03629567687439,30.679832194170572],[104.03502421438286,30.680412352835905],[104.03371552752263,30.68111811207601],[104.03195840234056,30.682154484078648],[104.02840710190918,30.684203319184462]]]}},{"type":"Feature","properties":{"name":"高家庄","district":"金牛"},"geometry":{"type":"Polygon","coordinates":[[[104.00348459993357,30.70467695653473],[104.00239191918467,30.705631931879953],[104.00141945296656,30.70649946082057],[104.00067735048724,30.707184645578366],[103.99979112521106,30.7079412077037],[103.99870268599753,30.70889192939895],[103.99793875562536,30.709536811249784],[103.99703469356601,30.710342705736192],[103.99613473927305,30.71112617477452],[103.99507876789829,30.71201666410835],[103.99371673927698,30.713158060147677],[103.9927321661711,30.713979145406935],[103.992377948443,30.71432503161551],[103.99195986320879,30.71457981496706],[103.99019894203369,30.715546016733978],[103.9890272530616,30.716247244414962],[103.98779789648724,30.716951138963974],[103.98662578061372,30.71763532581004],[103.98546389214103,30.71836032118287],[103.98473681159143,30.718738714913336],[103.98418947648594,30.719124167326402],[103.98366005468203,30.719620144097373],[103.98245753619415,30.720804265067226],[103.98128392517242,30.720400235344925],[103.97849011607964,30.719596304276998],[103.9742405068205,30.718447540589004],[103.97349716790573,30.719998009072025],[103.97291496922172,30.720803789530358],[103.97216264979812,30.721609964987568],[103.97010534306703,30.72310808665451],[103.96778141511534,30.724617299131744],[103.96624443371721,30.725508272188446],[103.96552007339754,30.726208719532956],[103.96487516430192,30.72803353610755],[103.96350123000326,30.72765867112483],[103.96370619165215,30.727388623378733],[103.96322444728162,30.727237592815836],[103.96030711141488,30.726108221195357],[103.9586303581902,30.725578186910557],[103.95688252555217,30.724936967933758],[103.95458317601202,30.724132373682853],[103.95349553784696,30.723839132938412],[103.95306770888178,30.723848339237016],[103.95341659943792,30.723387415545616],[103.95213348202236,30.722128854236725],[103.95202868263729,30.720778437402757],[103.95186880254859,30.719891897269],[103.95293957470525,30.719162177491302],[103.95395607406378,30.719113914788664],[103.95447265086094,30.719694317301855],[103.95547881373315,30.720111071237138],[103.95663906727427,30.7194281940681],[103.95831620515118,30.719262413324557],[103.95940563931346,30.718188559937044],[103.95997678174524,30.717093604582878],[103.9602642316208,30.715653744503857],[103.95976570767053,30.714594188491336],[103.96110341128166,30.714716113982988],[103.96153228796699,30.71495321361919],[103.96231696037312,30.715053672034333],[103.96787038651986,30.71439759345952],[103.96881878968041,30.713672921906984],[103.96917691258031,30.7125113953069],[103.96966073232205,30.710915574055733],[103.9694658517663,30.708370555387578],[103.9713431436523,30.708423890934505],[103.97200550223863,30.70764896749021],[103.97161235965969,30.70632997631618],[103.97236454189331,30.705136316394203],[103.97188246663724,30.70414300760467],[103.97123951847747,30.702558427880238],[103.97275968238174,30.701631126698178],[103.97360111457192,30.701088339152303],[103.97401384939232,30.699804298801826],[103.97522202256745,30.699090477843388],[103.97659993065452,30.698173172707982],[103.97763842238136,30.69724720534153],[103.97856955420936,30.695955863268146],[103.9807548897099,30.696023773525084],[103.98107789236388,30.696518679737668],[103.98263707121083,30.69594984970049],[103.98351487293601,30.696920739908933],[103.9852006888842,30.696425533796262],[103.98826835009785,30.6960676218353],[103.98882438759878,30.697550258947224],[103.98896792276479,30.698572962044608],[103.98868012475117,30.698824284185577],[103.98783713070648,30.698648178685133],[103.98724482035014,30.698825646066062],[103.98693910676623,30.69918572834221],[103.98661607585566,30.70041441360803],[103.98736965004143,30.701259870428768],[103.98738693067871,30.702640838507453],[103.98697329071669,30.703002087399707],[103.98605865456454,30.702996516405214],[103.98491069912521,30.702851505645896],[103.98390634127028,30.703418815071295],[103.9839510791516,30.70371326067145],[103.98481062595538,30.704974053571924],[103.98518767039869,30.70539034705907],[103.98544712400091,30.705530825218332],[103.98615096387479,30.705535962377397],[103.98651924578189,30.705769063824494],[103.98693561148201,30.705818671120824],[103.98720011652445,30.7060137025021],[103.98724485397658,30.706308020141407],[103.98690401322438,30.7067453852958],[103.98667932707595,30.706755742260462],[103.98639286565863,30.706595807630503],[103.98553190831036,30.70707398605432],[103.98597086978464,30.707500432920465],[103.98653857122667,30.708061309704664],[103.98726589165767,30.708906005767236],[103.98914124582608,30.706945641632842],[103.99000306927228,30.707540402868066],[103.99087405603728,30.706729490886755],[103.99159238733843,30.70711539166138],[103.9937278737808,30.705525314075825],[103.99578783285571,30.707167682402552],[103.99646640531083,30.70661287059736],[103.99716289898333,30.706256399718843],[103.9969702574087,30.705624086434483],[103.99703347769103,30.70532821487551],[103.99731175377845,30.705074658051963],[103.99702487489829,30.704707769623965],[103.99891654265484,30.70350779228098],[103.99823355878824,30.702790241690565],[103.99927666816777,30.701856431739735],[103.99862069674366,30.70096858462654],[104.00040129647891,30.700067242162486],[104.00088341895024,30.700656081314413],[104.00146147346538,30.701560879596272],[104.00220771707005,30.702377488170008],[104.00353741084712,30.703430763169628],[104.00419388496506,30.703767052784787],[104.00442593991625,30.703877529631942],[104.00348459993357,30.70467695653473]]]}},{"type":"Feature","properties":{"name":"高新西","district":"金牛"},"geometry":{"type":"Polygon","coordinates":[[[103.91928707781408,30.806481878757893],[103.9185522430221,30.8070247041979],[103.91737666256033,30.807552485897236],[103.91451222669498,30.808405255921567],[103.91438718180507,30.808125851222524],[103.91179836604833,30.80489162900072],[103.90633330384462,30.797592695713604],[103.9028524233359,30.79290136254593],[103.90054314691449,30.789967590828578],[103.89710248728188,30.785517566042433],[103.89413090895259,30.782087178383268],[103.8928561000015,30.780269056411704],[103.88936708226292,30.77533764756251],[103.88509100253593,30.769623052549935],[103.88671530421776,30.767783305759675],[103.88761745771457,30.766884420798604],[103.88920538320272,30.764642132102388],[103.89039660519512,30.762947971626247],[103.8934644308816,30.759798498780842],[103.89487164417973,30.758629661124587],[103.89645942125654,30.75739575021983],[103.9003917926582,30.755263463979734],[103.90341968525519,30.75352032692567],[103.90921767689025,30.75288700196686],[103.91030616575263,30.751762677760272],[103.91081878990141,30.751077618035268],[103.91129531818233,30.750484932236144],[103.91147554784433,30.749995106248836],[103.91207811627001,30.749339998710045],[103.91275260222726,30.748824735149775],[103.91558218902814,30.74704574300909],[103.91761312808657,30.7436608481721],[103.91804388807932,30.74321072347844],[103.9198469702873,30.74202440391204],[103.9241328858226,30.738963734014796],[103.92493964146544,30.73861052505248],[103.92833287645905,30.736297386233417],[103.93202728683266,30.734459806067854],[103.93243019368106,30.734486698484506],[103.93357279779265,30.734863032103892],[103.93435048716216,30.734871340004428],[103.93509140344347,30.73470867397051],[103.93947726199515,30.732420099887484],[103.94068289377792,30.73169967101817],[103.94123656439103,30.73124251806545],[103.94294354109705,30.728365293524455],[103.94338230073615,30.726541845793268],[103.9442300895132,30.72573945814262],[103.94481923773809,30.725368136731113],[103.94523869850931,30.724892499652405],[103.94524877871599,30.723791487438266],[103.94548135474199,30.72353901372618],[103.94581103767317,30.723458806122075],[103.94753146321467,30.724343880442632],[103.94879674980976,30.72464982431189],[103.95033113130671,30.724810568703393],[103.95067854505879,30.724800485202465],[103.95188276318017,30.7245924949321],[103.95278270373387,30.723969363997636],[103.956420578634,30.725218050144328],[103.96323383101272,30.72778025917949],[103.95981452514259,30.730041961825208],[103.95748838918539,30.731663200695593],[103.96062123848375,30.735172710958075],[103.96248005454015,30.73725346461892],[103.96502727782374,30.73927145815589],[103.9682138880708,30.74172305320521],[103.96936094222309,30.742867678035477],[103.97191531881323,30.746280652851254],[103.96998849393668,30.74775216917202],[103.96718746751228,30.749579592639545],[103.96148691854464,30.752488630903635],[103.95785615887456,30.75420633498278],[103.95256825723156,30.756697226969433],[103.94725056880723,30.759114908680857],[103.94593061865457,30.76011551212876],[103.94484794890789,30.761286537549207],[103.94432216990383,30.762279664256457],[103.94299387227132,30.76470402403809],[103.94197801776215,30.76642630478348],[103.94106886498128,30.76732155992371],[103.93927706283,30.76901915963717],[103.93830398505568,30.769836394057474],[103.93601136341981,30.771320949880877],[103.93310037068366,30.773095477477902],[103.93536580038328,30.778780552355848],[103.93161573539183,30.78139390403995],[103.93052631480741,30.782701799211804],[103.92966070245639,30.78412921997347],[103.92656186695586,30.789962059376595],[103.92539984551777,30.79215711370398],[103.92450657220917,30.79445626249368],[103.92386333643081,30.79697284604933],[103.92327307169123,30.79861416330992],[103.9223785477677,30.800603741182833],[103.92107093498137,30.803631742106262],[103.9206142431582,30.804684640315344],[103.92008554017679,30.805668657363242],[103.9197183039094,30.806141192836197],[103.91928707781408,30.806481878757893]]]}},{"type":"Feature","properties":{"name":"国宾","district":"金牛"},"geometry":{"type":"Polygon","coordinates":[[[104.00172468191545,30.70654876686666],[103.9966209796124,30.711010180542136],[103.9946521538897,30.712665945028526],[103.99365742968622,30.71349970514061],[103.9927627948356,30.714362406238987],[103.98976774109633,30.71609414156339],[103.98837229788079,30.716883582895417],[103.98699821810739,30.71766637434866],[103.98431008347217,30.71927302477589],[103.98326019715056,30.72031674160494],[103.98225038345844,30.721429210861444],[103.98015666717976,30.72365292478192],[103.97989212208259,30.723964985508246],[103.97948000169076,30.724319620284533],[103.97870954466825,30.725183122813927],[103.97725187374913,30.72680145295934],[103.97636518004477,30.72776059059053],[103.97547962588358,30.728770002662436],[103.97376118814401,30.730468062327486],[103.9749238669033,30.730824825563527],[103.97611274230471,30.731197357866574],[103.97835003838995,30.73185726474311],[103.9795946441436,30.732293922892232],[103.9808935195832,30.732674966977072],[103.98301550149303,30.733444378897158],[103.98328406846697,30.73326047287403],[103.9838034809322,30.732685782852474],[103.98453475251611,30.7318962005815],[103.98597066095327,30.730394956337925],[103.98923635138209,30.726606524721138],[103.99545139083416,30.73471099748919],[104.00155696423492,30.73112697067358],[104.0039917749053,30.72957634282243],[104.00523683260073,30.72882409689662],[104.00573181070732,30.72838491855686],[104.00606561396603,30.727951826481547],[104.0063857719051,30.727159276791763],[104.00663386361857,30.726362119909343],[104.007211158518,30.72477023437254],[104.0081789692787,30.723130838747785],[104.00936397002761,30.721553239914783],[104.01434147431132,30.71544520817516],[104.0154036066889,30.71422391644823],[104.016345901743,30.712591420816338],[104.01800164825123,30.709619064232026],[104.01612918943117,30.70855818848089],[104.01401597961005,30.707714892946374],[104.01186831038783,30.70700644364834],[104.00748122888675,30.705771456172428],[104.00473024793011,30.70410257910396],[104.00473026686564,30.70407159887214],[104.00172468191545,30.70654876686666],[104.00172468191545,30.70654876686666]]]}},{"type":"Feature","properties":{"name":"花牌坊","district":"金牛"},"geometry":{"type":"Polygon","coordinates":[[[104.0391783403995,30.678594785779033],[104.03909250595588,30.678404928447844],[104.040193429046,30.677880357994404],[104.0412044408514,30.677391780075645],[104.04324868868743,30.67640536672327],[104.04438838688179,30.675810940217435],[104.04547900612387,30.675171401240245],[104.04621226659616,30.674762948910086],[104.04698520819974,30.67433216135835],[104.0485019319901,30.673514796697276],[104.04886463169282,30.674266163681942],[104.04900727163579,30.674776073109204],[104.04922944497753,30.67523959017629],[104.04968694106105,30.67599067370673],[104.04980324426168,30.676201172277864],[104.04984354905687,30.67634121758075],[104.04986595634239,30.67644230928055],[104.04988387703028,30.67651619622943],[104.04990179213355,30.6765823205108],[104.0499197070289,30.67664844493021],[104.04992423546511,30.676737751957692],[104.04990196714955,30.67683849163043],[104.0498355185472,30.677099758835915],[104.05014032404394,30.67779300452184],[104.0507035717246,30.67832551451676],[104.05103311341495,30.678377083726698],[104.05125253902231,30.678369249105543],[104.05182819855587,30.678504522854094],[104.05239824728093,30.678755719284787],[104.05284980801684,30.67906304364559],[104.05338590851807,30.679491328867154],[104.05389014648648,30.679904459422943],[104.0542103876538,30.680194789520165],[104.05461211171924,30.68047107757799],[104.0551788577196,30.680849288858514],[104.05542937953341,30.68096510729411],[104.05584179856668,30.680899898322696],[104.0564201483363,30.68080577208368],[104.05725680022304,30.680649027168222],[104.05827229540482,30.68058489356967],[104.058754258107,30.68069912188393],[104.05890344580287,30.680984996366906],[104.05903383716552,30.681444578428938],[104.05931038074358,30.682135036855787],[104.05944467819862,30.6825017153665],[104.05954320573355,30.682879915211025],[104.05972617390827,30.683250257477564],[104.05985149097063,30.68357484468037],[104.05997881674385,30.68397143950684],[104.06028217372489,30.684907257917708],[104.06104891808182,30.684695307948786],[104.06142381929345,30.684917881228227],[104.06163791982009,30.684672544225105],[104.06194212915787,30.68448062135031],[104.06229869429599,30.684252798274947],[104.06262447371058,30.684067550747766],[104.06307044163624,30.68384808932769],[104.06396737733527,30.68352034296431],[104.06470342016136,30.683306323835797],[104.06577024846423,30.683007393913567],[104.0664257706434,30.682637399488854],[104.06713981636007,30.6820503979484],[104.06760756443897,30.6816456237692],[104.06801375002847,30.68130689987957],[104.06849152702793,30.681065237825372],[104.06922767152119,30.68085549208348],[104.06935008945105,30.68124623633068],[104.06947557294443,30.68182196817331],[104.06967185840142,30.682997578915224],[104.07008809110486,30.685339098478696],[104.0705349639562,30.688136810390578],[104.0697360339342,30.688147706674584],[104.06845526809057,30.68817523075279],[104.06645233868721,30.68819881588448],[104.06238718635507,30.688227600723053],[104.06171362707772,30.688229981294068],[104.0610261478798,30.68824330071205],[104.05964715386538,30.68824738020812],[104.05692956177656,30.68826336918666],[104.0561305400912,30.688117802757098],[104.05518335159645,30.687908916520758],[104.05346066154279,30.68754842852309],[104.05153970985039,30.687188986406966],[104.05145516589867,30.687091262589803],[104.05017719114643,30.686820466634565],[104.04846220609298,30.68647783632799],[104.04674970325961,30.686172459606926],[104.04490322514717,30.685759944997102],[104.04481858598744,30.685693639423608],[104.04357986794301,30.68530564797144],[104.04310974018468,30.685005528956943],[104.04274310751883,30.684600846471753],[104.04246112247611,30.684255410673668],[104.04219700010795,30.683793109739778],[104.04195576506615,30.6833338972785],[104.04147226822079,30.682495589773094],[104.04113131609662,30.681983466068722],[104.04100574331635,30.681901412994325],[104.04038349262036,30.680872536977308],[104.04026280141657,30.680643607379917],[104.04027565924733,30.680461658235266],[104.03998441416368,30.679972855991515],[104.03972903769304,30.679518095751106],[104.0391783403995,30.678594785779033]]]}},{"type":"Feature","properties":{"name":"华侨城","district":"金牛"},"geometry":{"type":"Polygon","coordinates":[[[104.00341051860235,30.730263855666973],[104.00607431629197,30.728258416154027],[104.00767014897734,30.724319721495522],[104.00825588049322,30.723300217299503],[104.00982271372271,30.7213395887964],[104.01278575655209,30.717638271241636],[104.01571094420078,30.714141486212696],[104.01825979261734,30.709629713794595],[104.02489945862764,30.713263769042502],[104.02861319679401,30.715965868276232],[104.03232391579988,30.718865616706932],[104.03875266461425,30.723721370614182],[104.04204921528063,30.726300518917917],[104.0428842011729,30.726952572989287],[104.04377387982915,30.727540444397796],[104.0446456297511,30.727982039096542],[104.04554821345765,30.728299507760404],[104.0469908621087,30.728778468714296],[104.04917173713856,30.728792671249764],[104.05249546335241,30.728635209977426],[104.05563889888083,30.72837394934717],[104.06521704423108,30.72718618057509],[104.08700189353296,30.72599846676489],[104.0944539575759,30.732241406333504],[104.09157213293656,30.753571550895536],[104.09095956257534,30.75650614204417],[104.07224885271688,30.748376052834836],[104.07046349755842,30.746643254209395],[104.06534176670372,30.744100160398453],[104.06380688912853,30.744155299449154],[104.059039813686,30.7479030374592],[104.05655809632745,30.750632078667323],[104.05462988747233,30.751990076943798],[104.05213762632587,30.753585710451112],[104.0488597075324,30.754147167233793],[104.04758130029825,30.754565485200025],[104.04677634450655,30.75518151245037],[104.0405776201257,30.753255439063892],[104.03797245339949,30.750551256296042],[104.03656396523796,30.74903081567285],[104.03771085032702,30.7476007480221],[104.03545374479437,30.746243503260644],[104.03437812457837,30.74690003935025],[104.03165365758417,30.744250150056317],[104.03664007345216,30.739105063621597],[104.0342767576166,30.735982607093213],[104.03309303333656,30.736578894850588],[104.03219700536008,30.735840572237507],[104.0316957136652,30.734758685643556],[104.03122998814098,30.734017910082823],[104.03006309441584,30.734989308978108],[104.02946110377579,30.735338558169104],[104.0286165452633,30.735997336166623],[104.0274311658916,30.736646399754964],[104.02665944860154,30.73704984490585],[104.02608472966489,30.737165553932428],[104.0258778021632,30.737226015047995],[104.02620157373411,30.737280071883664],[104.02603066180359,30.737298110724666],[104.02589562175665,30.737454635336643],[104.02584177516475,30.73728840970974],[104.02563964619183,30.737605665219064],[104.02515067420342,30.737878594100046],[104.02456541670783,30.73854467285244],[104.02415218636952,30.739049790725158],[104.02334295485063,30.739619438330873],[104.02273439022935,30.739495156791918],[104.02283022621533,30.74083582582059],[104.02299602194675,30.741163254727162],[104.02339087425749,30.74135159961477],[104.02355957037935,30.741406618422083],[104.0237032857924,30.74138913958727],[104.02362238630637,30.74150268282668],[104.02354470832084,30.74160230598807],[104.0234906605616,30.741699986839055],[104.02342355552962,30.741902781218386],[104.02317621673083,30.74257678661468],[104.02291491429763,30.74320106696536],[104.0224475419243,30.74398726229839],[104.02222754389405,30.74396347592249],[104.02160754608207,30.743820738143896],[104.02126653910064,30.74370995012799],[104.02093448339211,30.743672045410605],[104.02042640395702,30.743541008566968],[104.01953216731812,30.74334134496068],[104.01878312569296,30.743223863550092],[104.01867361352319,30.743623193563725],[104.018611394074,30.74401597475987],[104.01851200486824,30.744766154495924],[104.01847557641028,30.745778138469557],[104.01843429134786,30.74650438885734],[104.01835292733497,30.74750515666083],[104.0181823923618,30.749265011591323],[104.01816828195227,30.74980794943339],[104.0180961843565,30.7501349830918],[104.01812315911128,30.750413379380483],[104.01810508989568,30.750859445122597],[104.01802568727504,30.75117693095485],[104.01756471386321,30.751139450685937],[104.01654999036026,30.751080011596464],[104.01526493368972,30.7510178267952],[104.01306181646355,30.750980180608465],[104.01031102811315,30.750929608566032],[104.0105840723054,30.75134877739561],[104.01137087714957,30.752482208106162],[104.01211768387083,30.75350257735301],[104.01253514704801,30.75403347487414],[104.01334006815942,30.755162930729732],[104.01409197676223,30.756350522903936],[104.01416308514722,30.756582117003653],[104.0136378016969,30.75773927600065],[104.01355680292279,30.758082627638483],[104.01325167823856,30.758781991282973],[104.01287853323154,30.759583614301757],[104.01215038122386,30.761307600439842],[104.01016296919165,30.76087553738683],[104.00846787776243,30.76058326258326],[104.00683986053384,30.760272832691932],[104.00404655212795,30.759717733362844],[104.00035986260868,30.75890293064349],[103.99847244854502,30.758455860004524],[103.99455401107308,30.757792440469906],[103.99449955431349,30.75371417514423],[103.99414138596586,30.74796584066283],[104.00309382146983,30.740219989848033],[103.99709335067895,30.73429554325384],[104.00071260063858,30.731833987831667],[104.00341051860235,30.730263855666973]]]}},{"type":"Feature","properties":{"name":"花照壁","district":"金牛"},"geometry":{"type":"Polygon","coordinates":[[[104.01845216349628,30.709312725724036],[104.01868663220237,30.708893129590646],[104.01958631829196,30.707277565263734],[104.02015301012048,30.706635960268365],[104.02020713343214,30.706491204180203],[104.02077764653045,30.70601361148393],[104.02142117115706,30.705460143865473],[104.02218970536357,30.70479714898352],[104.02347933644141,30.703724472843074],[104.02608869345552,30.701425103102242],[104.02672257141982,30.700850962971405],[104.02742732990377,30.700214367257843],[104.02885445511006,30.699021074010407],[104.03471373188802,30.70259982693945],[104.03757517363111,30.704257027668103],[104.03909684796851,30.705134709457365],[104.0406000401687,30.70603342681168],[104.04004452438761,30.706707992051054],[104.03950286900839,30.707394806301668],[104.03839137321329,30.70880822189184],[104.03781754703259,30.709522868991172],[104.03727055854291,30.71023373250917],[104.03615342807407,30.711626350267665],[104.0315585301089,30.717616255727464],[104.03085521155374,30.717060328617542],[104.03010187796076,30.716481274614093],[104.0286278446999,30.715293236327714],[104.0272242503428,30.714160067081906],[104.02573027036777,30.713064456059357],[104.02491809770079,30.712567051756306],[104.0240837361287,30.71215133979481],[104.02238666474092,30.711309707929622],[104.02155595429721,30.710892292444754],[104.02073915682146,30.710458076425798],[104.01901422284084,30.709598224759972],[104.01845216349628,30.709312725724036]]]}},{"type":"Feature","properties":{"name":"金府","district":"金牛"},"geometry":{"type":"Polygon","coordinates":[[[104.04705715100917,30.713506537964726],[104.04654265808757,30.713499714747726],[104.04536225726088,30.71344707819918],[104.0439944931173,30.71329506300522],[104.04287134613658,30.713156144459735],[104.0417399369935,30.713053280867058],[104.03932386398857,30.712801095063828],[104.03811487686654,30.71265496397468],[104.03690557696383,30.712503141671814],[104.0361530450775,30.712051040087715],[104.0339816297182,30.71486114608758],[104.03343409433435,30.715569831661288],[104.03287346716435,30.71632282549956],[104.03225389589986,30.717051523677274],[104.03172505009064,30.717812828026734],[104.03611297199491,30.721262145774148],[104.0382609582127,30.72301572730255],[104.04030944141998,30.724634531148762],[104.04061314660335,30.72483240828425],[104.04089484184108,30.72509930254613],[104.04200778510011,30.725903765019872],[104.04262074978723,30.726485376957083],[104.04342096427006,30.72696088749228],[104.04432346213778,30.727576191459583],[104.04561919998834,30.72798407000417],[104.04617093790652,30.726672711249268],[104.04642142130253,30.726011498670935],[104.04657004193884,30.725686531622813],[104.04682039061029,30.72514430824249],[104.04702683151511,30.724711800049395],[104.0480920062719,30.723275419111587],[104.04905751893187,30.722786456274395],[104.05009421193935,30.72256156005903],[104.05184572412865,30.722312905206106],[104.05274786577816,30.7219917759116],[104.05359646817193,30.721430800194607],[104.05413292680457,30.720803945083148],[104.05442007817784,30.719965690498405],[104.0545725447988,30.719594641657913],[104.05459886509007,30.719134282524294],[104.05476075354927,30.71829470965395],[104.05557506698247,30.717031884703978],[104.0549633558283,30.716497327439605],[104.05437056097172,30.715886246019732],[104.0536297041313,30.71516790355577],[104.05263931922725,30.71434851266431],[104.05151425478132,30.713837307905333],[104.05044235230056,30.713700133331027],[104.04812878191498,30.7135130993888],[104.04760643616746,30.713497797173382],[104.04705715100917,30.713506537964726]]]}},{"type":"Feature","properties":{"name":"金牛万达","district":"金牛"},"geometry":{"type":"Polygon","coordinates":[[[104.06399703873987,30.696954003182544],[104.06390366060002,30.69693763441795],[104.06390765405625,30.696867730472416],[104.06117166042797,30.696986255052078],[104.0580469243686,30.69697528641827],[104.0576729273522,30.69411600341208],[104.05690596537829,30.690924960263523],[104.0583873328816,30.688521633538816],[104.06721933926572,30.68835837251438],[104.06808072460186,30.688344466648278],[104.06894215592811,30.688349566285982],[104.0698612680581,30.68833253284519],[104.07057077022502,30.68832027851314],[104.07060655636018,30.688389791356602],[104.0763528588388,30.686409327111672],[104.07744279491047,30.686005318059046],[104.07850508708556,30.68562747550605],[104.08054371698157,30.684861252812567],[104.08128115843189,30.684544087414388],[104.08204063840917,30.68428086144402],[104.08632202990138,30.682174112019016],[104.08878203857476,30.685894869131335],[104.09119314594801,30.689485813523163],[104.09027011419269,30.689511837149656],[104.08963362780433,30.689647979978727],[104.08929549545476,30.689886737927075],[104.08918379506439,30.69003694843824],[104.08916586221605,30.690289724071516],[104.08912099949542,30.690603295115128],[104.08944819347293,30.691191156801583],[104.08982428250604,30.691807218341985],[104.08940330749665,30.692238402480623],[104.0889554488844,30.692554324943885],[104.08859240726946,30.692884686234258],[104.08879382796295,30.69334785956107],[104.08897731566014,30.693620970912782],[104.0892146664621,30.69392939167925],[104.08951686353555,30.69426416637743],[104.09054742182144,30.694557114473742],[104.0908078137809,30.694876368136146],[104.0911298659623,30.69629032246305],[104.09082441792648,30.696599574860862],[104.09016178867985,30.69692171922474],[104.0887720470954,30.697618543922985],[104.09013791826696,30.699642080947225],[104.07904363213314,30.69960093138812],[104.07898376914912,30.69723047667617],[104.07901564112596,30.697114945073526],[104.07912212623759,30.697034343626694],[104.07887637689936,30.69701221902956],[104.07890329766842,30.696802674874398],[104.07815714358952,30.696804997304845],[104.07728576774312,30.696805403712087],[104.0756110206428,30.696832312553756],[104.07226676871487,30.696861763823843],[104.06556370176398,30.696931360469968],[104.06399703873987,30.696954003182544]]]}},{"type":"Feature","properties":{"name":"金沙","district":"金牛"},"geometry":{"type":"Polygon","coordinates":[[[103.9884966532185,30.676494984770407],[103.98970457354636,30.676569197295546],[103.99075478441688,30.676516538518758],[103.99142739832672,30.67649639924587],[103.99245101593924,30.676531918090912],[103.9929008388553,30.676452369615973],[103.99473759091927,30.67630336566922],[104.00447131784621,30.67533857708318],[104.00730318875107,30.674900156195992],[104.00756970890907,30.67656365898628],[104.00766404643096,30.676891763919997],[104.00782643520563,30.677183561105725],[104.00806993822539,30.677508783217718],[104.00938849037593,30.679101973466008],[104.0129158202182,30.683879602479834],[104.01136932141866,30.68434357464566],[104.01023650139408,30.685715716984962],[104.00888796275619,30.68578861529255],[104.00790060620362,30.687555343968015],[104.00773886667425,30.688287976604073],[104.00647779296106,30.688411188138915],[104.00577701608071,30.688502664395372],[104.0049850588232,30.68805206393945],[104.00351186014628,30.686925646699752],[103.99995168864056,30.68817133326081],[104.00099480173628,30.69004589811912],[104.00181304240594,30.691404321404978],[104.00210076189907,30.691445521552538],[104.00201983267334,30.69115214992372],[104.00349892877423,30.69034443428831],[104.00366531311609,30.690795248339274],[104.00376423371506,30.690909771144018],[104.00384517036879,30.691047914219993],[104.00252336253932,30.69194976971644],[104.00228059221259,30.691690480571733],[104.00197488561695,30.691533228934375],[104.00239747689122,30.692215965212053],[104.00274811654899,30.69299311781628],[104.00439371751634,30.692286810445665],[104.00476242094096,30.69212456229767],[104.00635693858011,30.691388276129395],[104.00858244882447,30.69020480079242],[104.00954962621105,30.69172650039858],[104.00627176280175,30.693500944575817],[104.0051394288583,30.69417441744593],[104.00373701359938,30.694937562172807],[104.00489655470241,30.697150024964824],[104.00620821530829,30.69634973480431],[104.00705072770636,30.695839962006424],[104.00711366034388,30.695935734472922],[104.00765749771328,30.69699595892942],[104.00709081425441,30.697348290517084],[104.00650615072634,30.697677684094835],[104.00556169681997,30.698223466173108],[104.00565157206168,30.69838466636665],[104.00679317677964,30.699774680692347],[104.00556037980378,30.701404360626892],[104.00458658142738,30.703282858073287],[104.00261838471371,30.701830127773025],[104.00116793086772,30.700018226122086],[103.99799050107933,30.691812394940087],[103.99441371518941,30.686283637797242],[103.9884966532185,30.676494984770407]]]}},{"type":"Feature","properties":{"name":"九里堤","district":"金牛"},"geometry":{"type":"Polygon","coordinates":[[[104.04551872704933,30.713245913222185],[104.04805726124852,30.71339172265219],[104.05049221150362,30.71356064961925],[104.0516178096703,30.713690354693696],[104.05271589674318,30.714325280657242],[104.05375990534198,30.715193245158687],[104.05478982313402,30.71608769937704],[104.05640758859519,30.714330702995184],[104.05701546292005,30.7136166129521],[104.05735601084456,30.712877370432206],[104.05686073577209,30.70750403618018],[104.05689784347773,30.705673709242596],[104.05712513297817,30.70460519700322],[104.05707706364352,30.703611235780293],[104.05709025020019,30.703161679975867],[104.05718890540118,30.70268219650385],[104.057694294626,30.70159417891428],[104.05810893704823,30.701029790796838],[104.05865374167871,30.700408205396748],[104.05939919275113,30.699824394716607],[104.05988111583403,30.699706950170576],[104.06035903438244,30.699631514933987],[104.06096606109111,30.699639911760116],[104.0619614812279,30.699735897149154],[104.06296482381038,30.699831287693634],[104.06414302732145,30.69986054956657],[104.06404103779039,30.699044506832653],[104.06395188501533,30.69835657508105],[104.06378237894329,30.697221696153985],[104.06286741876767,30.697239315870476],[104.0615957981907,30.69724408896795],[104.05938224849096,30.697263596183827],[104.05491935250093,30.69735252546322],[104.05502109441753,30.699141672414378],[104.05504721264295,30.700779016463915],[104.05507862122442,30.701578892209696],[104.05507817798349,30.702408382443796],[104.05492908999749,30.704086659937023],[104.05482254850955,30.704384282249706],[104.05465239331255,30.70467321347411],[104.05394214256415,30.705453030831393],[104.05269961454192,30.70665055389702],[104.05050794102989,30.705346522985405],[104.04820799049885,30.704065170429846],[104.0472498529127,30.705509265143913],[104.04726312906892,30.70643672687532],[104.04731931310388,30.708445688808084],[104.04590571888133,30.710148942469488],[104.04573021925164,30.711649041211718],[104.04551872704933,30.713245913222185]]]}},{"type":"Feature","properties":{"name":"马鞍路","district":"金牛"},"geometry":{"type":"Polygon","coordinates":[[[104.09186206904167,30.679225433615095],[104.09183515960888,30.679295293747593],[104.0881886860673,30.681090231552297],[104.08360661333006,30.683308061417886],[104.08219285701793,30.683991660521063],[104.08068197566888,30.684617993545682],[104.0757850318484,30.686385436680904],[104.07325800442493,30.68731177808466],[104.07079432244375,30.68808974496167],[104.06979293959768,30.68266552200491],[104.06956850717367,30.68089265781367],[104.07182713473384,30.680600811890532],[104.07308507458639,30.679928673086852],[104.07396038001338,30.67914169139161],[104.07472768689827,30.678826843569848],[104.07599613344043,30.678339898574226],[104.07973004741122,30.676324763998558],[104.08112375765248,30.675456793134295],[104.08287691864322,30.675359523728428],[104.08398590738564,30.674734215958267],[104.08491557139207,30.67375352852662],[104.08585066532666,30.67308726205966],[104.08723769757802,30.672610029947805],[104.08792348630888,30.673671094810082],[104.08877599470738,30.674829943689065],[104.08980234502694,30.676129285188143],[104.09033653245926,30.676733285026323],[104.09086989577284,30.67749302270342],[104.09192470097115,30.678806823165747],[104.09202358889557,30.67890823355611],[104.09185311523714,30.679275380107025],[104.09186206904167,30.679225433615095]]]}},{"type":"Feature","properties":{"name":"沙湾","district":"金牛"},"geometry":{"type":"Polygon","coordinates":[[[104.05665154382288,30.690413086938992],[104.05652635368222,30.69121922049608],[104.0567141771019,30.691508362253938],[104.05695465599028,30.69200806950779],[104.05712455977869,30.692552908141224],[104.0572666269829,30.693035440166867],[104.05728441828967,30.693920235483915],[104.05723168468572,30.694385352278076],[104.05719581583125,30.694943628953943],[104.05731982480529,30.69592266762183],[104.05748072510124,30.696250505079124],[104.05760586174586,30.6965159360667],[104.05767736481751,30.696672753867457],[104.05774884896978,30.696890540974806],[104.05781934107428,30.69709332523758],[104.05718901941098,30.69704482392145],[104.05620949610729,30.697050564211505],[104.05479023221923,30.69704225526022],[104.05232982057011,30.697016808498965],[104.04986461254025,30.696925356508583],[104.04737554816337,30.69680722136189],[104.04608382262403,30.696757233986837],[104.04476492001383,30.696642541189544],[104.04355326117953,30.696378682197505],[104.04233635423319,30.695980142219007],[104.04098467964226,30.69535092701885],[104.03970539983773,30.69441942427544],[104.03819648539479,30.692990021627505],[104.03656629866272,30.69157801150602],[104.03739992765362,30.690488983672278],[104.03829515509096,30.689435425786492],[104.03904764399577,30.68854565709673],[104.03976309690776,30.68766039782081],[104.04053318278696,30.68669061978666],[104.04124431843707,30.68573230087147],[104.0422858978649,30.68447202769213],[104.04258185294792,30.684876426029618],[104.04292157574018,30.68519502548944],[104.04341860022075,30.685476145733816],[104.04399519904693,30.68565976099212],[104.04509043494984,30.68595562407843],[104.04619537405104,30.68620855128709],[104.04791603255981,30.686614189840984],[104.04818194750777,30.686668031439947],[104.04984604407075,30.687073736653037],[104.05110617430046,30.68731308698001],[104.05235213296204,30.687499428978622],[104.05357601386108,30.687732547967297],[104.05480766016858,30.68799467055156],[104.05625877783092,30.688337237374597],[104.05663841430048,30.688403767821764],[104.05701803126469,30.688431387355795],[104.05783783342025,30.688433628063983],[104.05762429757372,30.68919961636663],[104.05699931584626,30.689812586245854],[104.05669625404143,30.690250699036575],[104.05665154382288,30.690413086938992]]]}},{"type":"Feature","properties":{"name":"石人小区","district":"金牛"},"geometry":{"type":"Polygon","coordinates":[[[104.02695598077004,30.683222389655885],[104.02708693365643,30.683344863569996],[104.02759369956118,30.683781089617728],[104.0282353194504,30.68433305611689],[104.02953160188319,30.68357144749621],[104.03088138573605,30.682686775708934],[104.03217686163262,30.681818989366956],[104.03347695165611,30.680975583135407],[104.03476278723056,30.68032864687605],[104.03539012450523,30.680045777642757],[104.03602134940449,30.679740245966855],[104.03732041605056,30.67912314168656],[104.03799622479823,30.67881459569517],[104.03860017599635,30.678534558921466],[104.03807616704816,30.67752175798815],[104.0377793118601,30.676404668151616],[104.0377521786642,30.676098801422647],[104.03777901258918,30.67597776706192],[104.03785069732251,30.675837636388927],[104.03786764078943,30.674475896761688],[104.03791143711258,30.67310508161531],[104.03798209855465,30.671735193637037],[104.0380034780038,30.67107926931941],[104.0379853797643,30.670900339709473],[104.03793241331174,30.670752479295068],[104.03793208501584,30.670372547404465],[104.03794834290107,30.669584648916757],[104.03795262112567,30.66879277274077],[104.0374334132334,30.66906595793753],[104.03742468832314,30.66934493391035],[104.03740282521633,30.66942697733035],[104.03705799651433,30.669628902660893],[104.03592947422683,30.670098702189023],[104.03550883155987,30.670427380435765],[104.03528464165544,30.670722317434265],[104.03477820020926,30.671125642446075],[104.03430865113673,30.671569985592278],[104.03390566104801,30.671720191876435],[104.03291947094365,30.671477297127034],[104.03247129709032,30.671453332642336],[104.03214806568621,30.671672585598134],[104.03181195616281,30.672039996407946],[104.03153872590777,30.672419010724955],[104.03121675356658,30.673046428620278],[104.03050039985865,30.673766242710855],[104.03022605129999,30.67411056650758],[104.0299437413945,30.674517010124465],[104.03025050939647,30.676127920097585],[104.02935913562335,30.678353574290078],[104.02914374078432,30.67892950125752],[104.02905401680324,30.67922130007641],[104.02910422885272,30.679686686543818],[104.02918038634512,30.680124828036423],[104.02944138842375,30.68070416667956],[104.03030249546063,30.681143181796195],[104.03041437726107,30.68121918295693],[104.03035665426563,30.681615569709763],[104.03029788136959,30.68191899411514],[104.02991350971494,30.68215535850825],[104.02808258608987,30.6821893408655],[104.02695598077004,30.683222389655885]]]}},{"type":"Feature","properties":{"name":"蜀汉路","district":"金牛"},"geometry":{"type":"Polygon","coordinates":[[[104.01385335097639,30.68514501577381],[104.01779056355858,30.691071600704827],[104.01151452158147,30.695189287671642],[104.00997645908697,30.696684857963124],[104.00865345282298,30.69829244351163],[104.00693259314939,30.699725439475678],[104.0066584517357,30.699342818610493],[104.00626745380792,30.69879563890862],[104.00580222544355,30.698208550655536],[104.00754749760203,30.69727437004902],[104.00848000527503,30.698268015267374],[104.0086869208603,30.698070060224314],[104.00741940452724,30.696073370402708],[104.00714518475073,30.695713992803405],[104.00495956009259,30.69694708855087],[104.0039887676889,30.69511899528547],[104.00663117384626,30.693467023596934],[104.00699060878638,30.693180217617684],[104.0095446204585,30.69171860021709],[104.00904102580117,30.69099161798061],[104.0086685455082,30.690162157501987],[104.00794148514133,30.690484142224925],[104.0063979814127,30.691218559102403],[104.00474315167459,30.691944069495534],[104.00290823565831,30.69280856606416],[104.00256592959069,30.692163304709172],[104.00405940770415,30.690908594438657],[104.00357786675063,30.69021205207895],[104.00506136668744,30.68950801949779],[104.00539980203143,30.690138255980063],[104.00518350567057,30.689552656284498],[104.00511141782137,30.68947707150519],[104.0018972967768,30.691009324079793],[104.00127350279979,30.689963163758133],[104.00016153581261,30.688215383748375],[104.0034872482993,30.68700503906373],[104.00499809542636,30.68817076787502],[104.00550171146746,30.688517957188637],[104.00598827738426,30.688648536512645],[104.0072892667485,30.68873125548542],[104.00796824328309,30.688535766755912],[104.00818674150617,30.688269229040984],[104.00877733096576,30.686929195149414],[104.0091042952062,30.68606234948128],[104.00940661990388,30.6859741103567],[104.00973301648588,30.68603526288349],[104.01009343877725,30.68605933738071],[104.01054291899166,30.68594177454947],[104.01163974824276,30.68469433130727],[104.01207263218126,30.684510728463625],[104.01238739369255,30.684551375938227],[104.01252240540836,30.68489810470268],[104.01267542049196,30.685322110037244],[104.01300817533148,30.68542455391387],[104.01345776774512,30.685354112503443],[104.01385335097639,30.68514501577381]]]}},{"type":"Feature","properties":{"name":"驷马桥","district":"金牛"},"geometry":{"type":"Polygon","coordinates":[[[104.11367665611196,30.706289808166055],[104.11284522756131,30.70627520606762],[104.11198883465389,30.706284474743498],[104.10834738756807,30.70621404768242],[104.10202788190868,30.706252232421047],[104.1016494997761,30.706156625137304],[104.10129925829276,30.705959885492685],[104.10094912308786,30.70565811720734],[104.10075123698523,30.705223942913257],[104.10065251523758,30.704666563873076],[104.1004732604463,30.704836901004878],[104.09900583051673,30.707144062650542],[104.09764786743239,30.709409440921664],[104.09700061682767,30.709836063723692],[104.09923469947165,30.71332535051483],[104.10054389690923,30.716021749159975],[104.10104616669054,30.71719150087468],[104.10270613855297,30.721078581993613],[104.0979144077085,30.72126846003124],[104.09283397081855,30.72146873339005],[104.09089732150049,30.721576958360526],[104.0892576769391,30.721327454354626],[104.08829124292643,30.720235146474273],[104.08789799431727,30.71939470899969],[104.08761193375722,30.71886518840709],[104.08746905461646,30.71846081038851],[104.0870403128146,30.717371661810965],[104.08628993064188,30.715628168245328],[104.08586061007173,30.715221124307746],[104.07920457705924,30.716327560776804],[104.07687769238962,30.719709333691668],[104.07619917955735,30.71926571884011],[104.0755207086938,30.718852966272646],[104.07494951684541,30.718410576261327],[104.07419991748354,30.717810406013058],[104.07337895548397,30.717209041015803],[104.07287916857433,30.716953515122295],[104.07220087560968,30.716664262273596],[104.07180832092709,30.71637920649565],[104.07146922313233,30.716219017799684],[104.07120141599306,30.7161994861209],[104.07071868474866,30.716859197368528],[104.0700755135528,30.717299295810545],[104.06945036889701,30.717600035931962],[104.06878923345091,30.718210425600518],[104.06817124284801,30.719047093152028],[104.06779882105621,30.71694501462004],[104.06694421164931,30.715124391428695],[104.06886328694583,30.714587960541778],[104.06878447292281,30.712826048132033],[104.06891929777763,30.712075639699947],[104.0688844688146,30.711019862740066],[104.06717963610556,30.710886034585865],[104.06683367190124,30.708786251475225],[104.06703990841852,30.708052879569138],[104.06857491999708,30.70807619725407],[104.06867290886295,30.707270231874784],[104.06861192163394,30.706431862018544],[104.06979829113212,30.706472865747223],[104.06971872851368,30.7051375305381],[104.06995290542443,30.702410794328184],[104.07001672127365,30.69992923228286],[104.0713821444325,30.699918848079086],[104.0725121876192,30.699915724391815],[104.07339583180189,30.69995973454729],[104.07480651958498,30.69997316605011],[104.0764412676973,30.699964146868485],[104.07740600986048,30.699970275166983],[104.07771038124815,30.69998133849009],[104.07789739384408,30.699976823267704],[104.07804063317218,30.699993705113606],[104.07820178577225,30.700003817267596],[104.07853207144139,30.700008121411287],[104.07885442840978,30.6999892900594],[104.07917582426553,30.699938418784672],[104.07939073063264,30.699980109784622],[104.07973007568901,30.69992238622996],[104.0808706146351,30.699902249351243],[104.08249830076548,30.6999048398563],[104.08557620422584,30.699873780469723],[104.09159681877338,30.69977569948207],[104.09292360123936,30.69975027812811],[104.09434080319949,30.69973968734799],[104.09557172295845,30.69974819798962],[104.09736795829629,30.699780646957752],[104.10002767118945,30.69968506442392],[104.10321928008337,30.69962145946227],[104.10445246725422,30.69959024185603],[104.10662127251081,30.69971045177436],[104.11089245943816,30.69967389295917],[104.11441051782225,30.69972836613321],[104.11447681894904,30.701857302654794],[104.11447996961387,30.70342428292958],[104.1144881370847,30.70483227276773],[104.11452330979223,30.7062828841893],[104.11367665611196,30.706289808166055]]]}},{"type":"Feature","properties":{"name":"天回镇","district":"金牛"},"geometry":{"type":"Polygon","coordinates":[[[104.08323497096903,30.809288700752727],[104.08609771443425,30.807100363022982],[104.08731506346757,30.804800486403284],[104.08824584605465,30.803614010433936],[104.09028858557288,30.80351827332911],[104.09129160786709,30.799788024180028],[104.08836679833448,30.79552173391371],[104.09731989653152,30.797756085199826],[104.10101877226278,30.792882431018587],[104.1190435086879,30.79171166169263],[104.1197977727787,30.786428427746344],[104.11847502426198,30.78236858260753],[104.11374092028703,30.777294536805808],[104.10953476610662,30.772515312955345],[104.09965808677502,30.76079423567559],[104.09892250265247,30.762609657594783],[104.09831148406224,30.762890141522096],[104.09689637561726,30.762444497400242],[104.09302823754525,30.763537351447717],[104.09254970203276,30.764943070614827],[104.0943088892111,30.767461948812183],[104.09282041913542,30.768372010117186],[104.09145745654192,30.767932339125544],[104.08742450258312,30.76789888973715],[104.08748814380262,30.769101019171526],[104.08728389819463,30.77061998108997],[104.0846917763653,30.77053827441509],[104.07923380290629,30.767500007042358],[104.07714088874154,30.764401643675154],[104.07344293847864,30.764155507586803],[104.07263230447387,30.766647730270172],[104.06829106575039,30.761620051225275],[104.0670438816769,30.76661034536199],[104.06793751259731,30.76734468069292],[104.06982006983878,30.76691642442768],[104.07032963646907,30.768125758841833],[104.06874724998687,30.770137142470226],[104.0686681029487,30.781736921432465],[104.05967371622809,30.78306289246981],[104.05625041040786,30.78702033030002],[104.0607943212308,30.800166280849478],[104.06582729237,30.80073536607442],[104.07511364140173,30.8046876577099],[104.07660120383655,30.808417763954637],[104.07955019836801,30.80619255181736],[104.08123118623762,30.806383794340316],[104.08250101762083,30.808816037477918],[104.08323497096903,30.809288700752727]]]}},{"type":"Feature","properties":{"name":"通惠门","district":"金牛"},"geometry":{"type":"Polygon","coordinates":[[[104.03902069335048,30.67832803155326],[104.03905256972303,30.67829700191683],[104.03877422772663,30.677909458690152],[104.03853272119822,30.67748293158798],[104.0383889164078,30.67709526908138],[104.03828098950977,30.676706556434564],[104.03820898273524,30.676373770029716],[104.0381598854739,30.67601994666053],[104.03805608806817,30.675857191816103],[104.0380516827472,30.675279329954407],[104.03804236245796,30.674809451487313],[104.03810839618762,30.67381152710912],[104.03819254794615,30.671847747302568],[104.0381961378794,30.67137382843558],[104.03822264456792,30.670891865470526],[104.03827636779465,30.670763787723534],[104.03832973374134,30.67022478570369],[104.03835117491664,30.669665844099573],[104.03840901607782,30.668574925546768],[104.03851660298402,30.66849275792582],[104.03859731181292,30.668453635248365],[104.04027885109784,30.66756740899198],[104.04064636304288,30.667381473855336],[104.04101285584882,30.667202656350327],[104.04172780991797,30.666830356513927],[104.04315940650078,30.66611109678176],[104.04427715129482,30.665594458128016],[104.0448236923577,30.66661728806078],[104.0454318327482,30.667590639439098],[104.0455215335447,30.667715015008035],[104.04589799154834,30.6679457113447],[104.04627745399418,30.668227530212548],[104.04686813280713,30.668808568609197],[104.04743190379807,30.669421717025337],[104.04847469571672,30.670654173766223],[104.04847609548905,30.67231586468769],[104.04837822012809,30.673076048630037],[104.04845012640389,30.673422463240453],[104.04521525007858,30.67521725601599],[104.04459830904652,30.675602741016718],[104.0439862222445,30.67592657489882],[104.04306942442696,30.676393930421725],[104.04207674674538,30.67686589106884],[104.04157086868841,30.677109180778224],[104.04104799797416,30.677353683850004],[104.03902069335048,30.67832803155326]]]}},{"type":"Feature","properties":{"name":"五块石","district":"金牛"},"geometry":{"type":"Polygon","coordinates":[[[104.0582962205388,30.70203659389464],[104.05850614454766,30.701524621087422],[104.05906484640978,30.700929302459684],[104.06022970353679,30.700034509604755],[104.06035392859462,30.69995425905945],[104.06040363747174,30.699877986131586],[104.06049711333532,30.699677388365025],[104.0610196826366,30.69970362345548],[104.06217998043287,30.69987893710643],[104.06324593133743,30.699914333811304],[104.06425426951934,30.69991316585694],[104.06391152122092,30.697235591003086],[104.06719591196185,30.69719188417676],[104.06848155709385,30.697188429226347],[104.06994915496641,30.69716774055428],[104.07280144021945,30.69711256168068],[104.07883158342034,30.697088603835034],[104.07894711925088,30.699604697327562],[104.07816119390426,30.699536552165437],[104.07725004192284,30.69950843978707],[104.07567771915045,30.69953376716242],[104.07442691361786,30.699530969221392],[104.07308686287514,30.699542433567608],[104.07133760380715,30.699485426831064],[104.06960546564252,30.699630164755288],[104.06960510749968,30.70045268491077],[104.06962263320045,30.701213503624487],[104.06956855643706,30.702034190951245],[104.06953242961693,30.702686245179564],[104.06947822320916,30.703631835846203],[104.06942355038132,30.70522898924199],[104.06945862561273,30.706237863992467],[104.0682811881462,30.706250949558918],[104.06828042806065,30.70729024721914],[104.06827999111204,30.707863854091794],[104.0667439732728,30.70788750549527],[104.06649377462803,30.708938000267086],[104.06674211899902,30.710167905443335],[104.06704529480074,30.71113382044953],[104.06863537579375,30.711148363756795],[104.06868834882636,30.71180069562273],[104.06867007680357,30.712265788981195],[104.06852677925565,30.712798782195968],[104.06864138222109,30.714312938618793],[104.06652554143128,30.7149478232826],[104.06784338505173,30.719031118249355],[104.06816660140606,30.719690533769082],[104.06792409051387,30.720722058831697],[104.06910210400251,30.72108869931064],[104.06930785243749,30.721025874944623],[104.06945499489596,30.72094717079126],[104.06953984016624,30.720579739948718],[104.06975861003382,30.720424179767463],[104.07008963358541,30.720305290060097],[104.07035354235279,30.719754705455493],[104.07138844318747,30.719389586923608],[104.07260503035079,30.725984698982874],[104.0722431521826,30.726066262104528],[104.07154732724827,30.726171785643256],[104.07210989074524,30.726141219889495],[104.07171625570872,30.72619729688939],[104.07100258094846,30.726303497898684],[104.07044002521842,30.726387942241438],[104.07011804096548,30.72640605481265],[104.069814960679,30.726409457402255],[104.06956447918797,30.726483599035028],[104.06938638706613,30.726705724654654],[104.06810062079057,30.726748136664796],[104.06710094948264,30.726918814189485],[104.06610144959413,30.726965648901473],[104.06438786301287,30.726847071705826],[104.06238852001388,30.727376418699563],[104.0611038595616,30.72748209675189],[104.05960366730649,30.727461503059466],[104.05846179865385,30.727694223225683],[104.05760415910356,30.727807166823407],[104.05646131183794,30.72785605584504],[104.05531815680855,30.72809047569282],[104.05437207862825,30.72792506046237],[104.05351505478009,30.728070858128007],[104.05192515151073,30.728226099653604],[104.05046029420346,30.728290142623802],[104.0495660396505,30.728391933923078],[104.04892341616994,30.72841815349901],[104.04835136752304,30.72843716376435],[104.04763606793746,30.728370598718133],[104.04745696670913,30.728367507970134],[104.04665701245109,30.728251025662402],[104.04585701430852,30.72806011631293],[104.04663199591063,30.72641230287591],[104.04721470281702,30.724907731229724],[104.04749198371466,30.724276868491547],[104.04789950037095,30.723736820075366],[104.04854373056999,30.723233478331487],[104.04895982404003,30.72298459702026],[104.04935685959035,30.72285960768576],[104.05135008471771,30.722736073628056],[104.05219442290222,30.722603950032717],[104.05298926885969,30.722170036428178],[104.05403101565713,30.721300474370228],[104.05442439256842,30.72059525499923],[104.05467960613801,30.71987260792701],[104.05497545639227,30.718286110326577],[104.0556953190619,30.71703827259724],[104.05474992456051,30.71622815139384],[104.056171663889,30.714736587879276],[104.05689089068579,30.713988811059508],[104.05734659951314,30.713377888118096],[104.05752106055135,30.712775508843052],[104.05751266262226,30.712181833366774],[104.05738855957122,30.71094716511633],[104.05726043574826,30.70971244078281],[104.05707016061731,30.70783638107083],[104.05697748066771,30.706869893104518],[104.05716996620556,30.705905905640456],[104.05718811118686,30.705534373888693],[104.05725926666719,30.704634839094844],[104.05758084905638,30.70365647941354],[104.0582962205388,30.70203659389464]]]}},{"type":"Feature","properties":{"name":"西南交大","district":"金牛"},"geometry":{"type":"Polygon","coordinates":[[[104.036305740496,30.711938561555517],[104.03672133032838,30.712242915145083],[104.03739822091927,30.712442780013415],[104.03892034503885,30.712637658663393],[104.04030354543455,30.71274166675688],[104.04201699163588,30.71291375564332],[104.04374377136992,30.713080453338144],[104.04541517548583,30.713276434167526],[104.04559515849998,30.712403874470166],[104.04569845810877,30.711547967945606],[104.04579381696851,30.710641063006392],[104.04586999936076,30.710016866476455],[104.0463351488385,30.709604451013494],[104.04669782384859,30.709101713894583],[104.04693984568463,30.70885921663429],[104.04729253536009,30.708333608421466],[104.04709320810422,30.70610196575603],[104.04715234743058,30.705489711242205],[104.04816726722477,30.703955971985913],[104.05030219040846,30.705166944420018],[104.05270859677579,30.70660367342774],[104.05442867576417,30.704779694522006],[104.0547151588038,30.70444905024199],[104.05485359403593,30.704015862700253],[104.05495658213157,30.70300065099441],[104.05501572765127,30.70210186783287],[104.05501121154123,30.701228344770236],[104.05488281235561,30.699446951062715],[104.05462909735542,30.697411275870504],[104.05110568032322,30.69731444098406],[104.04926075217456,30.697217594921213],[104.04718339325505,30.69716590013632],[104.04675329022892,30.697811129282336],[104.04428414336262,30.70143507205732],[104.04161605252634,30.704884856234532],[104.036305740496,30.711938561555517]]]}},{"type":"Feature","properties":{"name":"营门口","district":"金牛"},"geometry":{"type":"Polygon","coordinates":[[[104.02897236534754,30.69891396812883],[104.02916520899271,30.69874517919896],[104.0310272331703,30.697145412331775],[104.0318840558119,30.69635513396376],[104.03272672519668,30.695538574874615],[104.03369993407736,30.694732829277463],[104.03450728632124,30.69393374266369],[104.03622718961313,30.692307874927668],[104.0390217005705,30.694322082287528],[104.04027526486938,30.695252812153715],[104.04158126573196,30.696107016624264],[104.04344160931474,30.696824139059906],[104.04524862287865,30.697032274628032],[104.04709483748576,30.69713840496321],[104.04664380323351,30.69786150953879],[104.044151669331,30.701535566885866],[104.04328275019445,30.702677321164064],[104.04239270725954,30.703811673117087],[104.04163606327921,30.704752964684335],[104.04076650276038,30.70593953692631],[104.03501502354153,30.7025933585185],[104.03211597291417,30.700853873801638],[104.02924099101975,30.699078255598977],[104.02897236534754,30.69891396812883]]]}},{"type":"Feature","properties":{"name":"一品天下","district":"金牛"},"geometry":{"type":"Polygon","coordinates":[[[104.01410343326981,30.685014248401956],[104.01400935230801,30.685046964281444],[104.01454911106278,30.68580882828203],[104.01507079759402,30.686549107638744],[104.01610501308723,30.68802808053019],[104.01681071585975,30.688985326259715],[104.01711602861204,30.689775708815684],[104.0173812563697,30.690302920358604],[104.01766446610984,30.690642932568245],[104.01797968022706,30.690952450727547],[104.01834790975111,30.691296109911498],[104.0206618532437,30.69324484682905],[104.02186097109954,30.694324096036574],[104.02310081933787,30.695365627109066],[104.02405750837482,30.696124053239444],[104.02503600958015,30.69687180633246],[104.02563264596044,30.697209114506144],[104.02628418323933,30.697535025992348],[104.02751807366822,30.698165550391185],[104.0288954631407,30.69888374553582],[104.029868601615,30.698020963404748],[104.03087346164295,30.697166668758953],[104.03285652699887,30.695301828663666],[104.03382473698393,30.694325303331844],[104.03482362339847,30.693350424934145],[104.03614143342124,30.691878392519207],[104.03484666293268,30.69072352205218],[104.03357340733035,30.689515994409106],[104.0311474926376,30.687355976827597],[104.03034055327842,30.68675799408095],[104.0265933563146,30.683524477825667],[104.02617974501844,30.683856261767954],[104.02573105731072,30.68403165117986],[104.02508039067693,30.68414076907765],[104.02466245718563,30.683921234624083],[104.02424050776762,30.68374085979177],[104.02380957605286,30.68368068768108],[104.02324376839418,30.68398640016638],[104.02288897444485,30.68449223632835],[104.02247617026305,30.68506896215114],[104.02186519675074,30.68530283775361],[104.0211871512954,30.68553795551337],[104.01937150695804,30.68548955095605],[104.01838318826452,30.68617358115747],[104.017987968107,30.68624219417746],[104.01696321018703,30.6860268065095],[104.01593825629135,30.685516958449938],[104.01520434712809,30.68467935531866],[104.01452179111821,30.684885644398154],[104.01410343326981,30.685014248401956]]]}},{"type":"Feature","properties":{"name":"中海国际","district":"金牛"},"geometry":{"type":"Polygon","coordinates":[[[103.95999914053276,30.7301498677103],[103.95907494979029,30.730798248604675],[103.95859304745112,30.73110755771819],[103.95781604147207,30.73166409896249],[103.96087358308328,30.735094364178387],[103.96266495583609,30.73710426750372],[103.96516658186542,30.739081262151924],[103.96527379616253,30.738973494241762],[103.96574644815499,30.738477233770443],[103.96637124840896,30.73774398228699],[103.96678306394095,30.737421843187274],[103.96705971341903,30.737081781591495],[103.9687416902432,30.735563239047504],[103.96888924931265,30.735389456018183],[103.96911244493921,30.735588197382622],[103.97128578119533,30.737240115143575],[103.97347490513587,30.7393214086029],[103.97644480595828,30.7364409129985],[103.97479576081598,30.734786912429076],[103.9735821491718,30.733480682499756],[103.97561236907073,30.731552737364225],[103.97331488548275,30.73077050722098],[103.97318731422413,30.73092426596737],[103.97292562520572,30.73080505765349],[103.98228973211363,30.72100427434696],[103.98055192842112,30.720409404876577],[103.97805047067868,30.719718704436854],[103.97441348986806,30.71871634325618],[103.97376380432111,30.72017005106426],[103.9732213724724,30.720991993039696],[103.97250088919168,30.721762445172015],[103.9717936335244,30.722362616332425],[103.97085953918601,30.723045639786147],[103.96802973530016,30.724880434026613],[103.96613445289367,30.72612106279733],[103.96578150675045,30.726188588105625],[103.96553119437807,30.72699319513708],[103.96536982268734,30.727340760850318],[103.9652490056152,30.72788645605643],[103.96494039947986,30.728388761233873],[103.96340564333002,30.727856696009813],[103.96183784281551,30.72893552320341],[103.95999914053276,30.7301498677103]]]}},{"type":"Feature","properties":{"name":"公兴","district":"天府新区"},"geometry":{"type":"Polygon","coordinates":[[[103.98120808549376,30.49571538649559],[103.98229628167351,30.496975755796687],[103.98443660559394,30.49967277632274],[103.98764502789507,30.50377701360451],[103.99214251424536,30.501752418034425],[103.99302753334278,30.501265756630676],[103.99607340244715,30.499938625244276],[103.9961544851094,30.499844332780725],[104.00028979152997,30.498100215630423],[104.0015351127442,30.497641575951956],[104.00277253243553,30.497218659329096],[104.00547074881375,30.496580546270884],[104.00771451309329,30.496206426004267],[104.00594263151179,30.4915441528771],[104.00536427330951,30.490220028583654],[103.99908610939623,30.492017054586867],[103.99784443076715,30.488928541986603],[104.00440865948535,30.487812721494954],[104.00136831758704,30.479629713814365],[103.99965497031017,30.476755579981454],[103.99891391410286,30.47533057777062],[103.9984078224194,30.474091154026233],[103.99720430731338,30.466923499537298],[104.01483227888933,30.45869016081259],[104.01152421733296,30.4531502671251],[104.0162700934054,30.443599703296023],[104.014103306953,30.430312710815798],[104.00935668967193,30.432021404771834],[104.00540001524807,30.431786718369242],[104.00108204027298,30.429751101354046],[104.00006958926313,30.423665034324912],[104.00588967966962,30.41682893001767],[104.01106772487412,30.414798087245483],[104.01048817409271,30.410012817199],[104.00609671272652,30.406359328763006],[104.0202662950112,30.4041700554944],[103.99496382015313,30.365262862189287],[103.98414001138089,30.316974244904237],[103.9670994401979,30.312129261399466],[103.95996599126985,30.322543447043074],[103.91190978030559,30.33859421020678],[103.9410926007634,30.400045169673657],[103.93302229885319,30.403623465612693],[103.91001659216407,30.421582661257325],[103.94041310736188,30.4538439033169],[103.94725596234109,30.469809259340924],[103.9576747083429,30.465283388914184],[103.97276900333402,30.48526826053988],[103.97374333668097,30.48649053873384],[103.9767814937155,30.48996330493882],[103.97884682042412,30.492585685252397],[103.98120808549376,30.49571538649559]]]}},{"type":"Feature","properties":{"name":"海洋公园","district":"天府新区"},"geometry":{"type":"Polygon","coordinates":[[[104.06820844467278,30.498530127364646],[104.07045912937821,30.498433669626053],[104.07681673038958,30.49845569062932],[104.07702992570312,30.50088447726607],[104.0788166803955,30.500722150458074],[104.07897899999989,30.49902900200814],[104.0815897423692,30.49878079414528],[104.08177013668423,30.497180618304345],[104.08257509481021,30.496598872637367],[104.08146664881217,30.49574684842617],[104.07928602652083,30.495704501751856],[104.0793846870239,30.493230998369874],[104.07928384225933,30.486449344100805],[104.07903634181552,30.48428538746435],[104.07911079378151,30.481610798038865],[104.0791853544048,30.47881226137012],[104.07918831440392,30.47588885019712],[104.07919934393428,30.474786562354666],[104.07873578670008,30.47362923065168],[104.07396382349704,30.473811370680053],[104.06930441168518,30.473804744911142],[104.06894075383737,30.478775620133906],[104.06892267651465,30.478961245859498],[104.06893935194137,30.4801278724979],[104.06820844467278,30.498530127364646]]]}},{"type":"Feature","properties":{"name":"华阳","district":"天府新区"},"geometry":{"type":"Polygon","coordinates":[[[104.04422416322872,30.5347160536752],[104.0440207854591,30.53877521033666],[104.04487997630429,30.538747269448976],[104.04595311152946,30.538813953741734],[104.04997468304221,30.538730708944243],[104.04993824878433,30.538062448778327],[104.05008092405474,30.537472610664466],[104.05004465711927,30.53697434321322],[104.05023936149722,30.53562297800545],[104.05149040771929,30.535602704812455],[104.05483081708168,30.53560543497376],[104.05493404134063,30.536539537453486],[104.05606308163988,30.536517521912263],[104.05713436730667,30.53650346977945],[104.05778625112903,30.536515626622545],[104.0581290545655,30.536501997218302],[104.0590402246121,30.536519865520834],[104.06109281039741,30.536446822889985],[104.0609472988331,30.53250203715839],[104.06662530442287,30.535245071743578],[104.06701001530585,30.524861878566526],[104.06710833316167,30.522867670192056],[104.06753430554937,30.51506777466079],[104.06788309603216,30.506783698281236],[104.06431315293636,30.5076326100536],[104.06389389640624,30.507680393667588],[104.06347462218397,30.507791190635242],[104.06264402903025,30.507981032969614],[104.06093909065298,30.50837666908801],[104.06033300017941,30.508524229946737],[104.05986497657595,30.508773756961226],[104.05902528610515,30.509268341964376],[104.0587221953886,30.509447293078022],[104.05849859869235,30.50959232721911],[104.05843201281658,30.509653442303183],[104.05836940562648,30.509691618486272],[104.05826705186229,30.509729283641512],[104.05807028506,30.509842717206517],[104.0576598478637,30.51009441649214],[104.05605675086956,30.51112049243452],[104.0543331843693,30.512134642999747],[104.05378842263369,30.512494719172036],[104.0532794223039,30.512792361277548],[104.05221659296457,30.513435702510293],[104.05019793200834,30.51464657062456],[104.0439046570657,30.51439290724505],[104.04076410199342,30.5140145070042],[104.038937405023,30.514139262859093],[104.03745100777242,30.51431305091335],[104.03856206756534,30.517343005389595],[104.03952976616101,30.52025030217861],[104.03983418436313,30.52140092109994],[104.04021135921222,30.522489637818214],[104.04062357021948,30.523842465488357],[104.04124148081817,30.525893523991765],[104.04205680369341,30.528080229068532],[104.04262181448524,30.52979906678521],[104.04323154269683,30.531363327393333],[104.0439492197115,30.533418229139823],[104.04419061362329,30.533924982973943],[104.04422416322872,30.5347160536752]]]}},{"type":"Feature","properties":{"name":"煎茶","district":"天府新区"},"geometry":{"type":"Polygon","coordinates":[[[104.0232507402472,30.40435964332314],[104.03693683778533,30.396889841647827],[104.04652980555981,30.39168407407787],[104.05108737266453,30.390065551589387],[104.06030235998674,30.389299565332923],[104.06954845068809,30.38843933219034],[104.0694775773994,30.3189954120289],[104.02928317618228,30.32418431744276],[103.99570774992651,30.32967234757933],[103.98949294084171,30.333066040703738],[103.99612106689024,30.360386349789778],[104.0232507402472,30.40435964332314]]]}},{"type":"Feature","properties":{"name":"锦江生态带","district":"天府新区"},"geometry":{"type":"Polygon","coordinates":[[[104.06297003345128,30.488951511191434],[104.06332850063605,30.487152704383767],[104.06325895377348,30.485223734406933],[104.0612441108392,30.483343870261017],[104.05870926178238,30.483558314627867],[104.05620818882711,30.484335607899492],[104.05499424949403,30.48469437958944],[104.05381542647656,30.484588616766377],[104.05202921269783,30.484198044079893],[104.05081651969836,30.48275596933985],[104.05038821098178,30.48147707989858],[104.05092640178583,30.47942873434826],[104.05196459561417,30.477478104470414],[104.05255553082536,30.476177424661902],[104.05239684353968,30.474760633032997],[104.0518980801648,30.473309667360045],[104.0488984691228,30.46989369155122],[104.04511572040869,30.466275033175652],[104.04211281618932,30.46247113988705],[104.0370991674325,30.461727866221405],[104.03387400932981,30.460061503650333],[104.03452029694428,30.458252591771615],[104.03765727042271,30.452203353259378],[104.03846381470704,30.450739018532285],[104.03576243029327,30.44975106700423],[104.03423008454342,30.449777387101143],[104.02884904976385,30.451001799640736],[104.02287837512675,30.451090471087298],[104.01678614038663,30.45131149002057],[104.01505075125955,30.45180916488857],[104.01339619291619,30.45244630840188],[104.0197392075286,30.463476129220602],[104.02135486303195,30.46623571764029],[104.02293383365232,30.469013229796833],[104.02445841888199,30.471512091399724],[104.02582142065562,30.474123382174398],[104.02805860882656,30.481173937576784],[104.03031176721072,30.488119208514203],[104.03852041882539,30.487793335485748],[104.04696649444473,30.487624888159733],[104.05504199333977,30.487569348518885],[104.06297003345128,30.488951511191434]]]}},{"type":"Feature","properties":{"name":"籍田","district":"天府新区"},"geometry":{"type":"Polygon","coordinates":[[[103.98904435853935,30.331107793142678],[104.06863842647981,30.318202601962312],[104.07048950447707,30.351639434394652],[104.0853685047549,30.341861145981614],[104.1258297986504,30.34414461187108],[104.16608057241446,30.349383268976997],[104.18115141587216,30.345976280535663],[104.16248336057218,30.30946202651509],[104.14949403891599,30.274401919737716],[104.12262232077781,30.260381433127286],[104.07018869028992,30.252737388516916],[104.05318785423457,30.258368544575433],[104.02567770260508,30.26724970727544],[104.00022149091654,30.28278942666142],[103.98745841632193,30.31541480491446],[103.98904435853935,30.331107793142678]]]}},{"type":"Feature","properties":{"name":"麓湖生态城","district":"天府新区"},"geometry":{"type":"Polygon","coordinates":[[[104.05245239276037,30.472801172260425],[104.05125687481456,30.470908057090274],[104.04804254540562,30.467818848301075],[104.04607748206915,30.46600348312186],[104.04507616112487,30.465906034212736],[104.04403858029833,30.464656802542102],[104.04298401710561,30.463020585594908],[104.04158930157031,30.461602795768655],[104.04035382384681,30.46163313165937],[104.03892172524016,30.461541103529168],[104.03756105317431,30.46129478013998],[104.0363786219193,30.460800550757803],[104.03455060383874,30.459843882885448],[104.03458692555272,30.458848045505345],[104.03526870740784,30.457724121271234],[104.03781368178123,30.45373160598563],[104.03928317857503,30.45089688986322],[104.04407886738365,30.451961131473436],[104.04751290581734,30.450545422871485],[104.0500504514099,30.447944735239695],[104.05267617482541,30.445543455537145],[104.05630114699444,30.444743039587237],[104.05971158062403,30.44494146819267],[104.06246100481555,30.44605371826414],[104.06760154287731,30.446815163445066],[104.07261811949617,30.44740482668136],[104.07779859971085,30.447104131676873],[104.0805339328784,30.447154804579593],[104.08305583684916,30.447650381971272],[104.08756751669151,30.447178111867213],[104.09208373448384,30.44692552061588],[104.0829119948849,30.460300604448072],[104.07918842986109,30.466604350674363],[104.07880751018806,30.47353720007043],[104.07351860105129,30.47364996022769],[104.06823345161162,30.473602557671292],[104.06450293467546,30.473390372592227],[104.06264625529933,30.473238216795963],[104.06071899407188,30.473070993648392],[104.05763116887944,30.472672246886344],[104.0556306393862,30.47264806215516],[104.05245239276037,30.472801172260425]]]}},{"type":"Feature","properties":{"name":"麓山","district":"天府新区"},"geometry":{"type":"Polygon","coordinates":[[[104.09259389832276,30.495994282121973],[104.09145443342095,30.49653404127599],[104.0888361693484,30.498105074465183],[104.0877075240739,30.49784807930013],[104.08647149732857,30.49769822348096],[104.08575554827135,30.498189756932927],[104.08500324020407,30.498182847079175],[104.08125785871242,30.50082502070518],[104.07909815473276,30.500892668513583],[104.07910412860132,30.499376433860533],[104.08158565272686,30.498931676446773],[104.08177887800171,30.49746458014473],[104.08187266909256,30.497197772621476],[104.08222635577977,30.496897884556773],[104.08263383502788,30.4966115066755],[104.08159702351526,30.495794323813982],[104.08127458549659,30.49566666344344],[104.07935676541155,30.495596447289845],[104.07971157999424,30.48855456011407],[104.0794216484947,30.48407238027],[104.07955366580218,30.473666597005685],[104.0943862833485,30.4708605551909],[104.11323660358057,30.471041663031528],[104.11303643906727,30.49034415600599],[104.11292640866809,30.493097871815664],[104.1126892561822,30.495635150651427],[104.11203779037673,30.498067960954465],[104.1093842766177,30.502883815833666],[104.10599727544829,30.503875047976692],[104.10423292358102,30.503139014407147],[104.10517411337092,30.495482272007344],[104.10345476717777,30.495600555940115],[104.1023039269502,30.49576146613111],[104.09966935337026,30.495900898954474],[104.09460343359689,30.495891596141064],[104.09373335349828,30.49593625809867],[104.09296137375875,30.495956686503064],[104.09259389832276,30.495994282121973]]]}},{"type":"Feature","properties":{"name":"鹿溪","district":"天府新区"},"geometry":{"type":"Polygon","coordinates":[[[104.1992315467028,30.427721433219542],[104.16493377221673,30.396232282378136],[104.16311442687874,30.3973209560998],[104.15506843045728,30.400328786557136],[104.14420589787991,30.404313499681955],[104.1274325540621,30.41334332399872],[104.1274154626004,30.414522674402136],[104.12743464684459,30.415737490124386],[104.12680628466111,30.41937529348784],[104.12505727504511,30.42380803160446],[104.12419168160176,30.426344216166296],[104.12368824269898,30.428998932309224],[104.12338468441003,30.43267766933562],[104.12237585680602,30.43639763563821],[104.12086079297428,30.43990652800771],[104.11967026309024,30.443566144121846],[104.1195271463956,30.453373497532308],[104.11902025833021,30.458888880817387],[104.11703190245252,30.463893664491685],[104.11536928062525,30.466684560858177],[104.11471822995657,30.468216778288582],[104.11428411106209,30.469746212895547],[104.11374049077979,30.47239721765046],[104.11373793331543,30.475102808282482],[104.11390800640243,30.48066573041397],[104.12403130770532,30.478786131962625],[104.15643296747696,30.472906795542553],[104.15895367413911,30.472787598487393],[104.16441590177497,30.476424571511004],[104.17411964372634,30.465209216619318],[104.17857055803736,30.455755368834712],[104.18201018735752,30.446040994751247],[104.18480253214663,30.44011328197769],[104.1992315467028,30.427721433219542]]]}},{"type":"Feature","properties":{"name":"南湖","district":"天府新区"},"geometry":{"type":"Polygon","coordinates":[[[104.06019093005116,30.508495292760692],[104.06738332479412,30.50680809437979],[104.06759824141197,30.491561313097378],[104.06675168703694,30.490562988934084],[104.065181509507,30.489979633230245],[104.05816795162383,30.48815879302939],[104.05241839958798,30.487673842532136],[104.04473175540465,30.487777247722608],[104.03737548096565,30.488203558342036],[104.03291334177877,30.488177204865508],[104.03138787552726,30.488375115214723],[104.03113649433287,30.489169678237587],[104.03070538079551,30.48996679803969],[104.03090137173292,30.490711751924078],[104.03116938209507,30.492404648676075],[104.03172274517642,30.495572666775264],[104.03286635652276,30.5017845891718],[104.03318786291963,30.50341480760953],[104.03354538464916,30.50507692031282],[104.03437879305595,30.50728036430868],[104.03460215733449,30.507715046176905],[104.03519340190195,30.50918967073469],[104.03585648427392,30.510788306891207],[104.03648371284177,30.512138565578066],[104.03700325846647,30.513505510234562],[104.03719972288933,30.514095782876225],[104.03787074217254,30.514025128062126],[104.0393390634187,30.5137639366954],[104.04123734840196,30.513887818951975],[104.0432055881307,30.51407802673014],[104.04542390105853,30.514302630286164],[104.05024268112827,30.51455295887882],[104.05460059093565,30.51185764653563],[104.06019093005116,30.508495292760692]]]}},{"type":"Feature","properties":{"name":"彭山","district":"天府新区"},"geometry":{"type":"Polygon","coordinates":[[[103.98811413467327,30.3175356698263],[103.98839997928964,30.316347220101985],[103.99529905763761,30.32155101730002],[103.98811413467327,30.3175356698263]]]}},{"type":"Feature","properties":{"name":"仁寿","district":"天府新区"},"geometry":{"type":"Polygon","coordinates":[[[104.07172647275934,29.93974594848954],[104.12519362495932,29.93621353641425],[104.17192870210187,29.951549995078196],[104.24264131671472,29.97347742866891],[104.1968316709517,30.14027274196532],[104.11186941306144,30.265060827443286],[104.07031685398537,30.27722809331347],[104.02797020083477,30.27499661916886],[104.0210464348137,30.23181093466788],[104.06267627581734,30.15113573046211],[103.97938138740537,30.072323107765563],[103.97307483004148,30.003797879954767],[103.9960441846114,29.96156881012663],[104.07172647275934,29.93974594848954]]]}},{"type":"Feature","properties":{"name":"太平","district":"天府新区"},"geometry":{"type":"Polygon","coordinates":[[[104.1338161687691,30.49987584653682],[104.16999512848153,30.522060511313708],[104.2195143760322,30.479029797749384],[104.24345835449935,30.472579855499035],[104.19853136462037,30.381725726187174],[104.16611967572034,30.39591535694947],[104.20084633611287,30.42947303019019],[104.18480371468088,30.44240214233552],[104.17318538998083,30.467731965499738],[104.16455836839738,30.477965826052024],[104.15722524029644,30.473265509185467],[104.14099174873131,30.476832227941824],[104.14076701560869,30.485108969168387],[104.14191865907794,30.48932632036135],[104.1398898058621,30.49519522561076],[104.13642104783422,30.49598446812505],[104.1338161687691,30.49987584653682]]]}},{"type":"Feature","properties":{"name":"天府半岛","district":"天府新区"},"geometry":{"type":"Polygon","coordinates":[[[104.06350538965332,30.489083256722218],[104.0670384241097,30.489945662402214],[104.0681110181587,30.488406781969772],[104.06829041518965,30.486885330982087],[104.06862581057618,30.473732461516228],[104.06070095009534,30.473242657146926],[104.056844968372,30.47281842129139],[104.05270169254558,30.47308345537012],[104.05319827816534,30.476697530116517],[104.0525175195691,30.4783698853029],[104.05162268245333,30.480228466415497],[104.05137126842617,30.481967248343366],[104.05208422175969,30.482938253260162],[104.05276259915766,30.48362941081709],[104.05372688043825,30.48370117418844],[104.05504897589319,30.483684547643836],[104.05976354136227,30.482560885741858],[104.06276108730965,30.48344346301359],[104.06415021802749,30.48607637562464],[104.06350538965332,30.489083256722218]]]}},{"type":"Feature","properties":{"name":"天府公园东","district":"天府新区"},"geometry":{"type":"Polygon","coordinates":[[[104.06999324146516,30.44686750136254],[104.07101091277039,30.447084848750258],[104.07210023089331,30.44724115377299],[104.07370756166978,30.44722687749013],[104.07768313510202,30.446807639926075],[104.0798810119927,30.446951871865224],[104.08198333597761,30.447241686091196],[104.08321711477464,30.447403131181883],[104.09332164736671,30.446276382483596],[104.09719712468228,30.440430902329346],[104.0922300250567,30.43474585894166],[104.087591831164,30.428723849337707],[104.08690068023981,30.427324277118803],[104.08615677354173,30.4258859072949],[104.08464943114298,30.42302185778241],[104.08254463070797,30.420648969723093],[104.0812117342643,30.419808833949155],[104.07970913830756,30.41905066643729],[104.0703483897455,30.41909788478599],[104.06999324146516,30.44686750136254]]]}},{"type":"Feature","properties":{"name":"天府公园西","district":"天府新区"},"geometry":{"type":"Polygon","coordinates":[[[104.04468721453642,30.451496355812413],[104.04658344981983,30.45074210468744],[104.04806705147595,30.449521099903556],[104.05156859328984,30.4458759780774],[104.05274765385568,30.44520220072054],[104.05424768506893,30.444797710737845],[104.05846145810675,30.444504981930116],[104.0619958941917,30.44551812646408],[104.0633889145944,30.44606718199409],[104.06479872028707,30.44632197205506],[104.06952919471745,30.446922453088465],[104.06958105590685,30.44198980522251],[104.06947072681608,30.436866375504902],[104.0697859041732,30.41905836309656],[104.06567053271282,30.419073964375407],[104.06186877152481,30.418286088503287],[104.05874476158445,30.417979284905662],[104.0555846366794,30.41800225328602],[104.05493001477628,30.424659301742143],[104.05316558080077,30.428984780379242],[104.04851004043677,30.439096238272512],[104.04491914792439,30.445131351245266],[104.0442752713381,30.44606287008194],[104.04404246867574,30.44679399827921],[104.04393609745412,30.447571542381574],[104.04391831224109,30.448334359433385],[104.04468721453642,30.451496355812413]]]}},{"type":"Feature","properties":{"name":"天府前湾","district":"天府新区"},"geometry":{"type":"Polygon","coordinates":[[[104.07945042079608,30.47340543521281],[104.09422858257248,30.470708224547934],[104.09742473771782,30.470587573264492],[104.11296174138445,30.47074489200598],[104.11881759599231,30.457791032495873],[104.11888989241463,30.44540176795853],[104.10226843132315,30.446290191746563],[104.09342967555338,30.44691565298859],[104.0881592415414,30.45387520923453],[104.08357324974729,30.4603695532682],[104.08135400253751,30.463736885596706],[104.0796347167686,30.46729365977533],[104.07927506155569,30.470322743288254],[104.07945042079608,30.47340543521281]]]}},{"type":"Feature","properties":{"name":"兴隆湖","district":"天府新区"},"geometry":{"type":"Polygon","coordinates":[[[104.0895103524147,30.430706392997013],[104.09759220617892,30.440679919235073],[104.09371616063133,30.44637163518038],[104.11852880978655,30.4446907820725],[104.12260468942338,30.434436239912387],[104.1237191469298,30.427600358846128],[104.12570024715015,30.420906087159846],[104.12645820106225,30.419337528570146],[104.12696262429118,30.417679773132583],[104.12724810209119,30.414093157345803],[104.12691661470596,30.405127754619365],[104.12358839547895,30.397827990567606],[104.1194698381247,30.389633804137556],[104.11755638530128,30.38564186602057],[104.11705189670207,30.383531141854522],[104.11665654310258,30.38082617300634],[104.09389925366935,30.38475724917494],[104.08210985459945,30.38675802704092],[104.0739595203116,30.388240205068517],[104.0718164142167,30.3895091503105],[104.07010159574955,30.390114347921106],[104.0701020670419,30.39583689732267],[104.07013935068957,30.402821310880636],[104.07007965317996,30.418642786284934],[104.07758163076915,30.418657188047284],[104.08115734867812,30.419138149362613],[104.08427292254154,30.42203709803866],[104.0895103524147,30.430706392997013]]]}},{"type":"Feature","properties":{"name":"新兴","district":"天府新区"},"geometry":{"type":"Polygon","coordinates":[[[104.11148599949861,30.570126794875907],[104.13536526335359,30.57144426359701],[104.16134152276156,30.53114677180497],[104.16921439610796,30.523186350245297],[104.16145146667114,30.51839503640846],[104.14444257666732,30.50723172873771],[104.13505326123939,30.501678951212252],[104.12513404521845,30.496878505918062],[104.12327341997648,30.4968592630047],[104.12113293917392,30.496393766063786],[104.11788350121105,30.494618935363206],[104.11563669945082,30.493551597964185],[104.11339049765792,30.492886766476108],[104.11268317894137,30.498259889182957],[104.1186018620874,30.498746116659984],[104.12221168798028,30.50454131296035],[104.11801989280472,30.506031768442384],[104.12105351760995,30.51046788842726],[104.11924712082806,30.517522451220444],[104.12394612660682,30.52373745376035],[104.11950661266091,30.52992909724323],[104.12048751309406,30.536757982496194],[104.11893897752319,30.54169454792762],[104.11738745393423,30.543052439469694],[104.12107269738645,30.544214483978667],[104.12533670561379,30.54408961041663],[104.12555607854078,30.547383238095783],[104.1209312791958,30.547793420075138],[104.11938195700584,30.55227706931029],[104.11109791111103,30.551367984845424],[104.10713704050637,30.557481290564358],[104.1119533007847,30.564013528754806],[104.11148599949861,30.570126794875907]]]}},{"type":"Feature","properties":{"name":"雅居乐","district":"天府新区"},"geometry":{"type":"Polygon","coordinates":[[[104.11369205350546,30.48070620754095],[104.11337260766997,30.492685079126424],[104.1161057690476,30.49366263896453],[104.11859586749273,30.494866172113394],[104.12134912202046,30.496382656951265],[104.12181853494315,30.49657775711322],[104.12249625505912,30.496614840160877],[104.12367077645087,30.496721441592573],[104.12518859843085,30.49657484224818],[104.12654415521399,30.497021228732844],[104.12829627775423,30.497305725731575],[104.1288383129463,30.49754648094261],[104.1292173844217,30.49778969334563],[104.12947037250306,30.498500568776812],[104.13111468091391,30.499175931135728],[104.13160228681393,30.499604605804755],[104.13246943112807,30.499592075917878],[104.13500136438377,30.498001396238386],[104.13554433944303,30.49687462483167],[104.13527416185589,30.49515214732642],[104.13643085900206,30.49505881988372],[104.13738846084821,30.494813625175734],[104.13854509838943,30.494534429182064],[104.13963800575651,30.494545464204915],[104.13977479429481,30.493322534299804],[104.14102188006758,30.491629520312333],[104.14143929285324,30.490287791197332],[104.14010604554935,30.486569506743404],[104.13996325615668,30.484659225009786],[104.1399096670305,30.483990221746023],[104.14057960274354,30.48264544992448],[104.14072932029237,30.477885506652093],[104.14042452312594,30.476099878536214],[104.11369205350546,30.48070620754095]]]}},{"type":"Feature","properties":{"name":"永兴","district":"天府新区"},"geometry":{"type":"Polygon","coordinates":[[[104.07110197485692,30.387528046114998],[104.117704382829,30.379644840886087],[104.11806255858723,30.384124547457326],[104.1191445098572,30.38815866741849],[104.1231907287065,30.395201196171808],[104.12514261387565,30.3990346792473],[104.12760251025277,30.402922466855337],[104.12775286137538,30.41263745598888],[104.1445852737094,30.403578203510033],[104.1984595091226,30.38178660333268],[104.19102106906772,30.36515499298248],[104.18294034308049,30.348811708050984],[104.18215367472294,30.347364311213298],[104.17778022020188,30.348163067252308],[104.16521707230383,30.351183228666347],[104.15327170650913,30.348839023404143],[104.14281123886202,30.34784347319036],[104.13284030305356,30.346844745809044],[104.12228846388204,30.34450917460902],[104.1131897104411,30.343444560001902],[104.0934688857636,30.343034136362693],[104.08766011156519,30.343500063924402],[104.08314740371567,30.344705296673123],[104.07020316106069,30.352880629975378],[104.07110197485692,30.387528046114998]]]}},{"type":"Feature","properties":{"name":"正兴","district":"天府新区"},"geometry":{"type":"Polygon","coordinates":[[[104.01332513467553,30.45201172772726],[104.01668705914852,30.450971289793127],[104.02261836693393,30.45065828366675],[104.02854436632155,30.4506779391343],[104.0351259496623,30.44918196731564],[104.03749169085629,30.44967131094565],[104.03960508632021,30.450507705532708],[104.0418609397038,30.451318240234336],[104.04304124049233,30.45155333913042],[104.0442222541548,30.451509705491127],[104.04334563145682,30.44777282634079],[104.04633058583224,30.442437013523733],[104.04784882235674,30.43981586120263],[104.04922404225074,30.437085364971278],[104.05449278605971,30.424794480925506],[104.05505986404617,30.42012942602826],[104.05549892407582,30.417748247881278],[104.05633877945573,30.417789098964434],[104.05789201098943,30.417777264833543],[104.06067619475941,30.41789231760672],[104.06351501973685,30.418352882547595],[104.06547843302944,30.418694052944506],[104.06754900344337,30.41878735340439],[104.06947738469475,30.418551646901616],[104.06967211619556,30.41744952843613],[104.06961736059186,30.416249621232335],[104.06966897314,30.413929272987478],[104.06964739163502,30.409288777817217],[104.06966831845446,30.390173766366424],[104.06659811799402,30.389784211373414],[104.06331364345252,30.389610258478065],[104.05288716301627,30.389977397600607],[104.04750804802863,30.39152266221122],[104.04278238133033,30.394192661202567],[104.02808904364967,30.40201118491688],[104.01889424586972,30.406747148306273],[104.01119806610423,30.40732118659616],[104.013285947805,30.40834096073864],[104.01343506531441,30.415750671098266],[104.0083297189271,30.41821495567585],[104.00301058507723,30.42311353840696],[104.00352001370305,30.42945648033612],[104.00870083500212,30.43072696113549],[104.01517331879901,30.428114098394627],[104.01806121645512,30.44332084347645],[104.01332513467553,30.45201172772726]]]}},{"type":"Feature","properties":{"name":"百草路","district":"高新西"},"geometry":{"type":"Polygon","coordinates":[[[103.97625226060583,30.742631986199065],[103.97376344223686,30.744742031390064],[103.97213532623923,30.746120192512524],[103.96952280478958,30.742925465782626],[103.96762991328714,30.741117303550922],[103.96526490056483,30.7391483110248],[103.96851359295984,30.73568673688524],[103.96877725683598,30.735548102938267],[103.96897810714707,30.735610984592988],[103.97063927162976,30.736935449496233],[103.97125188315303,30.737324964946538],[103.97150642447666,30.737585432955562],[103.97186744898674,30.737869064574767],[103.97625226060583,30.742631986199065]]]}},{"type":"Feature","properties":{"name":"成外","district":"高新西"},"geometry":{"type":"Polygon","coordinates":[[[103.98108536770783,30.733363340446502],[103.97935796014167,30.73274064289057],[103.97571294276767,30.73158060333047],[103.97370063771281,30.733464769711276],[103.9748675249334,30.734713937430914],[103.9759352960574,30.735798187436995],[103.97665495784207,30.73651046263377],[103.97558928271404,30.737519371230732],[103.9743545135401,30.73868319904713],[103.97355745107166,30.73944338567347],[103.97652821950973,30.7426165084119],[103.97759281034139,30.74359136938945],[103.97836184510797,30.744240524772476],[103.97960655125641,30.744914068577348],[103.98134815609608,30.745943130446904],[103.98364418649007,30.74283287051997],[103.98525742434742,30.74407205548214],[103.98663777066704,30.745019809788815],[103.98814436800788,30.746111563704694],[103.98836019785341,30.74593515808128],[103.99225440326396,30.749218294746527],[103.9955522110854,30.745902703297354],[103.99488835124194,30.74533970690537],[103.99608299226267,30.744370975825166],[103.99635707295347,30.744362444503036],[103.99678871930539,30.743338883566977],[103.99727035729356,30.742497280194662],[103.99737849312802,30.742336541564224],[103.99781872211112,30.74229001005724],[103.99833584426233,30.742552850032613],[103.99883416548232,30.74249412832978],[104.00023285808768,30.741223903432193],[104.0013484439023,30.740133196832648],[103.99801095411236,30.737564949990087],[103.99492162885369,30.734359754533383],[103.98918705080841,30.7269438662903],[103.9829581741137,30.73395642404422],[103.98108536770783,30.733363340446502]]]}},{"type":"Feature","properties":{"name":"高家庄","district":"高新西"},"geometry":{"type":"Polygon","coordinates":[[[104.00348459993357,30.70467695653473],[104.00239191918467,30.705631931879953],[104.00141945296656,30.70649946082057],[104.00067735048724,30.707184645578366],[103.99979112521106,30.7079412077037],[103.99870268599753,30.70889192939895],[103.99793875562536,30.709536811249784],[103.99703469356601,30.710342705736192],[103.99613473927305,30.71112617477452],[103.99507876789829,30.71201666410835],[103.99371673927698,30.713158060147677],[103.9927321661711,30.713979145406935],[103.992377948443,30.71432503161551],[103.99195986320879,30.71457981496706],[103.99019894203369,30.715546016733978],[103.9890272530616,30.716247244414962],[103.98779789648724,30.716951138963974],[103.98662578061372,30.71763532581004],[103.98546389214103,30.71836032118287],[103.98473681159143,30.718738714913336],[103.98418947648594,30.719124167326402],[103.98366005468203,30.719620144097373],[103.98245753619415,30.720804265067226],[103.98128392517242,30.720400235344925],[103.97849011607964,30.719596304276998],[103.9742405068205,30.718447540589004],[103.97349716790573,30.719998009072025],[103.97291496922172,30.720803789530358],[103.97216264979812,30.721609964987568],[103.97010534306703,30.72310808665451],[103.96778141511534,30.724617299131744],[103.96624443371721,30.725508272188446],[103.96552007339754,30.726208719532956],[103.96487516430192,30.72803353610755],[103.96350123000326,30.72765867112483],[103.96370619165215,30.727388623378733],[103.96322444728162,30.727237592815836],[103.96030711141488,30.726108221195357],[103.9586303581902,30.725578186910557],[103.95688252555217,30.724936967933758],[103.95458317601202,30.724132373682853],[103.95349553784696,30.723839132938412],[103.95306770888178,30.723848339237016],[103.95341659943792,30.723387415545616],[103.95213348202236,30.722128854236725],[103.95202868263729,30.720778437402757],[103.95186880254859,30.719891897269],[103.95293957470525,30.719162177491302],[103.95395607406378,30.719113914788664],[103.95447265086094,30.719694317301855],[103.95547881373315,30.720111071237138],[103.95663906727427,30.7194281940681],[103.95831620515118,30.719262413324557],[103.95940563931346,30.718188559937044],[103.95997678174524,30.717093604582878],[103.9602642316208,30.715653744503857],[103.95976570767053,30.714594188491336],[103.96110341128166,30.714716113982988],[103.96153228796699,30.71495321361919],[103.96231696037312,30.715053672034333],[103.96787038651986,30.71439759345952],[103.96881878968041,30.713672921906984],[103.96917691258031,30.7125113953069],[103.96966073232205,30.710915574055733],[103.9694658517663,30.708370555387578],[103.9713431436523,30.708423890934505],[103.97200550223863,30.70764896749021],[103.97161235965969,30.70632997631618],[103.97236454189331,30.705136316394203],[103.97188246663724,30.70414300760467],[103.97123951847747,30.702558427880238],[103.97275968238174,30.701631126698178],[103.97360111457192,30.701088339152303],[103.97401384939232,30.699804298801826],[103.97522202256745,30.699090477843388],[103.97659993065452,30.698173172707982],[103.97763842238136,30.69724720534153],[103.97856955420936,30.695955863268146],[103.9807548897099,30.696023773525084],[103.98107789236388,30.696518679737668],[103.98263707121083,30.69594984970049],[103.98351487293601,30.696920739908933],[103.9852006888842,30.696425533796262],[103.98826835009785,30.6960676218353],[103.98882438759878,30.697550258947224],[103.98896792276479,30.698572962044608],[103.98868012475117,30.698824284185577],[103.98783713070648,30.698648178685133],[103.98724482035014,30.698825646066062],[103.98693910676623,30.69918572834221],[103.98661607585566,30.70041441360803],[103.98736965004143,30.701259870428768],[103.98738693067871,30.702640838507453],[103.98697329071669,30.703002087399707],[103.98605865456454,30.702996516405214],[103.98491069912521,30.702851505645896],[103.98390634127028,30.703418815071295],[103.9839510791516,30.70371326067145],[103.98481062595538,30.704974053571924],[103.98518767039869,30.70539034705907],[103.98544712400091,30.705530825218332],[103.98615096387479,30.705535962377397],[103.98651924578189,30.705769063824494],[103.98693561148201,30.705818671120824],[103.98720011652445,30.7060137025021],[103.98724485397658,30.706308020141407],[103.98690401322438,30.7067453852958],[103.98667932707595,30.706755742260462],[103.98639286565863,30.706595807630503],[103.98553190831036,30.70707398605432],[103.98597086978464,30.707500432920465],[103.98653857122667,30.708061309704664],[103.98726589165767,30.708906005767236],[103.98914124582608,30.706945641632842],[103.99000306927228,30.707540402868066],[103.99087405603728,30.706729490886755],[103.99159238733843,30.70711539166138],[103.9937278737808,30.705525314075825],[103.99578783285571,30.707167682402552],[103.99646640531083,30.70661287059736],[103.99716289898333,30.706256399718843],[103.9969702574087,30.705624086434483],[103.99703347769103,30.70532821487551],[103.99731175377845,30.705074658051963],[103.99702487489829,30.704707769623965],[103.99891654265484,30.70350779228098],[103.99823355878824,30.702790241690565],[103.99927666816777,30.701856431739735],[103.99862069674366,30.70096858462654],[104.00040129647891,30.700067242162486],[104.00088341895024,30.700656081314413],[104.00146147346538,30.701560879596272],[104.00220771707005,30.702377488170008],[104.00353741084712,30.703430763169628],[104.00419388496506,30.703767052784787],[104.00442593991625,30.703877529631942],[104.00348459993357,30.70467695653473]]]}},{"type":"Feature","properties":{"name":"高新西","district":"高新西"},"geometry":{"type":"Polygon","coordinates":[[[103.91928707781408,30.806481878757893],[103.9185522430221,30.8070247041979],[103.91737666256033,30.807552485897236],[103.91451222669498,30.808405255921567],[103.91438718180507,30.808125851222524],[103.91179836604833,30.80489162900072],[103.90633330384462,30.797592695713604],[103.9028524233359,30.79290136254593],[103.90054314691449,30.789967590828578],[103.89710248728188,30.785517566042433],[103.89413090895259,30.782087178383268],[103.8928561000015,30.780269056411704],[103.88936708226292,30.77533764756251],[103.88509100253593,30.769623052549935],[103.88671530421776,30.767783305759675],[103.88761745771457,30.766884420798604],[103.88920538320272,30.764642132102388],[103.89039660519512,30.762947971626247],[103.8934644308816,30.759798498780842],[103.89487164417973,30.758629661124587],[103.89645942125654,30.75739575021983],[103.9003917926582,30.755263463979734],[103.90341968525519,30.75352032692567],[103.90921767689025,30.75288700196686],[103.91030616575263,30.751762677760272],[103.91081878990141,30.751077618035268],[103.91129531818233,30.750484932236144],[103.91147554784433,30.749995106248836],[103.91207811627001,30.749339998710045],[103.91275260222726,30.748824735149775],[103.91558218902814,30.74704574300909],[103.91761312808657,30.7436608481721],[103.91804388807932,30.74321072347844],[103.9198469702873,30.74202440391204],[103.9241328858226,30.738963734014796],[103.92493964146544,30.73861052505248],[103.92833287645905,30.736297386233417],[103.93202728683266,30.734459806067854],[103.93243019368106,30.734486698484506],[103.93357279779265,30.734863032103892],[103.93435048716216,30.734871340004428],[103.93509140344347,30.73470867397051],[103.93947726199515,30.732420099887484],[103.94068289377792,30.73169967101817],[103.94123656439103,30.73124251806545],[103.94294354109705,30.728365293524455],[103.94338230073615,30.726541845793268],[103.9442300895132,30.72573945814262],[103.94481923773809,30.725368136731113],[103.94523869850931,30.724892499652405],[103.94524877871599,30.723791487438266],[103.94548135474199,30.72353901372618],[103.94581103767317,30.723458806122075],[103.94753146321467,30.724343880442632],[103.94879674980976,30.72464982431189],[103.95033113130671,30.724810568703393],[103.95067854505879,30.724800485202465],[103.95188276318017,30.7245924949321],[103.95278270373387,30.723969363997636],[103.956420578634,30.725218050144328],[103.96323383101272,30.72778025917949],[103.95981452514259,30.730041961825208],[103.95748838918539,30.731663200695593],[103.96062123848375,30.735172710958075],[103.96248005454015,30.73725346461892],[103.96502727782374,30.73927145815589],[103.9682138880708,30.74172305320521],[103.96936094222309,30.742867678035477],[103.97191531881323,30.746280652851254],[103.96998849393668,30.74775216917202],[103.96718746751228,30.749579592639545],[103.96148691854464,30.752488630903635],[103.95785615887456,30.75420633498278],[103.95256825723156,30.756697226969433],[103.94725056880723,30.759114908680857],[103.94593061865457,30.76011551212876],[103.94484794890789,30.761286537549207],[103.94432216990383,30.762279664256457],[103.94299387227132,30.76470402403809],[103.94197801776215,30.76642630478348],[103.94106886498128,30.76732155992371],[103.93927706283,30.76901915963717],[103.93830398505568,30.769836394057474],[103.93601136341981,30.771320949880877],[103.93310037068366,30.773095477477902],[103.93536580038328,30.778780552355848],[103.93161573539183,30.78139390403995],[103.93052631480741,30.782701799211804],[103.92966070245639,30.78412921997347],[103.92656186695586,30.789962059376595],[103.92539984551777,30.79215711370398],[103.92450657220917,30.79445626249368],[103.92386333643081,30.79697284604933],[103.92327307169123,30.79861416330992],[103.9223785477677,30.800603741182833],[103.92107093498137,30.803631742106262],[103.9206142431582,30.804684640315344],[103.92008554017679,30.805668657363242],[103.9197183039094,30.806141192836197],[103.91928707781408,30.806481878757893]]]}},{"type":"Feature","properties":{"name":"郫县城区","district":"高新西"},"geometry":{"type":"Polygon","coordinates":[[[103.877368771004,30.751270507149478],[103.87245869283551,30.756414126992407],[103.87531047182114,30.759546226150054],[103.88557460577064,30.771004193683478],[103.88863540663709,30.775457144617388],[103.88955324398799,30.776679411609738],[103.89234187546988,30.780559940120853],[103.89329976560815,30.781870896243753],[103.89443847371176,30.783265276339407],[103.8964799117561,30.785623518724716],[103.8973516119714,30.786653760020712],[103.89839918829949,30.78801474985742],[103.90007863409699,30.790178585794603],[103.90126121499955,30.791730006395998],[103.90237511840569,30.793154955531353],[103.90343953328933,30.794569112573264],[103.903935457658,30.79519834714883],[103.90431490405228,30.79571002033778],[103.9045718499133,30.796044140767812],[103.90507164893783,30.79671764252823],[103.90582020613014,30.797740681050954],[103.89559483393924,30.80257569552487],[103.89136279758937,30.80525625192728],[103.88915108805914,30.807004234486683],[103.88830294325436,30.808110092860247],[103.88749890222776,30.809014317120237],[103.88615397523759,30.8102717644041],[103.88492554604743,30.811592143418963],[103.8862897514999,30.81262642140881],[103.891165391142,30.816454608044253],[103.89275378811251,30.817948982946398],[103.89468222063763,30.82377662969021],[103.90923178715049,30.85803703293391],[103.93406454848474,30.83649381967338],[103.96783755310223,30.807705687035888],[103.96967780621438,30.805490371396733],[103.9708386958803,30.802781556069522],[104.00298307130446,30.80579584663489],[104.01201302946802,30.81383672653235],[104.0097094652419,30.820575444932498],[103.98641080981338,30.83211457446814],[103.96789477416134,30.83739503521107],[103.95377982232499,30.854323498131063],[103.93904256575752,30.859352625196074],[103.93264497762144,30.869655536729567],[103.94178701098146,30.879183306726965],[103.94064762559097,30.885364129497425],[103.9443615501326,30.889876085047582],[103.9263697891115,30.90653136565793],[103.91001637823622,30.923389505712958],[103.84696310466113,30.93791188219264],[103.83602182137153,30.925130446683564],[103.82842527062483,30.927349035581468],[103.82426891383813,30.93693211298914],[103.8111027551872,30.949786691775632],[103.77911851477167,30.957663791800986],[103.76611821083334,30.951540714548255],[103.76836710607661,30.925691198258033],[103.76019952443522,30.91745489552335],[103.75462917778674,30.902104715735355],[103.74727583327744,30.900693379803524],[103.76226813220215,30.887624926979115],[103.74803738291456,30.880621823962475],[103.73394754790763,30.879425656625052],[103.72893008341221,30.866516173305826],[103.71605693231534,30.863159111011964],[103.74101733119454,30.847289596348407],[103.76367026359284,30.829580210586325],[103.77841640705573,30.817959026156586],[103.78690047390636,30.81204624358857],[103.79755264730068,30.785965287879886],[103.81680031788015,30.7804328544004],[103.82482219411935,30.77411785300613],[103.8285449996081,30.769718762453664],[103.83098004317873,30.766784833598344],[103.83843260205461,30.762321444833557],[103.85519811112498,30.752939112779657],[103.87596012303679,30.749737097827975],[103.877368771004,30.751270507149478]]]}},{"type":"Feature","properties":{"name":"外光华","district":"高新西"},"geometry":{"type":"Polygon","coordinates":[[[103.97305427308572,30.68806519416286],[103.97304863195374,30.67632871545582],[103.98763036318068,30.676099012465325],[103.9851152497238,30.671218575485916],[103.97816267584011,30.67182121883947],[103.94610359963069,30.671668785495317],[103.93272811428092,30.67514119012783],[103.9359598434182,30.66376736369884],[103.9330656648064,30.664232580430316],[103.93066883649233,30.66222218667165],[103.92927358252527,30.662583579872816],[103.92759163817621,30.66157755538051],[103.92705528529315,30.66216400486026],[103.92705588494377,30.662785916033094],[103.92791613584036,30.66446831599948],[103.92763049750084,30.66574018414967],[103.92569994947664,30.668213255547226],[103.92344382723401,30.669196160193803],[103.92122239229757,30.669377234064303],[103.92090096143264,30.67155032379354],[103.91785303834813,30.67322615985403],[103.90534237709873,30.677336040886136],[103.9048378169052,30.67845903649697],[103.90220693552051,30.678240957134605],[103.90065707250905,30.67891213323577],[103.89834883022534,30.678166193921754],[103.89737514235043,30.678645755196722],[103.89650965347515,30.680676672754586],[103.89470653863576,30.6825038130766],[103.89575403966056,30.684320647122252],[103.8995411736412,30.683086614888445],[103.90170512607942,30.683586603900586],[103.90422836648281,30.68243951852984],[103.90498632506574,30.688361339412655],[103.90790367959144,30.687712676476128],[103.90829964628702,30.68923072395254],[103.91092619246525,30.68886946481814],[103.91538355756006,30.695584373882998],[103.91778906003299,30.694771997395993],[103.91911681992433,30.697317036037425],[103.91724822077946,30.701755783504826],[103.91800086927664,30.70454716332007],[103.92115754948603,30.704983259666857],[103.92298296780818,30.70818356857065],[103.92570407397044,30.71024261964184],[103.9264566036936,30.71002994155916],[103.92831295304121,30.714912446267437],[103.9288430295492,30.721493324348977],[103.93306211707036,30.722058435376976],[103.9349202306189,30.72263586513562],[103.93559699391136,30.723884588820372],[103.93591952351669,30.723469648935428],[103.93862096944764,30.727154958735788],[103.94237590488984,30.72798066291283],[103.94259095077857,30.727441066943314],[103.94282464721496,30.72614132222636],[103.94444981598113,30.724489541005113],[103.94461103680385,30.723173846577687],[103.94534310713935,30.7228275772205],[103.94637739670374,30.722981312847974],[103.94726806107208,30.723723564178716],[103.94894402978366,30.724290209330494],[103.95122699432616,30.72427659501967],[103.95231538776189,30.723779099233706],[103.95254712907229,30.723332627306696],[103.95210197921695,30.72282988184459],[103.95180844457404,30.72257001339127],[103.95162148851234,30.721954884029927],[103.95157782510204,30.7209930110626],[103.95143539477027,30.720510392165686],[103.95136453243627,30.71992784575308],[103.95187341682436,30.719267435855087],[103.95297091335844,30.718608024090106],[103.95377399829185,30.71855690484134],[103.95546752271484,30.719509384761047],[103.95675217250955,30.718533267764244],[103.95817882052182,30.718643286590677],[103.95907288489327,30.71728853687215],[103.959215876789,30.716296878936216],[103.9590045340802,30.714061168166086],[103.9600754990736,30.713607247173595],[103.96249263565322,30.71418494743736],[103.96534885186846,30.71377395734285],[103.96799273371946,30.713294063567947],[103.96849576176741,30.711249125200396],[103.96821071309053,30.709634824918304],[103.96871253005837,30.707588721956604],[103.97018767778583,30.707538914627566],[103.97104520540523,30.7076655914168],[103.9706528466987,30.70676500805196],[103.97084930460122,30.706114050401844],[103.97140380647126,30.705711865868377],[103.97158347891079,30.704858866305106],[103.970547627748,30.703257925757445],[103.97044064134634,30.702404094694945],[103.97108482354413,30.701506634030302],[103.97233686334586,30.701214698394093],[103.97314142036106,30.70056423585482],[103.97346338671846,30.69954013166674],[103.97439456217379,30.698857899060233],[103.97562864904215,30.698314546389966],[103.97740140037786,30.69671213464712],[103.97305427308572,30.68806519416286]]]}},{"type":"Feature","properties":{"name":"永宁","district":"高新西"},"geometry":{"type":"Polygon","coordinates":[[[103.8738425488228,30.730392014800543],[103.87371725448996,30.729090411219474],[103.87303318552966,30.70981870475696],[103.86745852315818,30.710037755258274],[103.87016845123597,30.70343851593194],[103.8635703352383,30.702361565951563],[103.87220907184353,30.69895116805607],[103.89297394764644,30.700022485361878],[103.909838279735,30.697521788485844],[103.91594873316669,30.69786361605077],[103.91490580452239,30.701063823217677],[103.91400614099655,30.704170214851228],[103.916045093603,30.703527015949366],[103.921585766926,30.70890941283697],[103.9222376135799,30.713115899876634],[103.92588375443987,30.72125832224471],[103.92702507827292,30.7256076043363],[103.93195795952118,30.728748398232334],[103.93388786335484,30.729636229856016],[103.93645911278605,30.730533628285357],[103.9378859848515,30.731916055994198],[103.9293670587142,30.73433959581887],[103.91211023886154,30.745606990181084],[103.91096125825776,30.74158137268805],[103.90412136245759,30.741269618220606],[103.88643384250156,30.754798638424106],[103.8761048736766,30.75792428461044],[103.87523740565626,30.75619753651389],[103.88043839638694,30.751166744487424],[103.87697142779416,30.748236302781205],[103.87502195069648,30.74844608072359],[103.8738425488228,30.730392014800543]]]}},{"type":"Feature","properties":{"name":"中海国际","district":"高新西"},"geometry":{"type":"Polygon","coordinates":[[[103.95999914053276,30.7301498677103],[103.95907494979029,30.730798248604675],[103.95859304745112,30.73110755771819],[103.95781604147207,30.73166409896249],[103.96087358308328,30.735094364178387],[103.96266495583609,30.73710426750372],[103.96516658186542,30.739081262151924],[103.96527379616253,30.738973494241762],[103.96574644815499,30.738477233770443],[103.96637124840896,30.73774398228699],[103.96678306394095,30.737421843187274],[103.96705971341903,30.737081781591495],[103.9687416902432,30.735563239047504],[103.96888924931265,30.735389456018183],[103.96911244493921,30.735588197382622],[103.97128578119533,30.737240115143575],[103.97347490513587,30.7393214086029],[103.97644480595828,30.7364409129985],[103.97479576081598,30.734786912429076],[103.9735821491718,30.733480682499756],[103.97561236907073,30.731552737364225],[103.97331488548275,30.73077050722098],[103.97318731422413,30.73092426596737],[103.97292562520572,30.73080505765349],[103.98228973211363,30.72100427434696],[103.98055192842112,30.720409404876577],[103.97805047067868,30.719718704436854],[103.97441348986806,30.71871634325618],[103.97376380432111,30.72017005106426],[103.9732213724724,30.720991993039696],[103.97250088919168,30.721762445172015],[103.9717936335244,30.722362616332425],[103.97085953918601,30.723045639786147],[103.96802973530016,30.724880434026613],[103.96613445289367,30.72612106279733],[103.96578150675045,30.726188588105625],[103.96553119437807,30.72699319513708],[103.96536982268734,30.727340760850318],[103.9652490056152,30.72788645605643],[103.96494039947986,30.728388761233873],[103.96340564333002,30.727856696009813],[103.96183784281551,30.72893552320341],[103.95999914053276,30.7301498677103]]]}},{"type":"Feature","properties":{"name":"簇桥","district":"双流"},"geometry":{"type":"Polygon","coordinates":[[[103.9584020535637,30.626099851748496],[103.95843781256511,30.626069279472965],[103.95906261186845,30.62557962929563],[103.95931280236334,30.625721344955267],[103.95995409729547,30.626350022302272],[103.96143477955926,30.626954995314392],[103.96175672776282,30.626663290697763],[103.96714822399508,30.62919064272852],[103.97479840171276,30.632830969563138],[103.9796611291449,30.62448176472329],[103.98281409389728,30.625891144704518],[103.9827455124429,30.621481043613194],[103.98266453769827,30.62017538629655],[103.9857479251253,30.620894825395258],[103.98578492472541,30.61931039849168],[103.98653946856726,30.61830841982583],[103.98786896424546,30.616648017728938],[103.98876692830308,30.615473268479626],[103.99273712860165,30.612361212123222],[103.99815155823978,30.60655889442435],[103.9990683738574,30.606262978720256],[104.00079488361204,30.605968010139815],[103.99948678288985,30.60228028752047],[103.99884057117707,30.601142573905495],[103.99774556229245,30.59963972594676],[103.99648831563653,30.598448859898852],[103.99076179822917,30.594807888029962],[103.9964066670098,30.5894730624092],[103.99746733031594,30.589113387194047],[103.99858186629261,30.589125052906915],[103.99967840810854,30.589291464654913],[104.00200270382243,30.582755573197883],[103.99969949701733,30.58508153997771],[103.99588599478491,30.58890599735467],[103.98543643269305,30.589898122761248],[103.96793752554879,30.577784587046434],[103.96395377998121,30.57973132947448],[103.96138324869591,30.580577454487795],[103.96352241954077,30.585569754503645],[103.96480734579146,30.586961459532418],[103.96489468339121,30.589711546566335],[103.96544738021572,30.608742300664098],[103.96509028870769,30.609019487122886],[103.95666324870183,30.613158529633715],[103.95480160831052,30.621163065069094],[103.95663778559069,30.623671024582908],[103.9584020535637,30.626099851748496]]]}},{"type":"Feature","properties":{"name":"东升镇","district":"双流"},"geometry":{"type":"Polygon","coordinates":[[[103.90711125637785,30.587183035726976],[103.90721845088939,30.587213042443825],[103.9163525547063,30.58657109740521],[103.91961911034812,30.586319441014428],[103.92753880243987,30.585291500935607],[103.92886347561105,30.585145943029357],[103.92964986764144,30.5853999352994],[103.93107962405385,30.586251659153437],[103.93286939964489,30.583425238677385],[103.93392331527669,30.584111798018125],[103.9359676796436,30.58557986790358],[103.94542127236828,30.592167974368518],[103.95173023981916,30.59676211852344],[103.96054434567588,30.6037350552378],[103.96475495983142,30.605513270153235],[103.96483575274353,30.59656783044297],[103.9643424887025,30.587989220446524],[103.96027679010139,30.58053512273845],[103.96502654084735,30.573368454413217],[103.96177670359836,30.566595423683843],[103.96099110518,30.564038228197006],[103.96181035476644,30.56140388701673],[103.94543257824824,30.555532687862915],[103.9375785896998,30.55231738665868],[103.93072139870102,30.557281431555083],[103.92595612880203,30.5605878890104],[103.92163995071873,30.563734931584673],[103.91969521878832,30.565163057976722],[103.91633964985326,30.567637224843015],[103.91186670846187,30.56978437093285],[103.9052349009439,30.57220738973683],[103.88519619995617,30.5773025921351],[103.88561082462502,30.565034185635948],[103.88712061047272,30.55876072571217],[103.82341180710327,30.548829041132965],[103.82026502161425,30.557481442075467],[103.81725873485921,30.56812702874905],[103.81403022644497,30.57802427229795],[103.81216233059271,30.583841269495487],[103.80459943216783,30.60737408331397],[103.82210302218601,30.61356885364104],[103.83356476208267,30.61948947253429],[103.84388993681382,30.623376241079967],[103.86373482461525,30.632416050169795],[103.87138023281602,30.631122673304976],[103.85886648963621,30.593660254698364],[103.87637310563068,30.589607520351038],[103.88562338433083,30.58856011032586],[103.8914746098886,30.588219466348985],[103.90478672326668,30.587337943768635],[103.90711125637785,30.587183035726976]]]}},{"type":"Feature","properties":{"name":"公兴","district":"双流"},"geometry":{"type":"Polygon","coordinates":[[[103.98120808549376,30.49571538649559],[103.98229628167351,30.496975755796687],[103.98443660559394,30.49967277632274],[103.98764502789507,30.50377701360451],[103.99214251424536,30.501752418034425],[103.99302753334278,30.501265756630676],[103.99607340244715,30.499938625244276],[103.9961544851094,30.499844332780725],[104.00028979152997,30.498100215630423],[104.0015351127442,30.497641575951956],[104.00277253243553,30.497218659329096],[104.00547074881375,30.496580546270884],[104.00771451309329,30.496206426004267],[104.00594263151179,30.4915441528771],[104.00536427330951,30.490220028583654],[103.99908610939623,30.492017054586867],[103.99784443076715,30.488928541986603],[104.00440865948535,30.487812721494954],[104.00136831758704,30.479629713814365],[103.99965497031017,30.476755579981454],[103.99891391410286,30.47533057777062],[103.9984078224194,30.474091154026233],[103.99720430731338,30.466923499537298],[104.01483227888933,30.45869016081259],[104.01152421733296,30.4531502671251],[104.0162700934054,30.443599703296023],[104.014103306953,30.430312710815798],[104.00935668967193,30.432021404771834],[104.00540001524807,30.431786718369242],[104.00108204027298,30.429751101354046],[104.00006958926313,30.423665034324912],[104.00588967966962,30.41682893001767],[104.01106772487412,30.414798087245483],[104.01048817409271,30.410012817199],[104.00609671272652,30.406359328763006],[104.0202662950112,30.4041700554944],[103.99496382015313,30.365262862189287],[103.98414001138089,30.316974244904237],[103.9670994401979,30.312129261399466],[103.95996599126985,30.322543447043074],[103.91190978030559,30.33859421020678],[103.9410926007634,30.400045169673657],[103.93302229885319,30.403623465612693],[103.91001659216407,30.421582661257325],[103.94041310736188,30.4538439033169],[103.94725596234109,30.469809259340924],[103.9576747083429,30.465283388914184],[103.97276900333402,30.48526826053988],[103.97374333668097,30.48649053873384],[103.9767814937155,30.48996330493882],[103.97884682042412,30.492585685252397],[103.98120808549376,30.49571538649559]]]}},{"type":"Feature","properties":{"name":"航空港","district":"双流"},"geometry":{"type":"Polygon","coordinates":[[[103.96942119800093,30.57289663108271],[103.9691894333748,30.573097562544994],[103.96899247693041,30.573469547291175],[103.96892083944255,30.573811094079673],[103.96897451882944,30.574106230933804],[103.96897447652306,30.57447909041594],[103.96894761079878,30.57457293174241],[103.96889386104336,30.574883564843965],[103.96876944356028,30.575488745945282],[103.9661118721149,30.574175933293432],[103.96500459970537,30.574229971007608],[103.96389732954688,30.575650612840928],[103.96057673794273,30.58052927229146],[103.9680467348347,30.57712636527905],[103.97505333761382,30.58199117853529],[103.98364634172735,30.588168443451483],[103.98559046395943,30.58953787464607],[103.99557320316273,30.588567297732386],[104.00147324935176,30.582747416942283],[104.00280411605169,30.581448221298746],[104.0066513688085,30.584606963245516],[104.00959899625943,30.58709764476094],[104.02446128815814,30.576905096805948],[104.0193411081888,30.567438163287186],[104.00814288894254,30.56017376621921],[104.00349107933559,30.565323174044128],[103.99881933728709,30.563014548107322],[103.99545873869907,30.562403579110548],[103.9904644605923,30.56143531755453],[103.9891533811256,30.56117204102274],[103.98658715846398,30.560626183326324],[103.98678440819893,30.55981525323322],[103.98828886499668,30.55326932016329],[103.98541785538642,30.55320562504123],[103.97689367154922,30.553062634354582],[103.97692388695268,30.55225463137854],[103.97698167785036,30.551091584199536],[103.97705194202412,30.549424523588975],[103.97698409516028,30.549319684688854],[103.97686355925474,30.549342949541654],[103.9765149129249,30.549401644258424],[103.9756425170218,30.54965190933655],[103.97355879434436,30.55020824115122],[103.97368556003714,30.551728224104934],[103.97499096676316,30.551712296949457],[103.97504927192928,30.55235421775729],[103.97512674041077,30.553302094743913],[103.9751398859597,30.553547065280455],[103.97471573349199,30.553660248978165],[103.96537825325285,30.556272052907858],[103.96020307026738,30.55778015356099],[103.95838310719785,30.558256890248785],[103.95756294516644,30.558247248979608],[103.9556357231038,30.55797546220107],[103.95435239172876,30.55833174821024],[103.96231096677037,30.561283675532316],[103.96145469211577,30.563374020234253],[103.96166995950817,30.565163737229234],[103.96200902766303,30.56616177014007],[103.96302688980339,30.568362584882436],[103.96541215963313,30.573555246683597],[103.9668485960237,30.573163090705986],[103.96852805514536,30.57286156446241],[103.96942119800093,30.57289663108271]]]}},{"type":"Feature","properties":{"name":"华府","district":"双流"},"geometry":{"type":"Polygon","coordinates":[[[104.03007176255338,30.48845814567479],[104.03000013058633,30.488185941521103],[104.00443566841165,30.48783119449133],[103.99788142153282,30.488954887757977],[103.99910912830562,30.492011648557966],[104.00542235544354,30.490198923317166],[104.00636447982909,30.49330305066127],[104.0125998717367,30.516694148244675],[104.01774108403802,30.529042020234225],[104.02135356018276,30.52895287840217],[104.02478526287823,30.52888860166108],[104.03394564081268,30.53096489229527],[104.04163029864914,30.53181136405095],[104.0417763478386,30.534859365507454],[104.04186877622601,30.537899356285305],[104.04367548553533,30.53795018911889],[104.04374380057165,30.534225557720134],[104.04267610392037,30.530460124049593],[104.03971845892217,30.52328068181091],[104.03499780167066,30.509572452978738],[104.03323799317835,30.505130789215713],[104.03286637148153,30.50367577671307],[104.03113792659764,30.494109000414362],[104.03061137399405,30.49117093566699],[104.03007176255338,30.48845814567479]]]}},{"type":"Feature","properties":{"name":"花源","district":"双流"},"geometry":{"type":"Polygon","coordinates":[[[103.82275332079448,30.51853517080128],[103.82583447672526,30.510316671137073],[103.8398836198186,30.50912897844641],[103.85575727307048,30.507788838314337],[103.8743554323429,30.504906406005418],[103.87832908024171,30.50205730805501],[103.88223190631491,30.499203431510704],[103.88721631366856,30.498691207436703],[103.89083406257429,30.492227661844495],[103.89134398784823,30.4876792388062],[103.90454878630065,30.486128648156413],[103.91153673696323,30.481653132134294],[103.92575039490873,30.47853829357579],[103.93712507643848,30.474535458867123],[103.94226803271843,30.47279785901339],[103.94726367815544,30.4712516832919],[103.9388512842916,30.454394235945163],[103.9236127586611,30.438384360408595],[103.90656885530151,30.41969113273465],[103.89431431106541,30.425577827506732],[103.88659196758712,30.431178711059342],[103.88009469507595,30.437068475356096],[103.87410592412489,30.449908728805376],[103.87208507723363,30.45291743967161],[103.86847731451175,30.455439103282743],[103.8606911161365,30.45933113307125],[103.85665941813416,30.46108647504299],[103.85291797717272,30.463420097168484],[103.8384856469205,30.4847081326796],[103.83591917276424,30.487916696439296],[103.83211736248245,30.490494401458914],[103.82491302185375,30.492945494071066],[103.81946278751866,30.495618954273684],[103.81662803253833,30.498216106786714],[103.81390005985989,30.50302774202477],[103.81012965757533,30.510070790563955],[103.82275332079448,30.51853517080128]]]}},{"type":"Feature","properties":{"name":"蛟龙港","district":"双流"},"geometry":{"type":"Polygon","coordinates":[[[103.84259892816763,30.646219565217404],[103.82309810679304,30.64054644308094],[103.79652700343,30.63169263478881],[103.80431089708476,30.608862010637623],[103.8264001483546,30.617372509944197],[103.84934486786501,30.626663894272788],[103.8631581750796,30.633287645938907],[103.87224583229367,30.63210779063246],[103.85963632339698,30.594304025117964],[103.86749433136015,30.590766243814556],[103.9070750563406,30.587354267350342],[103.91434103167232,30.586777988699346],[103.91965493167137,30.58649036180466],[103.9286839599365,30.585563374710272],[103.93104469511323,30.586390268499013],[103.93125858865812,30.58648614684653],[103.93301257895715,30.583535627995282],[103.93995639167238,30.588573136388504],[103.9457693119276,30.592646673148156],[103.94826436807074,30.594375486220898],[103.95263082922776,30.597466098541393],[103.95432318614435,30.599523549308202],[103.95522281981634,30.60024982398689],[103.95642623384686,30.601033564498604],[103.95836912804506,30.602167159463644],[103.95951043040168,30.602824595678992],[103.9600005646061,30.603272616558232],[103.96059734439517,30.60434320056174],[103.9611406976031,30.605257148379323],[103.96163081529575,30.605820636544045],[103.96477250736255,30.606621366794595],[103.96493141908316,30.608377497536544],[103.95625437644017,30.61294737861199],[103.95369772414641,30.620927514393344],[103.95920606561121,30.628061615812253],[103.9522108257221,30.63389509953983],[103.95192649566941,30.6381775969473],[103.9515021751768,30.646278366153137],[103.94740283637847,30.64935733804054],[103.94806835419276,30.65705448055757],[103.94780206513194,30.65784252424262],[103.94741063452477,30.65855177986195],[103.94789369801346,30.660282451125724],[103.94579167583483,30.662844822687873],[103.94477484733812,30.66261330500473],[103.9434339864127,30.66004768815177],[103.94029372912615,30.66006647669385],[103.9383687346641,30.662525980222863],[103.93351080050806,30.662717402049843],[103.9317218843024,30.661395858068737],[103.92914589425652,30.660255936660693],[103.92563954246532,30.661289000773312],[103.9248568340098,30.667248245208228],[103.91983891767187,30.667109922384327],[103.91617951011804,30.668728693895776],[103.91272717151702,30.66606982173801],[103.90178389304354,30.667534104922375],[103.90177963281985,30.663061765177126],[103.89730603783953,30.662376487704815],[103.89622833213956,30.66754734773949],[103.894138988686,30.672174749316696],[103.88836226039892,30.673320508771816],[103.88532393290542,30.668274857033847],[103.88084153897728,30.665298455242255],[103.87679372027854,30.661874795392485],[103.87211702046429,30.659816226830312],[103.86836310204627,30.657985010294055],[103.86504371516499,30.65576834713388],[103.86071788128942,30.653047331853422],[103.85280059046633,30.650667831509633],[103.85064272072995,30.648665748544126],[103.84920590286656,30.648530015898473],[103.84259892816763,30.646219565217404]]]}},{"type":"Feature","properties":{"name":"警院","district":"双流"},"geometry":{"type":"Polygon","coordinates":[[[104.01808651299548,30.5354338491294],[104.01732204344744,30.53546484462982],[104.01502304936936,30.537495310942028],[104.004075060496,30.522100510144906],[104.01357064350323,30.51980342482531],[104.01717462215817,30.53155854516592],[104.01787005041288,30.535064514574447],[104.01808651299548,30.5354338491294]]]}},{"type":"Feature","properties":{"name":"九龙湖","district":"双流"},"geometry":{"type":"Polygon","coordinates":[[[103.96587429194433,30.501824540681906],[103.9650986019682,30.50086238317412],[103.96355580059377,30.498642039758884],[103.96186248329292,30.49530626956042],[103.96035229782217,30.492355557947686],[103.95736633633406,30.486183107095954],[103.95678750293037,30.485208597598167],[103.95518895723583,30.482485920097957],[103.95189001078415,30.477951037204626],[103.94775858901889,30.471763557070744],[103.94700648125546,30.47018149266755],[103.95065867493746,30.468709410559324],[103.95356204153623,30.46753303889385],[103.9576078299223,30.465818366688435],[103.96560800258192,30.47599919022988],[103.96932787222191,30.48079092535609],[103.9735284814245,30.48630350173416],[103.97574457120322,30.488849615425124],[103.97666498811435,30.489901576639845],[103.97760342821195,30.491088673179704],[103.97890052555722,30.49271740363964],[103.98124391899351,30.495800128933933],[103.98446746625832,30.499788453387993],[103.98764002245612,30.50380005971968],[103.99067886229746,30.502461324604464],[103.99216048422154,30.50179114361188],[103.99304549849444,30.50131546729901],[103.99608738243623,30.499973378294076],[103.99618140610428,30.499971827137106],[103.9986891782055,30.49889448324293],[104.00033473296222,30.49822433668428],[104.00111255491954,30.497922245239156],[104.0028084797909,30.497330925316263],[104.00564986727237,30.49667405065529],[104.00775044846463,30.496337663714396],[104.01623171440986,30.518822522599105],[104.00501085906241,30.521645683097688],[104.00038496878068,30.52272035316689],[103.9987581375281,30.523312431632984],[103.99735680502043,30.52408764487166],[103.99520084528497,30.52528919688321],[103.9883074109733,30.529114130213593],[103.986439504434,30.527136813130017],[103.98461339123709,30.52510847458384],[103.98222308426848,30.522055635854446],[103.97908635417167,30.516738926028836],[103.97796685512094,30.514877472219354],[103.97672328213531,30.513212172984073],[103.97443265265572,30.510718352798214],[103.97207681170255,30.508352887167757],[103.96975825988832,30.50600893143867],[103.96673555195005,30.50292274997559],[103.96587429194433,30.501824540681906]]]}},{"type":"Feature","properties":{"name":"牧马山","district":"双流"},"geometry":{"type":"Polygon","coordinates":[[[103.88307632503579,30.499186838148553],[103.88485699369232,30.50356869092501],[103.88890116485298,30.518931507528514],[103.89439876039626,30.533527454786732],[103.9155876420005,30.5437670677558],[103.9387936993456,30.55211375114219],[103.95449515495994,30.558053670463053],[103.96013137344688,30.557499429998497],[103.97512179901771,30.55334909384023],[103.97498201398848,30.551724300641908],[103.97368955266535,30.551740225699827],[103.97354983068577,30.550204234829607],[103.9751725158031,30.549769315366856],[103.97608565581037,30.549515350723283],[103.97646510114434,30.549401735256783],[103.97684562549841,30.54934298804283],[103.97720804295905,30.54905717035545],[103.9708644701899,30.537330735348082],[103.98758006205712,30.528823447727866],[103.98191000961583,30.52241567125497],[103.98047586118905,30.519737690221632],[103.97811055727568,30.516762528099303],[103.97596220606032,30.51264964848532],[103.9712409620083,30.50805504662711],[103.96438360545797,30.501548544798936],[103.9626506375503,30.497335662256692],[103.96132358655957,30.49471828748314],[103.95810992463804,30.49128518173463],[103.95725645637583,30.4887873683857],[103.95640190019017,30.48653710225357],[103.95554766307144,30.485033140411197],[103.95383783544142,30.48252213265774],[103.95282439996076,30.479585027912176],[103.95066934942041,30.47669361611185],[103.94871075066064,30.473741253017348],[103.94691798438207,30.471244575846963],[103.94363474986935,30.472504256420873],[103.9407791689536,30.473273584409842],[103.93820768963485,30.474484263363077],[103.93549264253902,30.475198080233675],[103.93377727609112,30.475490250621025],[103.93184626064856,30.476279682734724],[103.9298431177206,30.476759699275224],[103.92798210271238,30.477243335510487],[103.92540319797163,30.47847214318783],[103.92311024919931,30.478587037016588],[103.9209584331149,30.479452795426315],[103.9188057375198,30.479824578970078],[103.91578937385708,30.48057533815546],[103.91046815006239,30.481969041851766],[103.90455969878316,30.48612678374718],[103.90153185854459,30.4865351665106],[103.89561512135819,30.4872383466709],[103.89128263750892,30.48755332464711],[103.89086532227648,30.492114234237782],[103.88912862951142,30.495484734581915],[103.88735704780194,30.498685000152545],[103.88307632503579,30.499186838148553]]]}},{"type":"Feature","properties":{"name":"南湖","district":"双流"},"geometry":{"type":"Polygon","coordinates":[[[104.06019093005116,30.508495292760692],[104.06738332479412,30.50680809437979],[104.06759824141197,30.491561313097378],[104.06675168703694,30.490562988934084],[104.065181509507,30.489979633230245],[104.05816795162383,30.48815879302939],[104.05241839958798,30.487673842532136],[104.04473175540465,30.487777247722608],[104.03737548096565,30.488203558342036],[104.03291334177877,30.488177204865508],[104.03138787552726,30.488375115214723],[104.03113649433287,30.489169678237587],[104.03070538079551,30.48996679803969],[104.03090137173292,30.490711751924078],[104.03116938209507,30.492404648676075],[104.03172274517642,30.495572666775264],[104.03286635652276,30.5017845891718],[104.03318786291963,30.50341480760953],[104.03354538464916,30.50507692031282],[104.03437879305595,30.50728036430868],[104.03460215733449,30.507715046176905],[104.03519340190195,30.50918967073469],[104.03585648427392,30.510788306891207],[104.03648371284177,30.512138565578066],[104.03700325846647,30.513505510234562],[104.03719972288933,30.514095782876225],[104.03787074217254,30.514025128062126],[104.0393390634187,30.5137639366954],[104.04123734840196,30.513887818951975],[104.0432055881307,30.51407802673014],[104.04542390105853,30.514302630286164],[104.05024268112827,30.51455295887882],[104.05460059093565,30.51185764653563],[104.06019093005116,30.508495292760692]]]}},{"type":"Feature","properties":{"name":"双流城区","district":"双流"},"geometry":{"type":"Polygon","coordinates":[[[103.89623722802177,30.574411972391637],[103.88536715255728,30.577098034732323],[103.88565710116467,30.569043436253832],[103.88576474115891,30.565342724972297],[103.88655730799165,30.561630111446732],[103.88753043465384,30.55827235445148],[103.85670158657969,30.554486423591445],[103.8234307642765,30.547756446252595],[103.81811345574445,30.53435443993027],[103.82598802154713,30.510479405731555],[103.8552646922157,30.508009039490254],[103.87443880181397,30.5049404436378],[103.8821061743595,30.49931423710405],[103.88743805017798,30.516202153190513],[103.89090989910127,30.52672273980074],[103.8941646668121,30.533514995847366],[103.8970535204385,30.53583624938869],[103.91169447516292,30.54232894034338],[103.91643984039777,30.544424965879003],[103.92053210354076,30.545916101012647],[103.92633914135588,30.548035360698947],[103.92627911468566,30.547775031945957],[103.93711435944965,30.552186690742804],[103.92272400022019,30.562859852171826],[103.92060033320591,30.56435505253242],[103.91619574560171,30.5676915339212],[103.91327734052052,30.568992306954033],[103.91155146515742,30.569778214013144],[103.9092408955066,30.570679688109593],[103.90676546369554,30.571555513061217],[103.90546046555609,30.572019136227713],[103.89623722802177,30.574411972391637]]]}},{"type":"Feature","properties":{"name":"文星镇","district":"双流"},"geometry":{"type":"Polygon","coordinates":[[[103.98667301779074,30.560598296085345],[103.98732319659747,30.560734337301525],[103.99142496996257,30.561585332224613],[103.99551673852,30.562382645464428],[103.9988373341986,30.56298323653677],[104.00114848639518,30.564134270845962],[104.00348606137257,30.56528427821312],[104.00803476070372,30.560167855561595],[104.00812481133215,30.560073130939717],[104.01060950365446,30.561657083740847],[104.01673407536927,30.56569455165433],[104.01860460269698,30.566844416502565],[104.0196111537883,30.567107885546868],[104.02031139828406,30.56701876315658],[104.02189260406682,30.56641974608464],[104.01779208721291,30.559583544934064],[104.01208537989731,30.550622260738276],[104.01060897214384,30.548628370891798],[104.00765584957348,30.545699282040122],[104.00745275651455,30.539545310300095],[104.01552349184064,30.53963328099158],[104.01411784824927,30.537108786117802],[104.01130802482457,30.53143750926928],[104.00767043713793,30.526624742497326],[104.00356758224824,30.522193149381497],[104.0019632021011,30.522539291923326],[104.00051113581216,30.522873031079993],[103.98837047976775,30.52930837634129],[103.97207032064833,30.538165716243682],[103.97552897090623,30.54535122569331],[103.97744811902082,30.548986558747114],[103.97721830649988,30.552842898553347],[103.98291470345886,30.55302471821288],[103.9884036559877,30.553166986981104],[103.98667301779074,30.560598296085345]]]}},{"type":"Feature","properties":{"name":"羊马","district":"双流"},"geometry":{"type":"Polygon","coordinates":[[[103.7316500371615,30.618994842192464],[103.72820618225725,30.628914750035815],[103.72663023945434,30.633996595639594],[103.72648749995656,30.638964634014542],[103.7247749477377,30.649634747027843],[103.71934866583203,30.65926656729916],[103.72249659022368,30.66141477039376],[103.72707742008964,30.66282438662341],[103.73316979524067,30.66478418663698],[103.7383408311716,30.667460776465266],[103.74964072282935,30.67323818670469],[103.76320826782236,30.67523699945916],[103.77491610634478,30.679220694694035],[103.78429659335607,30.66879935096326],[103.78703379286873,30.66331023609409],[103.78702855555453,30.65784300451354],[103.79062512536056,30.64639139213438],[103.79350425034185,30.635572773540613],[103.80243229939114,30.62254273523026],[103.81149361737977,30.610201153630626],[103.79301527257313,30.60706163900658],[103.7756272183917,30.602682194674916],[103.7539615248227,30.601009156027693],[103.74675644950563,30.599962000395863],[103.7397058777329,30.600990396904564],[103.73510116804599,30.609936186546673],[103.7316500371615,30.618994842192464]]]}},{"type":"Feature","properties":{"name":"怡心湖","district":"双流"},"geometry":{"type":"Polygon","coordinates":[[[104.02977361650802,30.488000108807608],[104.00436956246041,30.487869436444065],[104.00150989597152,30.479181348372634],[103.99842296428304,30.47394896517907],[103.99742233888755,30.46699775092966],[104.01548196828016,30.45832058171184],[104.02472651083842,30.47349954104039],[104.02627609667987,30.47722819821471],[104.02737660478815,30.480808529384838],[104.02977361650802,30.488000108807608]]]}},{"type":"Feature","properties":{"name":"高新西","district":"温江"},"geometry":{"type":"Polygon","coordinates":[[[103.91928707781408,30.806481878757893],[103.9185522430221,30.8070247041979],[103.91737666256033,30.807552485897236],[103.91451222669498,30.808405255921567],[103.91438718180507,30.808125851222524],[103.91179836604833,30.80489162900072],[103.90633330384462,30.797592695713604],[103.9028524233359,30.79290136254593],[103.90054314691449,30.789967590828578],[103.89710248728188,30.785517566042433],[103.89413090895259,30.782087178383268],[103.8928561000015,30.780269056411704],[103.88936708226292,30.77533764756251],[103.88509100253593,30.769623052549935],[103.88671530421776,30.767783305759675],[103.88761745771457,30.766884420798604],[103.88920538320272,30.764642132102388],[103.89039660519512,30.762947971626247],[103.8934644308816,30.759798498780842],[103.89487164417973,30.758629661124587],[103.89645942125654,30.75739575021983],[103.9003917926582,30.755263463979734],[103.90341968525519,30.75352032692567],[103.90921767689025,30.75288700196686],[103.91030616575263,30.751762677760272],[103.91081878990141,30.751077618035268],[103.91129531818233,30.750484932236144],[103.91147554784433,30.749995106248836],[103.91207811627001,30.749339998710045],[103.91275260222726,30.748824735149775],[103.91558218902814,30.74704574300909],[103.91761312808657,30.7436608481721],[103.91804388807932,30.74321072347844],[103.9198469702873,30.74202440391204],[103.9241328858226,30.738963734014796],[103.92493964146544,30.73861052505248],[103.92833287645905,30.736297386233417],[103.93202728683266,30.734459806067854],[103.93243019368106,30.734486698484506],[103.93357279779265,30.734863032103892],[103.93435048716216,30.734871340004428],[103.93509140344347,30.73470867397051],[103.93947726199515,30.732420099887484],[103.94068289377792,30.73169967101817],[103.94123656439103,30.73124251806545],[103.94294354109705,30.728365293524455],[103.94338230073615,30.726541845793268],[103.9442300895132,30.72573945814262],[103.94481923773809,30.725368136731113],[103.94523869850931,30.724892499652405],[103.94524877871599,30.723791487438266],[103.94548135474199,30.72353901372618],[103.94581103767317,30.723458806122075],[103.94753146321467,30.724343880442632],[103.94879674980976,30.72464982431189],[103.95033113130671,30.724810568703393],[103.95067854505879,30.724800485202465],[103.95188276318017,30.7245924949321],[103.95278270373387,30.723969363997636],[103.956420578634,30.725218050144328],[103.96323383101272,30.72778025917949],[103.95981452514259,30.730041961825208],[103.95748838918539,30.731663200695593],[103.96062123848375,30.735172710958075],[103.96248005454015,30.73725346461892],[103.96502727782374,30.73927145815589],[103.9682138880708,30.74172305320521],[103.96936094222309,30.742867678035477],[103.97191531881323,30.746280652851254],[103.96998849393668,30.74775216917202],[103.96718746751228,30.749579592639545],[103.96148691854464,30.752488630903635],[103.95785615887456,30.75420633498278],[103.95256825723156,30.756697226969433],[103.94725056880723,30.759114908680857],[103.94593061865457,30.76011551212876],[103.94484794890789,30.761286537549207],[103.94432216990383,30.762279664256457],[103.94299387227132,30.76470402403809],[103.94197801776215,30.76642630478348],[103.94106886498128,30.76732155992371],[103.93927706283,30.76901915963717],[103.93830398505568,30.769836394057474],[103.93601136341981,30.771320949880877],[103.93310037068366,30.773095477477902],[103.93536580038328,30.778780552355848],[103.93161573539183,30.78139390403995],[103.93052631480741,30.782701799211804],[103.92966070245639,30.78412921997347],[103.92656186695586,30.789962059376595],[103.92539984551777,30.79215711370398],[103.92450657220917,30.79445626249368],[103.92386333643081,30.79697284604933],[103.92327307169123,30.79861416330992],[103.9223785477677,30.800603741182833],[103.92107093498137,30.803631742106262],[103.9206142431582,30.804684640315344],[103.92008554017679,30.805668657363242],[103.9197183039094,30.806141192836197],[103.91928707781408,30.806481878757893]]]}},{"type":"Feature","properties":{"name":"光华大道沿线","district":"温江"},"geometry":{"type":"Polygon","coordinates":[[[103.88633846823237,30.68757143321687],[103.88906459459328,30.684132794141135],[103.89012201238852,30.699679156405864],[103.8957902073603,30.69937533864387],[103.91204084939011,30.69606443880546],[103.8950079675939,30.6850884752672],[103.89377728197027,30.68263984093703],[103.89506716936488,30.680516970473647],[103.8963736795142,30.678347244318108],[103.89827702880258,30.677391371197874],[103.90136963356103,30.677466438920728],[103.90092579298916,30.674304713952665],[103.89454721252682,30.672570510600313],[103.88773158132325,30.67407429472873],[103.88454863429264,30.669154678823222],[103.88042827790193,30.666234236065485],[103.87620733742516,30.662378066298018],[103.87219051702769,30.661056329883582],[103.86840954783953,30.659349481649265],[103.85502409314812,30.674033872092217],[103.86712781817062,30.67886201412473],[103.86987067997158,30.681574010630218],[103.87492916894149,30.688010807603366],[103.87464002445,30.689162706546757],[103.87527203647251,30.689404230407842],[103.87841293027002,30.68689642150595],[103.88171490518823,30.68677302803169],[103.88344926276095,30.687743845807795],[103.88503888686522,30.688958080810934],[103.88633846823237,30.68757143321687]]]}},{"type":"Feature","properties":{"name":"国色天乡","district":"温江"},"geometry":{"type":"Polygon","coordinates":[[[103.77815687716817,30.719372467539255],[103.78423376128802,30.70763924595862],[103.77285476174595,30.69323444806341],[103.77585452505883,30.67989541484101],[103.77978793958333,30.681965877225327],[103.78589062169017,30.686745944409417],[103.79061562053577,30.691278596388],[103.7955876417046,30.695455979744995],[103.80563754914368,30.70366166968525],[103.81492960246689,30.70994284038694],[103.82426720533576,30.715730269070832],[103.82775592611343,30.716242189760735],[103.83114647250792,30.716165817812083],[103.85383381397158,30.70342582893643],[103.86313808827909,30.702470921574054],[103.86989736284126,30.703440826020362],[103.86729577887066,30.710239677830764],[103.86890738916587,30.713981469766868],[103.84338736871946,30.726520453962298],[103.84151862064834,30.72919311446058],[103.83731612609665,30.7369765083536],[103.8282521412177,30.73455442631774],[103.82631452291683,30.737124278760348],[103.82795897527863,30.743047292089454],[103.82931881198151,30.74586333046892],[103.83089398738957,30.751226837222433],[103.83132474938894,30.75545348396068],[103.83161108205614,30.756451157631624],[103.82967642494167,30.755795550197792],[103.82781267884131,30.75526585785565],[103.82485016116769,30.76009592127953],[103.81768514658484,30.767169346314905],[103.80175339242247,30.777168477962604],[103.7689873353468,30.804828320009626],[103.75021202471032,30.828890192207023],[103.71962612504748,30.8449511332211],[103.70524507842372,30.835945202556584],[103.77236640575401,30.729751036251415],[103.77815687716817,30.719372467539255]]]}},{"type":"Feature","properties":{"name":"花都大道","district":"温江"},"geometry":{"type":"Polygon","coordinates":[[[103.84943398058299,30.695714252550808],[103.8494339891324,30.69566827586452],[103.85157200220894,30.694614353146243],[103.85218325289718,30.693453951549387],[103.85211127477375,30.6923669927465],[103.85292056831707,30.692387902529013],[103.85356685346882,30.69361686467274],[103.85425024635566,30.694318874215025],[103.85550932902767,30.694618837576208],[103.85680373969245,30.695367283898143],[103.85755978875355,30.695446795995164],[103.85853139489376,30.69512221780641],[103.85946725250477,30.693741320932403],[103.85984604907887,30.692732748715763],[103.86029595591903,30.691273186843215],[103.86112375019877,30.690962470423234],[103.86186250314573,30.691132138768264],[103.86301548482137,30.691966875002002],[103.86353791665725,30.692213080902278],[103.86423992796128,30.69217947306731],[103.86496108725567,30.691524643604456],[103.86548367421648,30.69063749869083],[103.8664026265172,30.690027775307264],[103.86734065872177,30.68862456672183],[103.8683863137704,30.68788761295808],[103.86966619368242,30.687707707250482],[103.8716148067486,30.68621481697374],[103.872877298321,30.686187165785455],[103.87390627810059,30.687402662710237],[103.87414159161143,30.688470637273113],[103.87419597901686,30.689276708867745],[103.87448436120104,30.689600312794305],[103.87515251362326,30.68973151014432],[103.87742725971691,30.68799601324257],[103.8787265523142,30.68703214480565],[103.88009963121624,30.68724608075832],[103.88192313103553,30.687297780560975],[103.88376601152538,30.68810790838599],[103.88477755666251,30.6892879762974],[103.88544609246706,30.689339629531613],[103.88591550309103,30.688913509277402],[103.88707020200829,30.687125146217866],[103.88818976291802,30.686114910426852],[103.88842464663338,30.685086564132565],[103.88894818544145,30.684628467703174],[103.88974203817448,30.699794069021685],[103.8730217713753,30.69860101806272],[103.87071167524097,30.699105322238907],[103.86890826617969,30.699756032513825],[103.86337282567331,30.70228528215226],[103.8561192187993,30.700812486072458],[103.85392567618972,30.699655527538383],[103.84943398058299,30.695714252550808]]]}},{"type":"Feature","properties":{"name":"蛟龙港","district":"温江"},"geometry":{"type":"Polygon","coordinates":[[[103.84259892816763,30.646219565217404],[103.82309810679304,30.64054644308094],[103.79652700343,30.63169263478881],[103.80431089708476,30.608862010637623],[103.8264001483546,30.617372509944197],[103.84934486786501,30.626663894272788],[103.8631581750796,30.633287645938907],[103.87224583229367,30.63210779063246],[103.85963632339698,30.594304025117964],[103.86749433136015,30.590766243814556],[103.9070750563406,30.587354267350342],[103.91434103167232,30.586777988699346],[103.91965493167137,30.58649036180466],[103.9286839599365,30.585563374710272],[103.93104469511323,30.586390268499013],[103.93125858865812,30.58648614684653],[103.93301257895715,30.583535627995282],[103.93995639167238,30.588573136388504],[103.9457693119276,30.592646673148156],[103.94826436807074,30.594375486220898],[103.95263082922776,30.597466098541393],[103.95432318614435,30.599523549308202],[103.95522281981634,30.60024982398689],[103.95642623384686,30.601033564498604],[103.95836912804506,30.602167159463644],[103.95951043040168,30.602824595678992],[103.9600005646061,30.603272616558232],[103.96059734439517,30.60434320056174],[103.9611406976031,30.605257148379323],[103.96163081529575,30.605820636544045],[103.96477250736255,30.606621366794595],[103.96493141908316,30.608377497536544],[103.95625437644017,30.61294737861199],[103.95369772414641,30.620927514393344],[103.95920606561121,30.628061615812253],[103.9522108257221,30.63389509953983],[103.95192649566941,30.6381775969473],[103.9515021751768,30.646278366153137],[103.94740283637847,30.64935733804054],[103.94806835419276,30.65705448055757],[103.94780206513194,30.65784252424262],[103.94741063452477,30.65855177986195],[103.94789369801346,30.660282451125724],[103.94579167583483,30.662844822687873],[103.94477484733812,30.66261330500473],[103.9434339864127,30.66004768815177],[103.94029372912615,30.66006647669385],[103.9383687346641,30.662525980222863],[103.93351080050806,30.662717402049843],[103.9317218843024,30.661395858068737],[103.92914589425652,30.660255936660693],[103.92563954246532,30.661289000773312],[103.9248568340098,30.667248245208228],[103.91983891767187,30.667109922384327],[103.91617951011804,30.668728693895776],[103.91272717151702,30.66606982173801],[103.90178389304354,30.667534104922375],[103.90177963281985,30.663061765177126],[103.89730603783953,30.662376487704815],[103.89622833213956,30.66754734773949],[103.894138988686,30.672174749316696],[103.88836226039892,30.673320508771816],[103.88532393290542,30.668274857033847],[103.88084153897728,30.665298455242255],[103.87679372027854,30.661874795392485],[103.87211702046429,30.659816226830312],[103.86836310204627,30.657985010294055],[103.86504371516499,30.65576834713388],[103.86071788128942,30.653047331853422],[103.85280059046633,30.650667831509633],[103.85064272072995,30.648665748544126],[103.84920590286656,30.648530015898473],[103.84259892816763,30.646219565217404]]]}},{"type":"Feature","properties":{"name":"郫县城区","district":"温江"},"geometry":{"type":"Polygon","coordinates":[[[103.877368771004,30.751270507149478],[103.87245869283551,30.756414126992407],[103.87531047182114,30.759546226150054],[103.88557460577064,30.771004193683478],[103.88863540663709,30.775457144617388],[103.88955324398799,30.776679411609738],[103.89234187546988,30.780559940120853],[103.89329976560815,30.781870896243753],[103.89443847371176,30.783265276339407],[103.8964799117561,30.785623518724716],[103.8973516119714,30.786653760020712],[103.89839918829949,30.78801474985742],[103.90007863409699,30.790178585794603],[103.90126121499955,30.791730006395998],[103.90237511840569,30.793154955531353],[103.90343953328933,30.794569112573264],[103.903935457658,30.79519834714883],[103.90431490405228,30.79571002033778],[103.9045718499133,30.796044140767812],[103.90507164893783,30.79671764252823],[103.90582020613014,30.797740681050954],[103.89559483393924,30.80257569552487],[103.89136279758937,30.80525625192728],[103.88915108805914,30.807004234486683],[103.88830294325436,30.808110092860247],[103.88749890222776,30.809014317120237],[103.88615397523759,30.8102717644041],[103.88492554604743,30.811592143418963],[103.8862897514999,30.81262642140881],[103.891165391142,30.816454608044253],[103.89275378811251,30.817948982946398],[103.89468222063763,30.82377662969021],[103.90923178715049,30.85803703293391],[103.93406454848474,30.83649381967338],[103.96783755310223,30.807705687035888],[103.96967780621438,30.805490371396733],[103.9708386958803,30.802781556069522],[104.00298307130446,30.80579584663489],[104.01201302946802,30.81383672653235],[104.0097094652419,30.820575444932498],[103.98641080981338,30.83211457446814],[103.96789477416134,30.83739503521107],[103.95377982232499,30.854323498131063],[103.93904256575752,30.859352625196074],[103.93264497762144,30.869655536729567],[103.94178701098146,30.879183306726965],[103.94064762559097,30.885364129497425],[103.9443615501326,30.889876085047582],[103.9263697891115,30.90653136565793],[103.91001637823622,30.923389505712958],[103.84696310466113,30.93791188219264],[103.83602182137153,30.925130446683564],[103.82842527062483,30.927349035581468],[103.82426891383813,30.93693211298914],[103.8111027551872,30.949786691775632],[103.77911851477167,30.957663791800986],[103.76611821083334,30.951540714548255],[103.76836710607661,30.925691198258033],[103.76019952443522,30.91745489552335],[103.75462917778674,30.902104715735355],[103.74727583327744,30.900693379803524],[103.76226813220215,30.887624926979115],[103.74803738291456,30.880621823962475],[103.73394754790763,30.879425656625052],[103.72893008341221,30.866516173305826],[103.71605693231534,30.863159111011964],[103.74101733119454,30.847289596348407],[103.76367026359284,30.829580210586325],[103.77841640705573,30.817959026156586],[103.78690047390636,30.81204624358857],[103.79755264730068,30.785965287879886],[103.81680031788015,30.7804328544004],[103.82482219411935,30.77411785300613],[103.8285449996081,30.769718762453664],[103.83098004317873,30.766784833598344],[103.83843260205461,30.762321444833557],[103.85519811112498,30.752939112779657],[103.87596012303679,30.749737097827975],[103.877368771004,30.751270507149478]]]}},{"type":"Feature","properties":{"name":"外光华","district":"温江"},"geometry":{"type":"Polygon","coordinates":[[[103.97305427308572,30.68806519416286],[103.97304863195374,30.67632871545582],[103.98763036318068,30.676099012465325],[103.9851152497238,30.671218575485916],[103.97816267584011,30.67182121883947],[103.94610359963069,30.671668785495317],[103.93272811428092,30.67514119012783],[103.9359598434182,30.66376736369884],[103.9330656648064,30.664232580430316],[103.93066883649233,30.66222218667165],[103.92927358252527,30.662583579872816],[103.92759163817621,30.66157755538051],[103.92705528529315,30.66216400486026],[103.92705588494377,30.662785916033094],[103.92791613584036,30.66446831599948],[103.92763049750084,30.66574018414967],[103.92569994947664,30.668213255547226],[103.92344382723401,30.669196160193803],[103.92122239229757,30.669377234064303],[103.92090096143264,30.67155032379354],[103.91785303834813,30.67322615985403],[103.90534237709873,30.677336040886136],[103.9048378169052,30.67845903649697],[103.90220693552051,30.678240957134605],[103.90065707250905,30.67891213323577],[103.89834883022534,30.678166193921754],[103.89737514235043,30.678645755196722],[103.89650965347515,30.680676672754586],[103.89470653863576,30.6825038130766],[103.89575403966056,30.684320647122252],[103.8995411736412,30.683086614888445],[103.90170512607942,30.683586603900586],[103.90422836648281,30.68243951852984],[103.90498632506574,30.688361339412655],[103.90790367959144,30.687712676476128],[103.90829964628702,30.68923072395254],[103.91092619246525,30.68886946481814],[103.91538355756006,30.695584373882998],[103.91778906003299,30.694771997395993],[103.91911681992433,30.697317036037425],[103.91724822077946,30.701755783504826],[103.91800086927664,30.70454716332007],[103.92115754948603,30.704983259666857],[103.92298296780818,30.70818356857065],[103.92570407397044,30.71024261964184],[103.9264566036936,30.71002994155916],[103.92831295304121,30.714912446267437],[103.9288430295492,30.721493324348977],[103.93306211707036,30.722058435376976],[103.9349202306189,30.72263586513562],[103.93559699391136,30.723884588820372],[103.93591952351669,30.723469648935428],[103.93862096944764,30.727154958735788],[103.94237590488984,30.72798066291283],[103.94259095077857,30.727441066943314],[103.94282464721496,30.72614132222636],[103.94444981598113,30.724489541005113],[103.94461103680385,30.723173846577687],[103.94534310713935,30.7228275772205],[103.94637739670374,30.722981312847974],[103.94726806107208,30.723723564178716],[103.94894402978366,30.724290209330494],[103.95122699432616,30.72427659501967],[103.95231538776189,30.723779099233706],[103.95254712907229,30.723332627306696],[103.95210197921695,30.72282988184459],[103.95180844457404,30.72257001339127],[103.95162148851234,30.721954884029927],[103.95157782510204,30.7209930110626],[103.95143539477027,30.720510392165686],[103.95136453243627,30.71992784575308],[103.95187341682436,30.719267435855087],[103.95297091335844,30.718608024090106],[103.95377399829185,30.71855690484134],[103.95546752271484,30.719509384761047],[103.95675217250955,30.718533267764244],[103.95817882052182,30.718643286590677],[103.95907288489327,30.71728853687215],[103.959215876789,30.716296878936216],[103.9590045340802,30.714061168166086],[103.9600754990736,30.713607247173595],[103.96249263565322,30.71418494743736],[103.96534885186846,30.71377395734285],[103.96799273371946,30.713294063567947],[103.96849576176741,30.711249125200396],[103.96821071309053,30.709634824918304],[103.96871253005837,30.707588721956604],[103.97018767778583,30.707538914627566],[103.97104520540523,30.7076655914168],[103.9706528466987,30.70676500805196],[103.97084930460122,30.706114050401844],[103.97140380647126,30.705711865868377],[103.97158347891079,30.704858866305106],[103.970547627748,30.703257925757445],[103.97044064134634,30.702404094694945],[103.97108482354413,30.701506634030302],[103.97233686334586,30.701214698394093],[103.97314142036106,30.70056423585482],[103.97346338671846,30.69954013166674],[103.97439456217379,30.698857899060233],[103.97562864904215,30.698314546389966],[103.97740140037786,30.69671213464712],[103.97305427308572,30.68806519416286]]]}},{"type":"Feature","properties":{"name":"温江大学城","district":"温江"},"geometry":{"type":"Polygon","coordinates":[[[103.79355709171082,30.693635514047987],[103.7992802900471,30.698261856683704],[103.80665209620173,30.704062099653196],[103.81519925883167,30.709760913996533],[103.82025802755041,30.704577855164896],[103.82052744671641,30.7027525730156],[103.82070775481026,30.70129652738769],[103.82159491037413,30.700396334557848],[103.82839690943408,30.689748857928546],[103.83170926120906,30.684453811319393],[103.83537486695141,30.679159421666007],[103.84611966491224,30.683884395082643],[103.86828261655255,30.658861475126887],[103.85027628941928,30.65078147507911],[103.82327928461848,30.642193173545547],[103.7962764619374,30.632963032484348],[103.79498000017374,30.636505157808912],[103.79418800796454,30.63986005578051],[103.79221080014949,30.647662893427224],[103.78311908341576,30.643500871601283],[103.78095529880098,30.647500178310448],[103.77908107892716,30.651622677093503],[103.77648571470766,30.657433493891688],[103.7730240284658,30.664750569290323],[103.76995878229033,30.67082176862579],[103.77790699064494,30.671203781069796],[103.78054542970094,30.673811876462],[103.78733471994425,30.68020591310796],[103.78939210311063,30.68413559847643],[103.79058243126082,30.685092189602447],[103.78744206086267,30.687975591731956],[103.79155255272426,30.691740428515867],[103.79355709171082,30.693635514047987]]]}},{"type":"Feature","properties":{"name":"温江老城","district":"温江"},"geometry":{"type":"Polygon","coordinates":[[[103.81520315875021,30.709871893694768],[103.81534591594294,30.709843019257512],[103.82044156662639,30.70458696399814],[103.82067539979845,30.702155459859373],[103.82078355263916,30.70131980956728],[103.82162680395844,30.700449857063973],[103.83158868390713,30.684690572618855],[103.84166227182006,30.68930817955748],[103.84711747454787,30.69387613826448],[103.849343957288,30.695976341633692],[103.85279230124371,30.69898082830901],[103.85584789724919,30.70084162834178],[103.86310203110406,30.70239308085265],[103.85901342945377,30.703050097594364],[103.85404902144103,30.70331794302516],[103.85196353396228,30.704173601672714],[103.85009380113075,30.70521526428431],[103.83258048761246,30.7152141404533],[103.82820800616197,30.71587970640571],[103.82419575354596,30.715372252303183],[103.82419575354596,30.715372252303183],[103.81520315875021,30.709871893694768]]]}},{"type":"Feature","properties":{"name":"温江新城","district":"温江"},"geometry":{"type":"Polygon","coordinates":[[[103.83545569865026,30.67921577478754],[103.83549162802116,30.67924737376602],[103.84079924192635,30.6816275470769],[103.84610674466057,30.684047198601032],[103.85431470497772,30.674294816926594],[103.86374859600382,30.67811811033022],[103.86726384101974,30.679745919635575],[103.86948328424614,30.681841138241992],[103.86695952346206,30.683054923084804],[103.85691176318622,30.68835264908415],[103.8525783675282,30.69066264653768],[103.84706353978335,30.693596709663044],[103.84205759761346,30.689299680613825],[103.83185699534997,30.684834323085052],[103.83545569865026,30.67921577478754]]]}},{"type":"Feature","properties":{"name":"羊马","district":"温江"},"geometry":{"type":"Polygon","coordinates":[[[103.7316500371615,30.618994842192464],[103.72820618225725,30.628914750035815],[103.72663023945434,30.633996595639594],[103.72648749995656,30.638964634014542],[103.7247749477377,30.649634747027843],[103.71934866583203,30.65926656729916],[103.72249659022368,30.66141477039376],[103.72707742008964,30.66282438662341],[103.73316979524067,30.66478418663698],[103.7383408311716,30.667460776465266],[103.74964072282935,30.67323818670469],[103.76320826782236,30.67523699945916],[103.77491610634478,30.679220694694035],[103.78429659335607,30.66879935096326],[103.78703379286873,30.66331023609409],[103.78702855555453,30.65784300451354],[103.79062512536056,30.64639139213438],[103.79350425034185,30.635572773540613],[103.80243229939114,30.62254273523026],[103.81149361737977,30.610201153630626],[103.79301527257313,30.60706163900658],[103.7756272183917,30.602682194674916],[103.7539615248227,30.601009156027693],[103.74675644950563,30.599962000395863],[103.7397058777329,30.600990396904564],[103.73510116804599,30.609936186546673],[103.7316500371615,30.618994842192464]]]}},{"type":"Feature","properties":{"name":"永宁","district":"温江"},"geometry":{"type":"Polygon","coordinates":[[[103.8738425488228,30.730392014800543],[103.87371725448996,30.729090411219474],[103.87303318552966,30.70981870475696],[103.86745852315818,30.710037755258274],[103.87016845123597,30.70343851593194],[103.8635703352383,30.702361565951563],[103.87220907184353,30.69895116805607],[103.89297394764644,30.700022485361878],[103.909838279735,30.697521788485844],[103.91594873316669,30.69786361605077],[103.91490580452239,30.701063823217677],[103.91400614099655,30.704170214851228],[103.916045093603,30.703527015949366],[103.921585766926,30.70890941283697],[103.9222376135799,30.713115899876634],[103.92588375443987,30.72125832224471],[103.92702507827292,30.7256076043363],[103.93195795952118,30.728748398232334],[103.93388786335484,30.729636229856016],[103.93645911278605,30.730533628285357],[103.9378859848515,30.731916055994198],[103.9293670587142,30.73433959581887],[103.91211023886154,30.745606990181084],[103.91096125825776,30.74158137268805],[103.90412136245759,30.741269618220606],[103.88643384250156,30.754798638424106],[103.8761048736766,30.75792428461044],[103.87523740565626,30.75619753651389],[103.88043839638694,30.751166744487424],[103.87697142779416,30.748236302781205],[103.87502195069648,30.74844608072359],[103.8738425488228,30.730392014800543]]]}},{"type":"Feature","properties":{"name":"珠江新城","district":"温江"},"geometry":{"type":"Polygon","coordinates":[[[103.84925407155838,30.69552678629206],[103.84918210437813,30.69548017819506],[103.84720741589963,30.693769120252608],[103.8526684204918,30.690912079325635],[103.85552729750437,30.689389233606086],[103.86575188798365,30.68402356228975],[103.86971828118101,30.681979168446155],[103.87327401506076,30.68600004231341],[103.87321075736713,30.686085686964013],[103.87304800718357,30.686018434315226],[103.87286817432664,30.685919354314464],[103.87265119401475,30.68585962291095],[103.87230871121558,30.685925087226728],[103.87208273371152,30.685942340499032],[103.87182162031284,30.685983894970438],[103.87147818915136,30.68609616581004],[103.87083859627484,30.686393013648463],[103.87008071335154,30.687160424454895],[103.86921538907411,30.68754042004578],[103.86827787520834,30.687733460200967],[103.86764665310591,30.68812572814887],[103.86688911462538,30.688829351231778],[103.8661327162497,30.689951339221878],[103.86541143132203,30.69048292651298],[103.86445656380683,30.691744774509914],[103.86382572825357,30.692026139026353],[103.86324911664283,30.691904178249775],[103.86242090620242,30.691285810212417],[103.86164596248118,30.69085267630296],[103.8607639347046,30.69082297267962],[103.86020576283926,30.691180283841796],[103.85968373404692,30.692003111930138],[103.85928691801892,30.69364834117925],[103.85840520222644,30.69498217033648],[103.85718128166317,30.695198205859295],[103.85606592861892,30.694682626563477],[103.85559845171603,30.69437126759997],[103.8542682891683,30.694040091295467],[103.85331576053726,30.692607003974825],[103.85288355289778,30.692169787897686],[103.85234434514939,30.692042611781687],[103.8517701946625,30.692271797904283],[103.85171616348914,30.69306307284779],[103.85150004089986,30.69419406060226],[103.85092493184082,30.694717685586955],[103.84993696054754,30.695113780494726],[103.84925407155838,30.69552678629206]]]}},{"type":"Feature","properties":{"name":"成外","district":"郫都区"},"geometry":{"type":"Polygon","coordinates":[[[103.98108536770783,30.733363340446502],[103.97935796014167,30.73274064289057],[103.97571294276767,30.73158060333047],[103.97370063771281,30.733464769711276],[103.9748675249334,30.734713937430914],[103.9759352960574,30.735798187436995],[103.97665495784207,30.73651046263377],[103.97558928271404,30.737519371230732],[103.9743545135401,30.73868319904713],[103.97355745107166,30.73944338567347],[103.97652821950973,30.7426165084119],[103.97759281034139,30.74359136938945],[103.97836184510797,30.744240524772476],[103.97960655125641,30.744914068577348],[103.98134815609608,30.745943130446904],[103.98364418649007,30.74283287051997],[103.98525742434742,30.74407205548214],[103.98663777066704,30.745019809788815],[103.98814436800788,30.746111563704694],[103.98836019785341,30.74593515808128],[103.99225440326396,30.749218294746527],[103.9955522110854,30.745902703297354],[103.99488835124194,30.74533970690537],[103.99608299226267,30.744370975825166],[103.99635707295347,30.744362444503036],[103.99678871930539,30.743338883566977],[103.99727035729356,30.742497280194662],[103.99737849312802,30.742336541564224],[103.99781872211112,30.74229001005724],[103.99833584426233,30.742552850032613],[103.99883416548232,30.74249412832978],[104.00023285808768,30.741223903432193],[104.0013484439023,30.740133196832648],[103.99801095411236,30.737564949990087],[103.99492162885369,30.734359754533383],[103.98918705080841,30.7269438662903],[103.9829581741137,30.73395642404422],[103.98108536770783,30.733363340446502]]]}},{"type":"Feature","properties":{"name":"国宾","district":"郫都区"},"geometry":{"type":"Polygon","coordinates":[[[104.00172468191545,30.70654876686666],[103.9966209796124,30.711010180542136],[103.9946521538897,30.712665945028526],[103.99365742968622,30.71349970514061],[103.9927627948356,30.714362406238987],[103.98976774109633,30.71609414156339],[103.98837229788079,30.716883582895417],[103.98699821810739,30.71766637434866],[103.98431008347217,30.71927302477589],[103.98326019715056,30.72031674160494],[103.98225038345844,30.721429210861444],[103.98015666717976,30.72365292478192],[103.97989212208259,30.723964985508246],[103.97948000169076,30.724319620284533],[103.97870954466825,30.725183122813927],[103.97725187374913,30.72680145295934],[103.97636518004477,30.72776059059053],[103.97547962588358,30.728770002662436],[103.97376118814401,30.730468062327486],[103.9749238669033,30.730824825563527],[103.97611274230471,30.731197357866574],[103.97835003838995,30.73185726474311],[103.9795946441436,30.732293922892232],[103.9808935195832,30.732674966977072],[103.98301550149303,30.733444378897158],[103.98328406846697,30.73326047287403],[103.9838034809322,30.732685782852474],[103.98453475251611,30.7318962005815],[103.98597066095327,30.730394956337925],[103.98923635138209,30.726606524721138],[103.99545139083416,30.73471099748919],[104.00155696423492,30.73112697067358],[104.0039917749053,30.72957634282243],[104.00523683260073,30.72882409689662],[104.00573181070732,30.72838491855686],[104.00606561396603,30.727951826481547],[104.0063857719051,30.727159276791763],[104.00663386361857,30.726362119909343],[104.007211158518,30.72477023437254],[104.0081789692787,30.723130838747785],[104.00936397002761,30.721553239914783],[104.01434147431132,30.71544520817516],[104.0154036066889,30.71422391644823],[104.016345901743,30.712591420816338],[104.01800164825123,30.709619064232026],[104.01612918943117,30.70855818848089],[104.01401597961005,30.707714892946374],[104.01186831038783,30.70700644364834],[104.00748122888675,30.705771456172428],[104.00473024793011,30.70410257910396],[104.00473026686564,30.70407159887214],[104.00172468191545,30.70654876686666],[104.00172468191545,30.70654876686666]]]}},{"type":"Feature","properties":{"name":"红光","district":"郫都区"},"geometry":{"type":"Polygon","coordinates":[[[103.92725557591909,30.79033023219236],[103.92695052939452,30.79008837530924],[103.92850563231602,30.78715960539744],[103.92926002095633,30.7857236535371],[103.9300092751572,30.78429903544681],[103.9306253141258,30.78318754272778],[103.93108943742241,30.782528809742978],[103.93155860580914,30.781998228323612],[103.93192043156093,30.781636717167576],[103.93321075862656,30.780691710777326],[103.93384388577738,30.780260426356005],[103.9344828623738,30.77979843137394],[103.93566026529234,30.778989880836832],[103.94403055740712,30.773206044077334],[103.94634869753696,30.772029516544332],[103.95148423730963,30.771901795700057],[103.95519123720709,30.77016824780655],[103.96465501134584,30.778488493759195],[103.97144705360853,30.780881456576445],[103.98426730146191,30.782517225749064],[103.97367577126063,30.794251623475258],[103.9715694563417,30.7997686606696],[103.96987424356026,30.804072730923977],[103.9690175226236,30.805991344302328],[103.96785632950755,30.807211015485983],[103.96644063282218,30.798535955076147],[103.96624462203522,30.7982557579916],[103.95507579959582,30.80201784562479],[103.94180882485921,30.809272705184057],[103.9344502038458,30.799972485385272],[103.9344502038458,30.799972485385272],[103.92725557591909,30.79033023219236]]]}},{"type":"Feature","properties":{"name":"华侨城","district":"郫都区"},"geometry":{"type":"Polygon","coordinates":[[[104.00341051860235,30.730263855666973],[104.00607431629197,30.728258416154027],[104.00767014897734,30.724319721495522],[104.00825588049322,30.723300217299503],[104.00982271372271,30.7213395887964],[104.01278575655209,30.717638271241636],[104.01571094420078,30.714141486212696],[104.01825979261734,30.709629713794595],[104.02489945862764,30.713263769042502],[104.02861319679401,30.715965868276232],[104.03232391579988,30.718865616706932],[104.03875266461425,30.723721370614182],[104.04204921528063,30.726300518917917],[104.0428842011729,30.726952572989287],[104.04377387982915,30.727540444397796],[104.0446456297511,30.727982039096542],[104.04554821345765,30.728299507760404],[104.0469908621087,30.728778468714296],[104.04917173713856,30.728792671249764],[104.05249546335241,30.728635209977426],[104.05563889888083,30.72837394934717],[104.06521704423108,30.72718618057509],[104.08700189353296,30.72599846676489],[104.0944539575759,30.732241406333504],[104.09157213293656,30.753571550895536],[104.09095956257534,30.75650614204417],[104.07224885271688,30.748376052834836],[104.07046349755842,30.746643254209395],[104.06534176670372,30.744100160398453],[104.06380688912853,30.744155299449154],[104.059039813686,30.7479030374592],[104.05655809632745,30.750632078667323],[104.05462988747233,30.751990076943798],[104.05213762632587,30.753585710451112],[104.0488597075324,30.754147167233793],[104.04758130029825,30.754565485200025],[104.04677634450655,30.75518151245037],[104.0405776201257,30.753255439063892],[104.03797245339949,30.750551256296042],[104.03656396523796,30.74903081567285],[104.03771085032702,30.7476007480221],[104.03545374479437,30.746243503260644],[104.03437812457837,30.74690003935025],[104.03165365758417,30.744250150056317],[104.03664007345216,30.739105063621597],[104.0342767576166,30.735982607093213],[104.03309303333656,30.736578894850588],[104.03219700536008,30.735840572237507],[104.0316957136652,30.734758685643556],[104.03122998814098,30.734017910082823],[104.03006309441584,30.734989308978108],[104.02946110377579,30.735338558169104],[104.0286165452633,30.735997336166623],[104.0274311658916,30.736646399754964],[104.02665944860154,30.73704984490585],[104.02608472966489,30.737165553932428],[104.0258778021632,30.737226015047995],[104.02620157373411,30.737280071883664],[104.02603066180359,30.737298110724666],[104.02589562175665,30.737454635336643],[104.02584177516475,30.73728840970974],[104.02563964619183,30.737605665219064],[104.02515067420342,30.737878594100046],[104.02456541670783,30.73854467285244],[104.02415218636952,30.739049790725158],[104.02334295485063,30.739619438330873],[104.02273439022935,30.739495156791918],[104.02283022621533,30.74083582582059],[104.02299602194675,30.741163254727162],[104.02339087425749,30.74135159961477],[104.02355957037935,30.741406618422083],[104.0237032857924,30.74138913958727],[104.02362238630637,30.74150268282668],[104.02354470832084,30.74160230598807],[104.0234906605616,30.741699986839055],[104.02342355552962,30.741902781218386],[104.02317621673083,30.74257678661468],[104.02291491429763,30.74320106696536],[104.0224475419243,30.74398726229839],[104.02222754389405,30.74396347592249],[104.02160754608207,30.743820738143896],[104.02126653910064,30.74370995012799],[104.02093448339211,30.743672045410605],[104.02042640395702,30.743541008566968],[104.01953216731812,30.74334134496068],[104.01878312569296,30.743223863550092],[104.01867361352319,30.743623193563725],[104.018611394074,30.74401597475987],[104.01851200486824,30.744766154495924],[104.01847557641028,30.745778138469557],[104.01843429134786,30.74650438885734],[104.01835292733497,30.74750515666083],[104.0181823923618,30.749265011591323],[104.01816828195227,30.74980794943339],[104.0180961843565,30.7501349830918],[104.01812315911128,30.750413379380483],[104.01810508989568,30.750859445122597],[104.01802568727504,30.75117693095485],[104.01756471386321,30.751139450685937],[104.01654999036026,30.751080011596464],[104.01526493368972,30.7510178267952],[104.01306181646355,30.750980180608465],[104.01031102811315,30.750929608566032],[104.0105840723054,30.75134877739561],[104.01137087714957,30.752482208106162],[104.01211768387083,30.75350257735301],[104.01253514704801,30.75403347487414],[104.01334006815942,30.755162930729732],[104.01409197676223,30.756350522903936],[104.01416308514722,30.756582117003653],[104.0136378016969,30.75773927600065],[104.01355680292279,30.758082627638483],[104.01325167823856,30.758781991282973],[104.01287853323154,30.759583614301757],[104.01215038122386,30.761307600439842],[104.01016296919165,30.76087553738683],[104.00846787776243,30.76058326258326],[104.00683986053384,30.760272832691932],[104.00404655212795,30.759717733362844],[104.00035986260868,30.75890293064349],[103.99847244854502,30.758455860004524],[103.99455401107308,30.757792440469906],[103.99449955431349,30.75371417514423],[103.99414138596586,30.74796584066283],[104.00309382146983,30.740219989848033],[103.99709335067895,30.73429554325384],[104.00071260063858,30.731833987831667],[104.00341051860235,30.730263855666973]]]}},{"type":"Feature","properties":{"name":"郫县城区","district":"郫都区"},"geometry":{"type":"Polygon","coordinates":[[[103.877368771004,30.751270507149478],[103.87245869283551,30.756414126992407],[103.87531047182114,30.759546226150054],[103.88557460577064,30.771004193683478],[103.88863540663709,30.775457144617388],[103.88955324398799,30.776679411609738],[103.89234187546988,30.780559940120853],[103.89329976560815,30.781870896243753],[103.89443847371176,30.783265276339407],[103.8964799117561,30.785623518724716],[103.8973516119714,30.786653760020712],[103.89839918829949,30.78801474985742],[103.90007863409699,30.790178585794603],[103.90126121499955,30.791730006395998],[103.90237511840569,30.793154955531353],[103.90343953328933,30.794569112573264],[103.903935457658,30.79519834714883],[103.90431490405228,30.79571002033778],[103.9045718499133,30.796044140767812],[103.90507164893783,30.79671764252823],[103.90582020613014,30.797740681050954],[103.89559483393924,30.80257569552487],[103.89136279758937,30.80525625192728],[103.88915108805914,30.807004234486683],[103.88830294325436,30.808110092860247],[103.88749890222776,30.809014317120237],[103.88615397523759,30.8102717644041],[103.88492554604743,30.811592143418963],[103.8862897514999,30.81262642140881],[103.891165391142,30.816454608044253],[103.89275378811251,30.817948982946398],[103.89468222063763,30.82377662969021],[103.90923178715049,30.85803703293391],[103.93406454848474,30.83649381967338],[103.96783755310223,30.807705687035888],[103.96967780621438,30.805490371396733],[103.9708386958803,30.802781556069522],[104.00298307130446,30.80579584663489],[104.01201302946802,30.81383672653235],[104.0097094652419,30.820575444932498],[103.98641080981338,30.83211457446814],[103.96789477416134,30.83739503521107],[103.95377982232499,30.854323498131063],[103.93904256575752,30.859352625196074],[103.93264497762144,30.869655536729567],[103.94178701098146,30.879183306726965],[103.94064762559097,30.885364129497425],[103.9443615501326,30.889876085047582],[103.9263697891115,30.90653136565793],[103.91001637823622,30.923389505712958],[103.84696310466113,30.93791188219264],[103.83602182137153,30.925130446683564],[103.82842527062483,30.927349035581468],[103.82426891383813,30.93693211298914],[103.8111027551872,30.949786691775632],[103.77911851477167,30.957663791800986],[103.76611821083334,30.951540714548255],[103.76836710607661,30.925691198258033],[103.76019952443522,30.91745489552335],[103.75462917778674,30.902104715735355],[103.74727583327744,30.900693379803524],[103.76226813220215,30.887624926979115],[103.74803738291456,30.880621823962475],[103.73394754790763,30.879425656625052],[103.72893008341221,30.866516173305826],[103.71605693231534,30.863159111011964],[103.74101733119454,30.847289596348407],[103.76367026359284,30.829580210586325],[103.77841640705573,30.817959026156586],[103.78690047390636,30.81204624358857],[103.79755264730068,30.785965287879886],[103.81680031788015,30.7804328544004],[103.82482219411935,30.77411785300613],[103.8285449996081,30.769718762453664],[103.83098004317873,30.766784833598344],[103.83843260205461,30.762321444833557],[103.85519811112498,30.752939112779657],[103.87596012303679,30.749737097827975],[103.877368771004,30.751270507149478]]]}},{"type":"Feature","properties":{"name":"郫县万达","district":"郫都区"},"geometry":{"type":"Polygon","coordinates":[[[103.89121867558968,30.816376821504296],[103.89125485621459,30.816376255985293],[103.88499390733693,30.81155111055521],[103.8872697448196,30.80932276795494],[103.88829892668119,30.8081321458668],[103.88913803408889,30.80705741636973],[103.89140401414677,30.80528959406163],[103.89574449936335,30.802568487447743],[103.90597373011835,30.79798407936442],[103.90844163435698,30.80120960942689],[103.90993582899884,30.803244341676077],[103.91136608586336,30.805103102487234],[103.91419829446596,30.808817243441446],[103.91783425027775,30.807761856384356],[103.9186062640086,30.807420502428883],[103.9195567396042,30.80679182316182],[103.92049786104035,30.80590197384385],[103.92142032537508,30.803950235219602],[103.92275477136421,30.800914694591352],[103.92410516644999,30.7977725405126],[103.92489161418531,30.7947828986237],[103.92514122577236,30.794032304540554],[103.92530707752037,30.793277335465444],[103.92570004063096,30.792410588946122],[103.92617764341641,30.791549423687513],[103.926875006027,30.790304853368166],[103.92737666264289,30.790966843715683],[103.94163011509936,30.809720028486648],[103.91082688513129,30.826861520640648],[103.89810480531253,30.830931390898513],[103.89428611229665,30.822497515290333],[103.89273576327673,30.817748387386825],[103.89121867558968,30.816376821504296]]]}},{"type":"Feature","properties":{"name":"橡树湾","district":"郫都区"},"geometry":{"type":"Polygon","coordinates":[[[103.93667319992214,30.77796606833168],[103.93564206708558,30.77866774922245],[103.93534706786099,30.77788855699699],[103.93501125886294,30.777070959880255],[103.93462659018876,30.776116916125847],[103.93402657349328,30.774558787047184],[103.93348036873142,30.77315738121933],[103.93620336134947,30.771509155368314],[103.93848298918358,30.770040611637977],[103.93927730539988,30.769353062431666],[103.94018670061236,30.768573293157896],[103.94126067698944,30.767510110502357],[103.94215689854823,30.766626712930154],[103.9432312700563,30.764846307493883],[103.94510217064891,30.761453106538802],[103.94600715283393,30.760388501738994],[103.94693875297881,30.76159242724996],[103.94858936520822,30.763527431759098],[103.95051207430308,30.765571100859454],[103.95295226094666,30.767912217367513],[103.95500433334395,30.769788941983666],[103.95368961724857,30.77048839340521],[103.95264279475053,30.77095107892364],[103.95158203229553,30.771313325373665],[103.9500040226409,30.77149207232298],[103.94891623948565,30.77157054122979],[103.94719911549656,30.77166585322906],[103.94625923023045,30.77187427384215],[103.94518936717414,30.77224182223419],[103.94450264330705,30.77259591993685],[103.94385662587726,30.77299363746772],[103.94239486148165,30.774012847580035],[103.93994714256819,30.775720117236027],[103.93667319992214,30.77796606833168]]]}},{"type":"Feature","properties":{"name":"犀浦","district":"郫都区"},"geometry":{"type":"Polygon","coordinates":[[[103.94627108451552,30.760253077327594],[103.9511406352625,30.764281390380813],[103.96613796987742,30.777475511057784],[103.99624306923363,30.78214510347589],[104.02632823872567,30.78120794808777],[104.03100738170988,30.764038419573637],[104.04599420271944,30.75594111168215],[104.04664700125375,30.755408703228053],[104.04550238620726,30.75507021699578],[104.04322236055197,30.754333575645962],[104.04046602730905,30.753461319370388],[104.03854158022666,30.751593663233212],[104.03606911209515,30.749041677858454],[104.03725214332351,30.747765531673792],[104.03529974663809,30.7465322899411],[104.03438465977526,30.747343277513433],[104.03108709086278,30.74429420418304],[104.03619923691107,30.739084386958012],[104.03405946899444,30.73630223839281],[104.03301002674182,30.73712297256357],[104.03176407054615,30.736147403145537],[104.0310755541048,30.73448500483395],[104.03070675074868,30.734922733557987],[104.02902001640481,30.736101245687966],[104.02528445870622,30.73809674836573],[104.02265840634352,30.74428903469274],[104.01902785221002,30.743507434767697],[104.01839720101849,30.75145823795696],[104.01073627516628,30.751070018151676],[104.01471157480339,30.75639220181197],[104.01248408548082,30.762115033472956],[103.99372907324502,30.758110993106815],[103.99407889925403,30.75252038099368],[103.9960466722913,30.750302219972987],[103.99380126258684,30.747903003562094],[103.99212144493626,30.74927709352407],[103.99051363378422,30.747878099418838],[103.98378277979118,30.743045611492317],[103.98342433313888,30.743436224195236],[103.98249179638482,30.744765332968804],[103.98149565425373,30.746233046312756],[103.98124935716301,30.746095635421774],[103.98090037619401,30.74590779417222],[103.98045672017678,30.745657394922],[103.97948084894276,30.745108517384008],[103.97788351506027,30.74414915608831],[103.97664092059436,30.742880874456258],[103.97239931558161,30.74627783541007],[103.97231336624478,30.746412344862627],[103.96884425253477,30.74906164276322],[103.96739719115985,30.749887649394978],[103.96459779185828,30.751298815108928],[103.96169649312351,30.752789528223662],[103.96064857913291,30.75329076129052],[103.95889080319868,30.754109329452394],[103.95802992731788,30.754495237760274],[103.95663898784788,30.755126199196116],[103.95515888743547,30.75582417140642],[103.95287598382984,30.756852362576343],[103.95297541016944,30.756811819405204],[103.95256531094887,30.757131917955576],[103.95006899159308,30.7581982245247],[103.9475192133282,30.759418009619107],[103.94627108451552,30.760253077327594]]]}},{"type":"Feature","properties":{"name":"中海国际","district":"郫都区"},"geometry":{"type":"Polygon","coordinates":[[[103.95999914053276,30.7301498677103],[103.95907494979029,30.730798248604675],[103.95859304745112,30.73110755771819],[103.95781604147207,30.73166409896249],[103.96087358308328,30.735094364178387],[103.96266495583609,30.73710426750372],[103.96516658186542,30.739081262151924],[103.96527379616253,30.738973494241762],[103.96574644815499,30.738477233770443],[103.96637124840896,30.73774398228699],[103.96678306394095,30.737421843187274],[103.96705971341903,30.737081781591495],[103.9687416902432,30.735563239047504],[103.96888924931265,30.735389456018183],[103.96911244493921,30.735588197382622],[103.97128578119533,30.737240115143575],[103.97347490513587,30.7393214086029],[103.97644480595828,30.7364409129985],[103.97479576081598,30.734786912429076],[103.9735821491718,30.733480682499756],[103.97561236907073,30.731552737364225],[103.97331488548275,30.73077050722098],[103.97318731422413,30.73092426596737],[103.97292562520572,30.73080505765349],[103.98228973211363,30.72100427434696],[103.98055192842112,30.720409404876577],[103.97805047067868,30.719718704436854],[103.97441348986806,30.71871634325618],[103.97376380432111,30.72017005106426],[103.9732213724724,30.720991993039696],[103.97250088919168,30.721762445172015],[103.9717936335244,30.722362616332425],[103.97085953918601,30.723045639786147],[103.96802973530016,30.724880434026613],[103.96613445289367,30.72612106279733],[103.96578150675045,30.726188588105625],[103.96553119437807,30.72699319513708],[103.96536982268734,30.727340760850318],[103.9652490056152,30.72788645605643],[103.96494039947986,30.728388761233873],[103.96340564333002,30.727856696009813],[103.96183784281551,30.72893552320341],[103.95999914053276,30.7301498677103]]]}},{"type":"Feature","properties":{"name":"保利公园","district":"龙泉驿"},"geometry":{"type":"Polygon","coordinates":[[[104.14798828315934,30.741287019234534],[104.15402913424394,30.738923101589055],[104.16356860155312,30.735367817074255],[104.1625364014271,30.72452033980124],[104.16806662942469,30.727279910676284],[104.16398687785264,30.729678989576687],[104.17333727645597,30.732772205284718],[104.17862774805532,30.73119423451771],[104.17928034494517,30.724039498121154],[104.1852427518551,30.72774223248797],[104.19155883798652,30.716642851944144],[104.18772184334347,30.71125262111633],[104.19444585853066,30.712853928587585],[104.19809098643583,30.71368085256096],[104.20010995547231,30.711523798114374],[104.20263046236718,30.709146229539638],[104.20429976050488,30.707305315587377],[104.20614412317738,30.710684768009664],[104.20779242408653,30.713571138799743],[104.20906517940632,30.715622878910768],[104.21305101085679,30.715912338885005],[104.21649283688684,30.716134221405667],[104.21920826226891,30.716322199154376],[104.22362158327756,30.71655264829791],[104.2273623768738,30.71304064983536],[104.22978271988713,30.716255356925206],[104.23201556422218,30.71904812864963],[104.23791221410693,30.726646475274507],[104.24247725357924,30.725328640754697],[104.25667434413036,30.72858602216132],[104.2614780636401,30.724572005313476],[104.26524834132461,30.71969866437178],[104.26894286479282,30.72180449182016],[104.27320792017623,30.715821741389142],[104.27490739831674,30.713192791684254],[104.2783210112,30.708292540025973],[104.27987061197263,30.70973462728599],[104.28031795766488,30.71043352781543],[104.2799406023915,30.71185215402805],[104.27685139586437,30.71605759066997],[104.27296906953453,30.721608403524325],[104.27707702147931,30.722886908735667],[104.27824041862165,30.725444613336904],[104.27500969813549,30.726552102957147],[104.27447006939484,30.727609177356655],[104.28055410904537,30.747373008920686],[104.28211430344527,30.749929404508944],[104.2796883463366,30.75334400611187],[104.25438587159444,30.7868480802768],[104.24150515717322,30.803869376065226],[104.23524596271584,30.812343287377523],[104.23024916742496,30.818876706255672],[104.24019919862458,30.83066059184506],[104.24514673451371,30.836632718653313],[104.24774207565524,30.839804865068626],[104.25133494778045,30.844262707749987],[104.24881842674694,30.84592796840426],[104.23343579921342,30.855594656340255],[104.22583551501704,30.8604868708519],[104.22096336237176,30.86355849054899],[104.2156263546161,30.867011655490625],[104.21533216536213,30.86669958636699],[104.21523434935288,30.866102684260184],[104.21509979832638,30.864910065361155],[104.21511904343564,30.86247082779852],[104.21536431950285,30.8577011229497],[104.2156834775567,30.852939799229667],[104.21551467057537,30.85053031412485],[104.21507678144393,30.848220917644433],[104.2145213945936,30.84647746288612],[104.21392104417109,30.84478650961339],[104.21260462700272,30.841403047525436],[104.2098007248423,30.83468522994777],[104.20838541476425,30.830932469970225],[104.2072946867641,30.82714221848803],[104.2063904467795,30.823220934392033],[104.20558538943254,30.819617726138233],[104.20475187640311,30.815927581068927],[104.20342568446236,30.812602464777807],[104.20252046553499,30.810870786477246],[104.20141767222617,30.809313750314143],[104.20003655532615,30.80759699711702],[104.19798415944776,30.80548096673453],[104.19224011638863,30.79968719160962],[104.1894080598495,30.796737587626904],[104.18690739797319,30.793390255268847],[104.18501591885348,30.790618761383403],[104.18325793586385,30.788097900935526],[104.17939042079738,30.78151051029339],[104.1779543103706,30.778695516074993],[104.17540352093938,30.772637169213514],[104.17163115965066,30.76448887269686],[104.16769697107027,30.756750502966145],[104.16166177751485,30.761853517129982],[104.15531539842263,30.7654817980085],[104.14690903701766,30.769552030780215],[104.13742374947458,30.773703013630545],[104.13220320640092,30.775960562437987],[104.12698102970737,30.778333467194148],[104.1258236945533,30.776738230915406],[104.12317846757279,30.779057212540437],[104.11855458562943,30.780425916413606],[104.11162956029774,30.77397476105704],[104.11053514950338,30.772455899050865],[104.11646404428892,30.768482493357535],[104.1179049497035,30.76775753114715],[104.12689580655234,30.76778236032242],[104.13765421871922,30.768882360190872],[104.13892248943053,30.756653168955946],[104.1369712686384,30.753685720138378],[104.13682643738896,30.75281900912199],[104.13668164590901,30.751921334059467],[104.1366093056741,30.751053722723807],[104.13657318859839,30.750340571029444],[104.13653708678022,30.74969039310785],[104.1362304323714,30.74915869623641],[104.13576153133599,30.746295553249254],[104.13776987812247,30.740361417496434],[104.14273560604695,30.743158920447208],[104.14798828315934,30.741287019234534]]]}},{"type":"Feature","properties":{"name":"大面","district":"龙泉驿"},"geometry":{"type":"Polygon","coordinates":[[[104.13795589181711,30.569641248443887],[104.14164045419112,30.56844928817112],[104.14192835720453,30.565896985369662],[104.14698226553674,30.563956633793634],[104.14806500776889,30.56478939614943],[104.14766805168988,30.567092298959167],[104.15111333494701,30.57046283073253],[104.15305873793183,30.56610546321169],[104.16114149382638,30.56571261454676],[104.16043118583131,30.567566903343273],[104.15863293871678,30.569021259960447],[104.16288666408896,30.57017505369081],[104.1648180897027,30.56810638118657],[104.16653425219117,30.57165693611857],[104.16478223112544,30.5737472152686],[104.16650665929818,30.576216940407075],[104.16226484869047,30.578857895265482],[104.16237259763767,30.579666145760765],[104.16017798314986,30.580774755194017],[104.16914459533378,30.593039860667165],[104.16445441988687,30.595791911268932],[104.162892290776,30.59427402339039],[104.16188767995284,30.59204651397421],[104.1578056183737,30.59061815662426],[104.15163235396545,30.59459671541197],[104.15332363741717,30.597481474000947],[104.15108676901035,30.599351440925016],[104.15623204973384,30.60605287425119],[104.17288328919525,30.595958482909566],[104.1771520814267,30.594996278967763],[104.18195403915088,30.59588426631113],[104.19226909574928,30.597747489105185],[104.20440358158217,30.59180772926494],[104.21546642634031,30.58777370361183],[104.20299956465884,30.56057901097397],[104.19696945940336,30.55054158089147],[104.18836281498554,30.540564613582866],[104.17358574055254,30.526630335751896],[104.16999500597738,30.52384623172298],[104.16985214823755,30.52384455698891],[104.15252402555745,30.54754416942305],[104.14337050066312,30.56090881190676],[104.13795589181711,30.569641248443887]]]}},{"type":"Feature","properties":{"name":"东安湖","district":"龙泉驿"},"geometry":{"type":"Polygon","coordinates":[[[104.24496865852578,30.606461298218637],[104.25756695811464,30.600437342121737],[104.25671407813954,30.596512589993623],[104.26362527550926,30.58360501003337],[104.2475189213431,30.57607436296519],[104.24639196664181,30.575960754927806],[104.24418096840121,30.576563087611337],[104.23576108040268,30.560934691882494],[104.20833581686944,30.571512569621852],[104.21644829647136,30.588648619899395],[104.21946487760796,30.59369961756901],[104.24496865852578,30.606461298218637]]]}},{"type":"Feature","properties":{"name":"东山","district":"龙泉驿"},"geometry":{"type":"Polygon","coordinates":[[[104.20905010015537,30.570692017594116],[104.24419953175473,30.557434833201253],[104.25213676395559,30.554321469410667],[104.250009991093,30.54854121951218],[104.25010925326298,30.548364610250534],[104.25174083374536,30.547005226865632],[104.2531423731881,30.545804849996635],[104.25429991110069,30.544779658551757],[104.25467863143109,30.545076762013316],[104.25615836595455,30.54646109914429],[104.25647373882725,30.54673635625773],[104.25708731952489,30.547225226544093],[104.25747538880495,30.54696254006561],[104.25826759605906,30.54653910682286],[104.25831464247108,30.546447160510724],[104.25836657762146,30.546180704650666],[104.25856508905265,30.546052887678567],[104.25874473299064,30.54613634716712],[104.25882614681416,30.546306196567205],[104.2592316741817,30.546603523362215],[104.26039433723456,30.546875688332488],[104.26158205179516,30.545289246846977],[104.26485473434875,30.54050770114296],[104.26754428694255,30.53785200208783],[104.28529286630481,30.508739733831256],[104.283295621374,30.494922124940114],[104.23764609843586,30.49253719972249],[104.22322312111682,30.495658046185294],[104.2115724789558,30.494027196867812],[104.22205642671061,30.508500339581104],[104.21346087199879,30.51707746141171],[104.18967150089291,30.540315311778034],[104.20416703111174,30.559948599094067],[104.20905010015537,30.570692017594116]]]}},{"type":"Feature","properties":{"name":"航天","district":"龙泉驿"},"geometry":{"type":"Polygon","coordinates":[[[104.258271915381,30.56357928264599],[104.26102764233745,30.56259276568435],[104.26497160880058,30.562685648742907],[104.26511562567963,30.562156207020617],[104.26633856903915,30.562049651080528],[104.26783150367442,30.560124000670555],[104.2739290763909,30.555350558046143],[104.27833383403937,30.55416415602579],[104.28378278741316,30.55591406724724],[104.29407706238383,30.549525192852947],[104.31315376792342,30.534330314111983],[104.32270940020234,30.513045760287486],[104.30187100585981,30.509533561663954],[104.28600886472996,30.509739231272484],[104.27744751486786,30.523560915030416],[104.26309278436963,30.54328067969889],[104.26048466167408,30.546951483170425],[104.25943940878803,30.54671764637193],[104.25859139825405,30.546293508348388],[104.25708340718772,30.547334280704167],[104.25700205015534,30.5472494844687],[104.25681323716762,30.547074286458944],[104.25656921763543,30.546890924708713],[104.25430900080947,30.544837515507613],[104.25317352536979,30.54583535521041],[104.2501274934114,30.54854330687526],[104.25192479977034,30.551729061617966],[104.25188466878548,30.551768704490097],[104.25277877055807,30.553573263971828],[104.25323127332297,30.55447199910206],[104.25372281231684,30.555280161439995],[104.25400727147245,30.55576564503431],[104.25476117310122,30.557234735454767],[104.25556915625667,30.55876911663469],[104.25594801063922,30.559575242499964],[104.25630061688209,30.560187829979277],[104.25660297236948,30.560724215406367],[104.25797882332459,30.563233561550465],[104.25817662486917,30.56361963836544],[104.258271915381,30.56357928264599]]]}},{"type":"Feature","properties":{"name":"洪河","district":"龙泉驿"},"geometry":{"type":"Polygon","coordinates":[[[104.14129299023008,30.616939420101712],[104.13954117154248,30.61460493337884],[104.1432101689439,30.613115404174398],[104.1491945207297,30.61063020670015],[104.15317585879045,30.6087619015438],[104.15893655418732,30.604906319452503],[104.15930613311853,30.60456291503843],[104.15959359870826,30.604501936363665],[104.1638759207838,30.601946560224807],[104.16637557109473,30.600506860376818],[104.1700395009088,30.598370698942556],[104.1725484894902,30.60206793008947],[104.17509221197506,30.604838124331106],[104.17806778227083,30.604852515796747],[104.1761644618733,30.608333050290337],[104.17572774745335,30.615500790557263],[104.17612110399865,30.616532180106468],[104.18009768174149,30.61923621239248],[104.18127943242537,30.620902573797608],[104.18135003501055,30.623015643115526],[104.17582646935571,30.625128858140403],[104.17442797000685,30.625698741896773],[104.1732438593903,30.62614771260131],[104.17127045271951,30.626960159644753],[104.16972697572228,30.62762513218111],[104.16782419837537,30.62850493729922],[104.16667458308639,30.629021432960556],[104.16534467612885,30.62963138863436],[104.16394333216833,30.63045913813226],[104.16221735137349,30.631192618814712],[104.16077899971852,30.632054822809305],[104.16040357889727,30.632101151839667],[104.1599892388876,30.630345215238137],[104.15968405821326,30.629085632364117],[104.1592168183369,30.627422810791117],[104.15885773732292,30.626023394044367],[104.15767003880167,30.625243934857853],[104.15377238189289,30.622559635897634],[104.14583818875496,30.623404247163457],[104.14404192784038,30.62363402492542],[104.14236858130432,30.618328587978805],[104.14129299023008,30.616939420101712]]]}},{"type":"Feature","properties":{"name":"龙泉驿城区","district":"龙泉驿"},"geometry":{"type":"Polygon","coordinates":[[[104.29910344965226,30.595144238264503],[104.31545804477318,30.58407625587489],[104.31517398763084,30.582457318361687],[104.31474653814283,30.581457091030675],[104.3144614119033,30.57958812693144],[104.31132321356077,30.57618872617006],[104.30675777747562,30.56717012608825],[104.30304488158237,30.560152619059213],[104.30204508055819,30.558645661213138],[104.30147392990479,30.55838868637971],[104.29690387073714,30.555840593421756],[104.29576059442861,30.55520484970178],[104.29318870054038,30.554928192995856],[104.29004346128103,30.554773338333792],[104.2871827146878,30.55599572638254],[104.28618089842185,30.555989604797297],[104.28646646242535,30.55561831836412],[104.28618080956059,30.555865619385184],[104.28503630397499,30.55735136163166],[104.28288703368108,30.55634785962889],[104.28098709776425,30.555758381925358],[104.27542728775155,30.5545492722477],[104.27004128902166,30.558432463051588],[104.26590716302404,30.56260386832826],[104.2611541205539,30.562908059359806],[104.2576218406513,30.56370263508844],[104.25362618920042,30.554950714452268],[104.2363146548936,30.561547400586537],[104.24408957233507,30.57651256306521],[104.24635480787268,30.57593236983771],[104.24761335602791,30.57598585899095],[104.25513510830467,30.57954750001216],[104.25935233993832,30.581668587028382],[104.26372849475017,30.583601817570734],[104.25679974674964,30.596136568907163],[104.25679859468129,30.597285810166277],[104.25726506472934,30.599360501358518],[104.27606155989528,30.594998798828854],[104.2912444457183,30.59667030479026],[104.29910344965226,30.595144238264503]]]}},{"type":"Feature","properties":{"name":"龙潭寺","district":"龙泉驿"},"geometry":{"type":"Polygon","coordinates":[[[104.14360354748533,30.712450809366885],[104.14302600398008,30.712161477160954],[104.14056880089316,30.712915393184524],[104.13767846896084,30.713570106944534],[104.13550932122028,30.71440466486878],[104.13539846749487,30.71665541463165],[104.13875507479516,30.720893162790322],[104.14113684376977,30.722758504702142],[104.14391619402532,30.724188797458982],[104.14738050262022,30.725278751430945],[104.1511652068165,30.72671717445649],[104.15458752753946,30.728508218811363],[104.15649399243178,30.73055574471513],[104.15800461811368,30.733039178031056],[104.15893721759205,30.73654603205117],[104.16289457776594,30.734998623712663],[104.16184440428995,30.72402774942161],[104.1620788967949,30.723734279293968],[104.16947639426526,30.72744217564872],[104.16502012033071,30.729631930146347],[104.17377804003682,30.732212803933894],[104.17781310929358,30.730769252820938],[104.1785916491185,30.723477497737868],[104.17887852524815,30.722923662853766],[104.18502035432523,30.726830905218915],[104.1908517181942,30.71693202889974],[104.18663068378537,30.71071316755149],[104.18663100467518,30.710340435380388],[104.19778730178102,30.71312551118772],[104.19954545899772,30.711352635991197],[104.2046587839896,30.706425136717055],[104.20971231803195,30.714944615069392],[104.2233386248936,30.715902314431837],[104.22636679609658,30.712845660330704],[104.22215512406184,30.710663349291035],[104.22060908008024,30.708727311250232],[104.24322805946554,30.70228102436867],[104.24373484771787,30.69890604122808],[104.24384285659212,30.697306220169885],[104.24357289372784,30.69636399645943],[104.24304969775707,30.695689581546624],[104.24052378934098,30.693385441252985],[104.23898996916024,30.69450937404817],[104.23775360866702,30.69498456582757],[104.23442483403979,30.696013308279355],[104.22941331778597,30.692900583525418],[104.23244166198735,30.689889991788977],[104.22493650000222,30.689208025459944],[104.22789067279385,30.68580503478659],[104.22124532191242,30.686397050705743],[104.2188884610969,30.68487832697152],[104.21627943963976,30.683199191055007],[104.21484135411202,30.68229441564913],[104.21153656197274,30.684839447707883],[104.20581122446713,30.685395828230043],[104.19627455241677,30.68603940960629],[104.18982198641831,30.67791800979292],[104.17928698035652,30.674935329685585],[104.16859571033363,30.671493617398706],[104.16242036726803,30.6788320759914],[104.16162993883806,30.679138579991086],[104.16097472660807,30.678966044480227],[104.15983472611154,30.692106841937584],[104.1594023294524,30.696946887743724],[104.15896852949922,30.702097530705316],[104.1575264839121,30.704762430015386],[104.15532903243125,30.707258010782507],[104.15327310612909,30.709168785835615],[104.15139832371266,30.710352960101638],[104.14728585807804,30.71161398502735],[104.1432058858501,30.71215975748538],[104.14360354748533,30.712450809366885]]]}},{"type":"Feature","properties":{"name":"三圣乡","district":"龙泉驿"},"geometry":{"type":"Polygon","coordinates":[[[104.16286437381083,30.59417091361871],[104.16200739784479,30.59198160800927],[104.1577991706237,30.590536624487584],[104.15192690000919,30.593970198044698],[104.15131358412144,30.59431398208153],[104.15142168601379,30.594577433756346],[104.15215987924634,30.595771336393092],[104.15280723063483,30.59738560682133],[104.15177911815854,30.598304779120063],[104.1497563114546,30.59878043645298],[104.1556225933938,30.606687189539173],[104.15263033539827,30.608585311930867],[104.14761573849987,30.610843928883394],[104.14557028882169,30.612029149973175],[104.14272114895478,30.612830919483393],[104.14091148126998,30.61337729857841],[104.13861668465552,30.613978303901053],[104.13746167174968,30.612408613920472],[104.13470150216074,30.608616588356227],[104.13876874518328,30.60640556922693],[104.13987102234769,30.606089842937237],[104.14220200606995,30.60521025411599],[104.14315953902091,30.604440368282553],[104.14422461960811,30.60349523187437],[104.14362117307742,30.60213762624908],[104.14273816766013,30.600899890076967],[104.14179559220436,30.59979916142666],[104.14004967935792,30.598672931004483],[104.13791474562161,30.597024487062978],[104.1369631924409,30.59624804427098],[104.1360741450493,30.5952273186893],[104.1336648064254,30.592432034475113],[104.13189418483081,30.591493916521543],[104.11867898830103,30.587455650779138],[104.10799760813987,30.589625743680045],[104.1087252293615,30.579179334956134],[104.11193576276693,30.571146780776314],[104.11594183203987,30.571286202387526],[104.12175658735741,30.571424710706765],[104.12811731771355,30.571919710947427],[104.13821740659415,30.572428086522713],[104.138398402877,30.5704365478894],[104.14226365947177,30.568776778456787],[104.14251538209446,30.5661629732337],[104.14681075303264,30.56454069915487],[104.14742454794393,30.56522135753385],[104.14706459618414,30.5672752497689],[104.15132104656783,30.57104488749217],[104.15337470467435,30.566314791960057],[104.1605389035148,30.56588881185413],[104.16005369106435,30.567378420405927],[104.1577504418181,30.569081207241982],[104.16302175813726,30.570501806005797],[104.16469216105253,30.5686642321913],[104.16602236015311,30.57156634647647],[104.16413511388609,30.57360236099909],[104.16607576635387,30.57615107342474],[104.16215684603148,30.57865536873585],[104.16339877669935,30.57410999571291],[104.16095314454455,30.57136104809177],[104.16057801803255,30.577557382603135],[104.1572670605733,30.57795166652502],[104.15489011304466,30.578416657231895],[104.15712247355128,30.57947417564324],[104.15953325629496,30.58103375098016],[104.16248052882936,30.584838515373992],[104.16696841810841,30.5904659524338],[104.16904898505767,30.593003868568257],[104.16448045091154,30.59576612605359],[104.16286437381083,30.59417091361871]]]}},{"type":"Feature","properties":{"name":"十陵","district":"龙泉驿"},"geometry":{"type":"Polygon","coordinates":[[[104.20553710309824,30.656660829518852],[104.20532822789195,30.662808559455605],[104.20361704510998,30.674962239637647],[104.19917072422423,30.674839116749382],[104.17982426325429,30.674503456740737],[104.1700681893756,30.673676811871175],[104.16626170751465,30.672542286049215],[104.16245122797368,30.671767845429535],[104.16122601075016,30.66921464898172],[104.16035821342257,30.663993521319384],[104.15570726796528,30.654117804578487],[104.15606688809169,30.65352777351997],[104.15826056412877,30.65249435663194],[104.15869211197914,30.652309500862074],[104.15530377310783,30.646030318146476],[104.1625720068548,30.64474722461816],[104.16170591169433,30.634305519698746],[104.16076997373062,30.6324995992738],[104.17104660499592,30.627371149977765],[104.18345310142516,30.622968735182557],[104.20366655287262,30.617813977074178],[104.20280054725609,30.63879917784905],[104.20402567522545,30.65080439086256],[104.20553710309824,30.656660829518852]]]}},{"type":"Feature","properties":{"name":"石桥片区","district":"龙泉驿"},"geometry":{"type":"Polygon","coordinates":[[[104.4731609491731,30.39639358464565],[104.52115959573042,30.40311413617036],[104.5313708640689,30.409318593516158],[104.52664331437646,30.413457054880006],[104.52380675430943,30.41769874231231],[104.52208667586191,30.424786881440962],[104.52439569121294,30.432153525245667],[104.52770472623631,30.43480047552244],[104.52842600076217,30.439914400078877],[104.44284240904001,30.571066749362654],[104.42220845599226,30.587630792773886],[104.38317581381537,30.584496951345823],[104.29614712202813,30.458953201155417],[104.39368795937628,30.421319733057402],[104.43316416764782,30.3959382568114],[104.45959035774742,30.392843807969058],[104.46564772201252,30.393205898224636],[104.4731609491731,30.39639358464565]]]}},{"type":"Feature","properties":{"name":"西河","district":"龙泉驿"},"geometry":{"type":"Polygon","coordinates":[[[104.2036189972051,30.674904276498854],[104.20561271121501,30.65852936542437],[104.20488736025506,30.64970077306929],[104.20344865796272,30.64260124136544],[104.20373972402346,30.61875132056511],[104.22084304883673,30.61449698728264],[104.23757143316661,30.61025636852983],[104.24493769227063,30.606293911734678],[104.25330264510866,30.613239662744316],[104.26252621505196,30.6198166928709],[104.27000705199231,30.62943400328114],[104.27762446197374,30.64729290713318],[104.28466360113089,30.664325423096496],[104.28481603799288,30.674512319277973],[104.28569762202609,30.692659705218556],[104.28469529066382,30.694020056556553],[104.27451296997374,30.689794249582942],[104.26069874298385,30.68544584141024],[104.24495362939285,30.680834167294847],[104.23513429644065,30.67650659741067],[104.22590357995557,30.674234860573772],[104.218559536953,30.673884206678416],[104.2036189972051,30.674904276498854]]]}},{"type":"Feature","properties":{"name":"阳光城","district":"龙泉驿"},"geometry":{"type":"Polygon","coordinates":[[[104.30593776247049,30.595641495614405],[104.30633807251492,30.596407886403583],[104.3069169246928,30.59730582301912],[104.30709075391975,30.59720344776275],[104.307079778458,30.595261530963],[104.30681278591896,30.594182283164056],[104.30641764712307,30.593163106715966],[104.30763042667728,30.592435402980545],[104.30840700098234,30.592124013483364],[104.30908904393132,30.592057058528017],[104.30980660224101,30.592238430459417],[104.31048040368364,30.592512052186677],[104.31174063966736,30.593097811755772],[104.31240063482564,30.593312046375367],[104.31307870976308,30.593325557022503],[104.31357822956123,30.593196573550927],[104.31400244371892,30.59291858134619],[104.31536838339822,30.591093102789014],[104.3163146534435,30.590049093161717],[104.31760055254811,30.589136858841023],[104.32010037710378,30.58727528737619],[104.32711684178133,30.591450596221115],[104.32733139194538,30.591839744456298],[104.32725934060129,30.59230599503625],[104.32724997355777,30.592759653076904],[104.32692309615821,30.593371124819534],[104.32619422267013,30.594138572603875],[104.32629629083128,30.594540050880504],[104.32596068801368,30.594960344370968],[104.32529900786756,30.595274100018496],[104.32486075670289,30.595985133196937],[104.32414627383714,30.59654576626912],[104.3239706259576,30.59720480936334],[104.32404683229298,30.597550249878363],[104.32369335473935,30.59807578540448],[104.32346525126707,30.5985084441052],[104.32336659906234,30.598736393948066],[104.32321435536876,30.598878898490014],[104.32258977157808,30.59920278009833],[104.32217718502136,30.60025904748978],[104.32190471937554,30.60039623529767],[104.32171767300133,30.600592211335588],[104.32130605002568,30.600777847040995],[104.3210245661987,30.60102372669585],[104.3210151591054,30.601466333056674],[104.32113617559769,30.601673472882496],[104.32132780779803,30.601826376883853],[104.32113582106699,30.60201124436679],[104.3210103976835,30.602215783930298],[104.32103205962544,30.602405886652665],[104.32097914904966,30.60263817119466],[104.32069771555372,30.602849021698933],[104.32073323399496,30.603090243111552],[104.32086629582794,30.60317661105668],[104.32101334886353,30.603190165746042],[104.32129061265461,30.60317808839908],[104.32178642146333,30.60326812828293],[104.32215622511964,30.603186890856254],[104.32230841054394,30.60307546721553],[104.32278144807245,30.60316098724193],[104.32304443516377,30.60357119703899],[104.32337522049704,30.603804102836207],[104.32323185227348,30.604011645813337],[104.32316897744045,30.604247905567224],[104.3231548041069,30.604492610377424],[104.3228334099461,30.60479638866432],[104.32240889143918,30.604882244286706],[104.32234598729774,30.605156446098857],[104.3224620418101,30.605383427575923],[104.32219814160982,30.605873512504424],[104.3216216063772,30.606932006729323],[104.32493941315859,30.606453829535326],[104.32510003357062,30.60691681255649],[104.32583647193118,30.60740417904647],[104.32630485367274,30.607496536029014],[104.32678342765041,30.607394932023468],[104.3269716523023,30.607194328735076],[104.32711893276681,30.60715232665329],[104.32734673191841,30.60718177526091],[104.32748085594577,30.607368496917363],[104.32766367372473,30.607618461862092],[104.32772612875824,30.607843692562327],[104.32744829485775,30.608078819445492],[104.32728266556265,30.608547457143718],[104.3270633696878,30.608969754320047],[104.32678656405001,30.609215744537778],[104.326768376328,30.609499433950106],[104.32690154854447,30.60963224389212],[104.32698610421814,30.60963680391888],[104.32746455379201,30.609728828763846],[104.32781346740836,30.61005775377115],[104.32779506164881,30.610566309229167],[104.32762842777588,30.61105397683091],[104.32751677769176,30.611278139894935],[104.32758812650528,30.61158138515133],[104.32787353789706,30.61174301177856],[104.32870941413289,30.611770706447867],[104.32878571415547,30.612124880079577],[104.32884334086938,30.612229114195955],[104.32905333452808,30.612238185262576],[104.32919668753401,30.612207920170587],[104.32937599034825,30.61205788930873],[104.32960427502964,30.611697196995966],[104.3299838142401,30.61141607331268],[104.33016698392393,30.611424843584917],[104.33043182011558,30.611413925041813],[104.33126276741208,30.611917598945038],[104.3309176696157,30.612518031034586],[104.3308233937715,30.613259214920777],[104.33143542575655,30.61367701725369],[104.33163208837216,30.614267241277357],[104.3324988467539,30.61515894122505],[104.3327767471802,30.615190514802055],[104.33308065884697,30.615117136038766],[104.33350600667497,30.615211751431335],[104.33370700778403,30.615533815365293],[104.33341828556792,30.617739064510683],[104.32726335721014,30.620726724712398],[104.32401183815959,30.619708635154947],[104.32061749401083,30.62138344087874],[104.32984622756076,30.638856523452628],[104.32999142890009,30.643702721911378],[104.330422810232,30.647679533234424],[104.31206722639955,30.64811821935439],[104.30761772316933,30.63157585430004],[104.29920266567748,30.633121232164875],[104.29599352746007,30.633756383191976],[104.29285524948487,30.63454510357076],[104.29173447049725,30.634867832347137],[104.28971387441838,30.633964069219807],[104.28861913842599,30.63380045912436],[104.2877162590154,30.63363800117937],[104.28661102145236,30.63295509338429],[104.28609715925775,30.632047435099242],[104.28554641830358,30.631101808949907],[104.28655343961881,30.63048178220769],[104.28852981757936,30.62987442977271],[104.29032710736927,30.62959011701832],[104.29213660233353,30.629238084157663],[104.29355665659695,30.62894980630581],[104.29532035751727,30.628118879099524],[104.29692766415637,30.6268917686058],[104.29839653265235,30.62571099321836],[104.29714722843408,30.62441374251534],[104.29586295243963,30.623155751848625],[104.29433676691026,30.62213673990535],[104.2936889691619,30.621438040113713],[104.29294360684445,30.620828519064958],[104.29052797004837,30.6188024909026],[104.2892600605508,30.617720459524644],[104.28813789698353,30.616962390994484],[104.28711491014771,30.616337783027873],[104.28615342194634,30.615711302383755],[104.2858538199491,30.61546876657328],[104.28488410651013,30.61478820481415],[104.28455734785074,30.614735721746293],[104.28381367090452,30.615086364638863],[104.28315588644796,30.615052974601884],[104.28210801631211,30.615181770132835],[104.2818706683194,30.61522815690662],[104.28174110646447,30.615145908568856],[104.28154368073712,30.615122492914374],[104.28109093206017,30.615097641943095],[104.28079063879429,30.615191101462578],[104.28031561024153,30.615454326032925],[104.27438502310446,30.61796185778534],[104.27372581613349,30.617444852294945],[104.27352052968835,30.61664225034669],[104.27275755522878,30.615698503523838],[104.27218817106291,30.615068938246836],[104.27154570374772,30.61443907377024],[104.2697363308422,30.613027217776192],[104.26896456952485,30.612178741962524],[104.26888790032928,30.611752639481992],[104.26880312650049,30.611434536964847],[104.26843515375823,30.611060828718557],[104.26808914079719,30.610719007648896],[104.26758584028664,30.61046262414795],[104.2654049270327,30.60923372786746],[104.266305677849,30.60890277554836],[104.26709293878885,30.608720323264425],[104.2678350548247,30.60847673794622],[104.27036748163427,30.60695372188251],[104.27134698552086,30.606722411095635],[104.27224498009595,30.60674012187603],[104.27269426834968,30.606380963890953],[104.2733517441923,30.604738857060106],[104.27440415364525,30.602808731535713],[104.27490740452672,30.602186347929138],[104.27582310178649,30.60160098722225],[104.27631704501154,30.601087133896836],[104.27637135646289,30.600722261462057],[104.2758338071052,30.599955075761233],[104.27585201274833,30.59973717535021],[104.27666069840956,30.59905978639682],[104.27714526503829,30.598802112308615],[104.27727022519767,30.598655024038894],[104.28043643908086,30.598102972554887],[104.28354457850189,30.59794767533359],[104.2946665820588,30.59820459328526],[104.29643386753982,30.598069397781327],[104.29835794844841,30.597592891682222],[104.30008514104217,30.596820327349047],[104.30185686702606,30.595830466787053],[104.30501210292152,30.59399697766611],[104.30532828575525,30.594537261051013],[104.30593776247049,30.595641495614405]]]}},{"type":"Feature","properties":{"name":"保利公园","district":"新都"},"geometry":{"type":"Polygon","coordinates":[[[104.14798828315934,30.741287019234534],[104.15402913424394,30.738923101589055],[104.16356860155312,30.735367817074255],[104.1625364014271,30.72452033980124],[104.16806662942469,30.727279910676284],[104.16398687785264,30.729678989576687],[104.17333727645597,30.732772205284718],[104.17862774805532,30.73119423451771],[104.17928034494517,30.724039498121154],[104.1852427518551,30.72774223248797],[104.19155883798652,30.716642851944144],[104.18772184334347,30.71125262111633],[104.19444585853066,30.712853928587585],[104.19809098643583,30.71368085256096],[104.20010995547231,30.711523798114374],[104.20263046236718,30.709146229539638],[104.20429976050488,30.707305315587377],[104.20614412317738,30.710684768009664],[104.20779242408653,30.713571138799743],[104.20906517940632,30.715622878910768],[104.21305101085679,30.715912338885005],[104.21649283688684,30.716134221405667],[104.21920826226891,30.716322199154376],[104.22362158327756,30.71655264829791],[104.2273623768738,30.71304064983536],[104.22978271988713,30.716255356925206],[104.23201556422218,30.71904812864963],[104.23791221410693,30.726646475274507],[104.24247725357924,30.725328640754697],[104.25667434413036,30.72858602216132],[104.2614780636401,30.724572005313476],[104.26524834132461,30.71969866437178],[104.26894286479282,30.72180449182016],[104.27320792017623,30.715821741389142],[104.27490739831674,30.713192791684254],[104.2783210112,30.708292540025973],[104.27987061197263,30.70973462728599],[104.28031795766488,30.71043352781543],[104.2799406023915,30.71185215402805],[104.27685139586437,30.71605759066997],[104.27296906953453,30.721608403524325],[104.27707702147931,30.722886908735667],[104.27824041862165,30.725444613336904],[104.27500969813549,30.726552102957147],[104.27447006939484,30.727609177356655],[104.28055410904537,30.747373008920686],[104.28211430344527,30.749929404508944],[104.2796883463366,30.75334400611187],[104.25438587159444,30.7868480802768],[104.24150515717322,30.803869376065226],[104.23524596271584,30.812343287377523],[104.23024916742496,30.818876706255672],[104.24019919862458,30.83066059184506],[104.24514673451371,30.836632718653313],[104.24774207565524,30.839804865068626],[104.25133494778045,30.844262707749987],[104.24881842674694,30.84592796840426],[104.23343579921342,30.855594656340255],[104.22583551501704,30.8604868708519],[104.22096336237176,30.86355849054899],[104.2156263546161,30.867011655490625],[104.21533216536213,30.86669958636699],[104.21523434935288,30.866102684260184],[104.21509979832638,30.864910065361155],[104.21511904343564,30.86247082779852],[104.21536431950285,30.8577011229497],[104.2156834775567,30.852939799229667],[104.21551467057537,30.85053031412485],[104.21507678144393,30.848220917644433],[104.2145213945936,30.84647746288612],[104.21392104417109,30.84478650961339],[104.21260462700272,30.841403047525436],[104.2098007248423,30.83468522994777],[104.20838541476425,30.830932469970225],[104.2072946867641,30.82714221848803],[104.2063904467795,30.823220934392033],[104.20558538943254,30.819617726138233],[104.20475187640311,30.815927581068927],[104.20342568446236,30.812602464777807],[104.20252046553499,30.810870786477246],[104.20141767222617,30.809313750314143],[104.20003655532615,30.80759699711702],[104.19798415944776,30.80548096673453],[104.19224011638863,30.79968719160962],[104.1894080598495,30.796737587626904],[104.18690739797319,30.793390255268847],[104.18501591885348,30.790618761383403],[104.18325793586385,30.788097900935526],[104.17939042079738,30.78151051029339],[104.1779543103706,30.778695516074993],[104.17540352093938,30.772637169213514],[104.17163115965066,30.76448887269686],[104.16769697107027,30.756750502966145],[104.16166177751485,30.761853517129982],[104.15531539842263,30.7654817980085],[104.14690903701766,30.769552030780215],[104.13742374947458,30.773703013630545],[104.13220320640092,30.775960562437987],[104.12698102970737,30.778333467194148],[104.1258236945533,30.776738230915406],[104.12317846757279,30.779057212540437],[104.11855458562943,30.780425916413606],[104.11162956029774,30.77397476105704],[104.11053514950338,30.772455899050865],[104.11646404428892,30.768482493357535],[104.1179049497035,30.76775753114715],[104.12689580655234,30.76778236032242],[104.13765421871922,30.768882360190872],[104.13892248943053,30.756653168955946],[104.1369712686384,30.753685720138378],[104.13682643738896,30.75281900912199],[104.13668164590901,30.751921334059467],[104.1366093056741,30.751053722723807],[104.13657318859839,30.750340571029444],[104.13653708678022,30.74969039310785],[104.1362304323714,30.74915869623641],[104.13576153133599,30.746295553249254],[104.13776987812247,30.740361417496434],[104.14273560604695,30.743158920447208],[104.14798828315934,30.741287019234534]]]}},{"type":"Feature","properties":{"name":"大丰","district":"新都"},"geometry":{"type":"Polygon","coordinates":[[[104.0420993971734,30.78506937986004],[104.04249423730734,30.788455647026268],[104.03078253704221,30.789657812397966],[104.03260109349053,30.798264492443966],[104.01721497254599,30.810224300818245],[104.01287872622977,30.821134903727515],[104.00892035219807,30.82291501536077],[104.00350224612559,30.825570316754625],[104.00418813318342,30.82588802417741],[104.00510474140417,30.82642806676941],[104.00510399406046,30.827451299582833],[104.00505008909137,30.828551480107645],[104.00524663505003,30.82938504818636],[104.00602013830986,30.829818811269323],[104.00740445600943,30.830132823394784],[104.00868186523718,30.83021707527649],[104.00931160500876,30.830204944749998],[104.00988652463472,30.829899134540188],[104.01044498440851,30.82889722548424],[104.01089751695174,30.826223647221397],[104.01215717604786,30.824325178751543],[104.01352492896511,30.823804008324554],[104.01491285354481,30.824464117005327],[104.01528590476103,30.824903067316203],[104.01545166178093,30.825484661683213],[104.01537124914576,30.82598173021671],[104.0151541780638,30.827198706248563],[104.01517593314246,30.827550043730568],[104.01530196041223,30.82766069168809],[104.01570206447937,30.827974289684327],[104.01716310771616,30.828096565530043],[104.01789584622867,30.827777291286214],[104.01832755421589,30.82718947934184],[104.02064757066364,30.825820043077286],[104.02309134335752,30.826541253289736],[104.02349670832785,30.82449012609265],[104.02144803161124,30.82388620842949],[104.02155129779105,30.82347794810183],[104.02176356960129,30.823072061883522],[104.02227084394676,30.82268085661486],[104.02277899785418,30.822425697871275],[104.02427858389456,30.822796737748853],[104.02564299234498,30.822930123827355],[104.02615071645434,30.822930938932302],[104.02659051200689,30.822805822043588],[104.02783395883314,30.822044418460813],[104.03144147156989,30.819872326009925],[104.03343313670283,30.819083929730976],[104.03530196459656,30.81897306230435],[104.03664536299479,30.819219656365455],[104.03792641288084,30.819789774035083],[104.03908061884442,30.82011365209975],[104.04041493547453,30.82033677730826],[104.04266126169166,30.8205489666206],[104.0438590504329,30.8209777174606],[104.04678295160639,30.82227633736877],[104.04942833618838,30.822464452768333],[104.05206370247387,30.822501774453453],[104.05300135514537,30.822324996708335],[104.05401968700278,30.821622996753874],[104.0563063662791,30.820184812416837],[104.05875710040442,30.81944402720745],[104.05959980787856,30.819025487216365],[104.06148386740541,30.820405577950048],[104.06233960058489,30.821656929281886],[104.06637301994566,30.821445778129196],[104.06915790856036,30.821364131475594],[104.07583650180831,30.820827058334824],[104.07702893327516,30.820727562615016],[104.07769043074894,30.82059654360171],[104.07836896427017,30.820365637327043],[104.07952223449055,30.82005458238627],[104.08046973365016,30.81977940845452],[104.079148375363,30.8163771741768],[104.07851400247766,30.814478143715412],[104.07812120394362,30.81317974308346],[104.07729964657638,30.811308815187044],[104.07604972049998,30.809021082497797],[104.07545108957372,30.808022591876156],[104.07445057428778,30.807031787626965],[104.07334278648224,30.80532605438384],[104.06561901261213,30.801399981757253],[104.06031780474555,30.800826458449123],[104.0556581592983,30.787041749163013],[104.05825558164054,30.78376201949306],[104.05938829363525,30.782769132907077],[104.06325122709396,30.782144501411118],[104.0681948112639,30.78135481759523],[104.06835720333356,30.778681941837615],[104.06834199740477,30.77620033269525],[104.06840704792403,30.774494763355456],[104.06838823963963,30.773420763027485],[104.06842303450146,30.772254610273453],[104.06840029977725,30.771164570291955],[104.06843028160358,30.770106331612894],[104.06919759018906,30.76912928661729],[104.07005832978486,30.768079666985017],[104.06968210306562,30.767147257875937],[104.06790685101126,30.76755114920314],[104.06710267929607,30.766895145020488],[104.06684423187299,30.766670299553958],[104.06703538121215,30.765715511260822],[104.06770748237517,30.762972673603965],[104.06820244931785,30.761153882837196],[104.06836743039281,30.76128434141877],[104.07003751971202,30.763136013877705],[104.07255643980335,30.766123778310877],[104.07297115158428,30.76482734440975],[104.07328280334904,30.763971226102207],[104.07566290125497,30.764032408099165],[104.07734664233296,30.764152503342153],[104.07796381978115,30.765010421703906],[104.07851843022996,30.76588237733129],[104.07947144831155,30.76725107555206],[104.08211548296546,30.768256190960408],[104.08524835946346,30.770256057373206],[104.08682392467219,30.770207786647195],[104.08714438673556,30.767511705386177],[104.09191163576013,30.767572478928994],[104.09273699927391,30.768010144509365],[104.09392072356792,30.767362664794234],[104.09208931395322,30.764812532111787],[104.09273425773706,30.7632951936242],[104.09700569794721,30.761784120539005],[104.0982635465926,30.76246634038461],[104.09855066165746,30.761535536873993],[104.09865816443612,30.760697917528617],[104.08511021287627,30.754595207683845],[104.07844299027575,30.751759342954703],[104.07504381043151,30.75024776532271],[104.07338768947484,30.749483256341332],[104.07190586393116,30.74877171887228],[104.06926818337277,30.746428259156836],[104.06540914856225,30.744477938707067],[104.06398269368867,30.74465673165934],[104.0626598709236,30.74556569622332],[104.06037426298997,30.74744131430823],[104.05925929381966,30.748278740018566],[104.05833501514337,30.749360004031125],[104.05747334165035,30.75043045287188],[104.05705528080031,30.7508583468981],[104.05664747625889,30.75114589076957],[104.05383067802809,30.752900998573786],[104.05233947071602,30.75382851662911],[104.04828770820554,30.7545470257496],[104.04662517600613,30.75589436439404],[104.04503378690133,30.756701480863146],[104.04343795890013,30.75753369826775],[104.03766481289823,30.76073830760962],[104.03466051279108,30.762416821019656],[104.03305637766134,30.763267719050088],[104.03136794346214,30.76425922222404],[104.02916552526584,30.77217446731843],[104.02818602302166,30.776143357109348],[104.0275955296208,30.77827417490381],[104.0272648457459,30.77938257476673],[104.02689346957365,30.7807944577683],[104.0345564144872,30.779028725309974],[104.0382644870438,30.778068980804964],[104.04126252746487,30.77737360370539],[104.04152022464903,30.778275908918626],[104.04180958991574,30.78144004187599],[104.0419544861077,30.783239213383396],[104.04191769805608,30.784368695045337],[104.0420993971734,30.78506937986004]]]}},{"type":"Feature","properties":{"name":"龙潭寺","district":"新都"},"geometry":{"type":"Polygon","coordinates":[[[104.14360354748533,30.712450809366885],[104.14302600398008,30.712161477160954],[104.14056880089316,30.712915393184524],[104.13767846896084,30.713570106944534],[104.13550932122028,30.71440466486878],[104.13539846749487,30.71665541463165],[104.13875507479516,30.720893162790322],[104.14113684376977,30.722758504702142],[104.14391619402532,30.724188797458982],[104.14738050262022,30.725278751430945],[104.1511652068165,30.72671717445649],[104.15458752753946,30.728508218811363],[104.15649399243178,30.73055574471513],[104.15800461811368,30.733039178031056],[104.15893721759205,30.73654603205117],[104.16289457776594,30.734998623712663],[104.16184440428995,30.72402774942161],[104.1620788967949,30.723734279293968],[104.16947639426526,30.72744217564872],[104.16502012033071,30.729631930146347],[104.17377804003682,30.732212803933894],[104.17781310929358,30.730769252820938],[104.1785916491185,30.723477497737868],[104.17887852524815,30.722923662853766],[104.18502035432523,30.726830905218915],[104.1908517181942,30.71693202889974],[104.18663068378537,30.71071316755149],[104.18663100467518,30.710340435380388],[104.19778730178102,30.71312551118772],[104.19954545899772,30.711352635991197],[104.2046587839896,30.706425136717055],[104.20971231803195,30.714944615069392],[104.2233386248936,30.715902314431837],[104.22636679609658,30.712845660330704],[104.22215512406184,30.710663349291035],[104.22060908008024,30.708727311250232],[104.24322805946554,30.70228102436867],[104.24373484771787,30.69890604122808],[104.24384285659212,30.697306220169885],[104.24357289372784,30.69636399645943],[104.24304969775707,30.695689581546624],[104.24052378934098,30.693385441252985],[104.23898996916024,30.69450937404817],[104.23775360866702,30.69498456582757],[104.23442483403979,30.696013308279355],[104.22941331778597,30.692900583525418],[104.23244166198735,30.689889991788977],[104.22493650000222,30.689208025459944],[104.22789067279385,30.68580503478659],[104.22124532191242,30.686397050705743],[104.2188884610969,30.68487832697152],[104.21627943963976,30.683199191055007],[104.21484135411202,30.68229441564913],[104.21153656197274,30.684839447707883],[104.20581122446713,30.685395828230043],[104.19627455241677,30.68603940960629],[104.18982198641831,30.67791800979292],[104.17928698035652,30.674935329685585],[104.16859571033363,30.671493617398706],[104.16242036726803,30.6788320759914],[104.16162993883806,30.679138579991086],[104.16097472660807,30.678966044480227],[104.15983472611154,30.692106841937584],[104.1594023294524,30.696946887743724],[104.15896852949922,30.702097530705316],[104.1575264839121,30.704762430015386],[104.15532903243125,30.707258010782507],[104.15327310612909,30.709168785835615],[104.15139832371266,30.710352960101638],[104.14728585807804,30.71161398502735],[104.1432058858501,30.71215975748538],[104.14360354748533,30.712450809366885]]]}},{"type":"Feature","properties":{"name":"毗河","district":"新都"},"geometry":{"type":"Polygon","coordinates":[[[104.11907075355563,30.782000501182452],[104.12298293156829,30.79279997939273],[104.12826709475712,30.804751872238107],[104.1397591617801,30.802176398984486],[104.1409163666809,30.804829366793836],[104.14113422535567,30.807555799664275],[104.14192858876399,30.809345573479504],[104.15568834563275,30.805799310833564],[104.15921677255142,30.811191619631668],[104.16991753352836,30.808281462935586],[104.18827929789987,30.80326675935022],[104.19322107483926,30.80143270840095],[104.1882032003277,30.795824052565568],[104.183540958744,30.78904069834076],[104.17909097594705,30.78232631102595],[104.17571433454916,30.775449127628306],[104.17282207735659,30.768645300730807],[104.16750507593139,30.76026910539795],[104.1668762350115,30.75995209392233],[104.15673774457053,30.765791374369453],[104.14809094510515,30.76959833739816],[104.11907075355563,30.782000501182452]]]}},{"type":"Feature","properties":{"name":"新都城区","district":"新都"},"geometry":{"type":"Polygon","coordinates":[[[104.15518520458524,30.80598525769032],[104.15612151200213,30.80651214125325],[104.15928987709967,30.811509687357322],[104.16788124765891,30.808871803364124],[104.1698556117299,30.808381691120356],[104.17588276999165,30.806634251694724],[104.17885768778831,30.805860017935498],[104.18505564336527,30.804107920029164],[104.19071531823171,30.802505038146112],[104.19357988327617,30.801222002983877],[104.19976420327237,30.807554031606053],[104.20256040200412,30.811374048952644],[104.20478370947873,30.81642365541161],[104.20628749812168,30.82338174575217],[104.2076480525404,30.82872541568781],[104.21151493720716,30.839476302994193],[104.21495560496234,30.84835241051271],[104.21516136125173,30.858884600406995],[104.21582437727815,30.866208707032005],[104.20333501730858,30.856694851241137],[104.1894271322587,30.86204867403308],[104.1740871378907,30.867734688481228],[104.17564516585055,30.877287138488587],[104.17941875830117,30.911185832574198],[104.16703027566801,30.909061885079776],[104.14894376912278,30.921384295589956],[104.0872718124421,30.83670437486621],[104.09563759895137,30.878153930311537],[104.11523300312014,30.890427620019228],[104.14618766414218,30.922236444104435],[104.09451561552785,30.913589045225923],[104.06875976876177,30.921245611796532],[104.06518642286748,30.946080736092515],[104.05074830034772,30.960382618604676],[104.02359963387511,30.94968954822451],[103.97196652003916,30.92882845742867],[103.96846143214562,30.924048346111654],[103.96053186335645,30.919279191313922],[103.94898789576615,30.91674780820152],[103.93755605191585,30.90073154429844],[103.99905456445961,30.887389754042314],[103.99999804735992,30.88545254834385],[104.0019072725272,30.882760527237725],[103.9978435454834,30.883391474095795],[103.99924503935947,30.880129250584805],[104.0026877505027,30.879485327276527],[104.00648591661053,30.873224887864342],[104.00422071940152,30.869721460487828],[104.00700955298923,30.864448246470346],[104.01048347391496,30.860912840779434],[104.01546188365434,30.86665924097138],[104.01861005867657,30.864358420086806],[104.03334001331247,30.860375568021166],[104.0678288769366,30.828331845365337],[104.08104603527865,30.81973730088812],[104.07733034288884,30.8092762588309],[104.07999917523934,30.807515211997625],[104.08228864812321,30.810626526787736],[104.08687027664202,30.808495074108183],[104.08801620138202,30.806643907860014],[104.09016418213542,30.8043122326998],[104.0923853036157,30.79923815538165],[104.08973130222918,30.796423459235267],[104.09769826025124,30.79837986710922],[104.10143391737802,30.793784921855423],[104.119172916925,30.79261821364736],[104.12870170067787,30.8047453607773],[104.13974199794485,30.802021655574002],[104.14176673101497,30.809068384796905],[104.15518520458524,30.80598525769032]]]}},{"type":"Feature","properties":{"name":"籍田","district":"天府新区南区"},"geometry":{"type":"Polygon","coordinates":[[[103.98904435853935,30.331107793142678],[104.06863842647981,30.318202601962312],[104.07048950447707,30.351639434394652],[104.0853685047549,30.341861145981614],[104.1258297986504,30.34414461187108],[104.16608057241446,30.349383268976997],[104.18115141587216,30.345976280535663],[104.16248336057218,30.30946202651509],[104.14949403891599,30.274401919737716],[104.12262232077781,30.260381433127286],[104.07018869028992,30.252737388516916],[104.05318785423457,30.258368544575433],[104.02567770260508,30.26724970727544],[104.00022149091654,30.28278942666142],[103.98745841632193,30.31541480491446],[103.98904435853935,30.331107793142678]]]}},{"type":"Feature","properties":{"name":"青白江","district":"青白江"},"geometry":{"type":"Polygon","coordinates":[[[104.1512887437801,30.923554897254835],[104.16711272209878,30.910123535177277],[104.18107660530485,30.912488252725463],[104.1758800122529,30.86862859505465],[104.20314047869994,30.85817230224239],[104.21567987158656,30.86831472896829],[104.25247318102313,30.84430205746492],[104.23242851508857,30.81867203781522],[104.28395872316358,30.751147133160206],[104.3039737234531,30.73621785595813],[104.36887185747402,30.69048732392587],[104.36951301569808,30.690036158861346],[104.41764000797652,30.65505329411246],[104.46794239796041,30.77877802547213],[104.45864068792875,30.782512319961654],[104.44946275069503,30.775750753516274],[104.43941617193202,30.783205653903746],[104.43334385069923,30.777448114435483],[104.42033079141146,30.782144371658166],[104.41816844763727,30.795403121944993],[104.40822126761427,30.790297624857303],[104.39505634448848,30.80714683981569],[104.36555672090724,30.82544871165064],[104.36973477310967,30.832645489122676],[104.36461948758766,30.839700183827087],[104.3588665384538,30.840945563770905],[104.35480040576297,30.835813248526602],[104.34998485959306,30.835628892505895],[104.3492951326667,30.84140129659654],[104.35434993622634,30.845631254795688],[104.37561089123483,30.85044082627025],[104.37652130053961,30.858709485810074],[104.38739333959937,30.86960957698375],[104.38581017349111,30.869345540766023],[104.38152647619845,30.86871296700487],[104.38066183051964,30.871032057840374],[104.38249823218358,30.874059830503626],[104.38298903369241,30.876233967808872],[104.38267887853326,30.87796084016395],[104.38185089373093,30.878528685861003],[104.38023014113043,30.877682559409443],[104.37914982615932,30.878472022570993],[104.37778126946617,30.879390286842682],[104.37814264345299,30.882265943700475],[104.3802333443556,30.885241280313007],[104.38277278143018,30.88748938832841],[104.40038475724049,30.914567597687604],[104.38819912079643,30.92345705542559],[104.35119331116567,30.95071061979192],[104.28163298691639,30.938112445958435],[104.27597241023928,30.94505588103687],[104.27158812559188,30.948973865896917],[104.2725551180616,30.952557825058502],[104.26977848974055,30.961826523627984],[104.26272050842317,30.96638201148217],[104.2501705705947,30.968422627870613],[104.23980115608013,30.93872756970382],[104.22925742900743,30.945756411088254],[104.19822564077683,30.950133367104353],[104.17100151695213,30.94237811412782],[104.13955890104467,30.93669827811642],[104.13516676109732,30.921860303318358],[104.14999076700721,30.92382336716091],[104.15031536150916,30.923930293883974],[104.15067601255937,30.924099086126816],[104.15094634395061,30.923850314383692],[104.1512887437801,30.923554897254835]]]}},{"type":"Feature","properties":{"name":"都江堰城区","district":"都江堰"},"geometry":{"type":"Polygon","coordinates":[[[103.52719152263353,31.085731479371017],[103.55523564861335,31.145049999117813],[103.58171491387428,31.200765569580387],[103.56750672946605,31.33804960054684],[103.67647523407935,31.37454803759535],[103.71567113194169,31.294641985708626],[103.6953595827906,31.232885582198033],[103.69654056824254,31.18154173912467],[103.7173619418836,31.130433819274888],[103.74634633830921,31.080117302092976],[103.71396132647104,31.06759786208295],[103.73339909625548,31.00914691458807],[103.77811601053246,30.959010234169185],[103.7639613110291,30.952102492688496],[103.76722102165618,30.92630065109024],[103.7586936099742,30.917634356726033],[103.75319820953862,30.90345749782421],[103.74682154284942,30.904494873714636],[103.74537692948277,30.900230174830472],[103.75416266359777,30.893641725912644],[103.75975089733508,30.887711994757364],[103.74864041211494,30.8831665794471],[103.73340038612601,30.88178878706217],[103.72644892200157,30.867808521783434],[103.71479525073686,30.866373621687025],[103.68637328138449,30.888637731482095],[103.6799301130383,30.889673873996994],[103.67806990516472,30.89302160629994],[103.67456229624835,30.899724202352015],[103.66516365478543,30.912009081086413],[103.65696766957086,30.921045711614177],[103.64710163230346,30.929268477900695],[103.63283445110797,30.9486878313171],[103.61915941416356,30.96667722191874],[103.61341181939662,30.97564572829129],[103.61054025602846,30.981202117537254],[103.61032409149524,30.984480537849368],[103.60817281334914,30.991149090336258],[103.60595702620859,31.007157024091313],[103.58593999365577,31.021227489799994],[103.5799290435766,31.02063388613382],[103.57620913896746,31.024043431295205],[103.57105932393992,31.035114030146694],[103.54514833202677,31.033338099940735],[103.53502411815985,31.031852692895132],[103.52604420138839,31.028259903291794],[103.51613847000404,31.052132415444802],[103.513171471953,31.05883871968287],[103.52719152263353,31.085731479371017]]]}},{"type":"Feature","properties":{"name":"都江堰万达","district":"都江堰"},"geometry":{"type":"Polygon","coordinates":[[[103.53565521648056,31.029245527430383],[103.5354036395665,31.03172396618427],[103.55308572391829,31.033312386440382],[103.57027021835563,31.034130598652133],[103.57585098210419,31.023683492927304],[103.57964237018672,31.019778675294035],[103.58608303229583,31.020935959841786],[103.60516885927808,31.00691670134263],[103.60989445999664,30.9823895198311],[103.61865877553625,30.96496163562435],[103.62995432468358,30.95170861920855],[103.63046072451074,30.948236848239432],[103.62528327823877,30.947048134543238],[103.61293365864846,30.951527761754356],[103.60669689539151,30.955450513190247],[103.60003665816988,30.958844020304248],[103.59635106710395,30.960556231669088],[103.59506127342496,30.963444366665165],[103.59462848463009,30.966222339550697],[103.59340387642567,30.976474719527044],[103.59433093229342,30.979706733678125],[103.59482956752746,30.98286909705401],[103.59393515971091,30.984449128557312],[103.59397025108107,30.986197483170933],[103.59445160034119,30.991494616786355],[103.59144792242239,30.998130260937636],[103.56796998056834,31.009543707614757],[103.54638262186593,31.020413283521197],[103.53901519886021,31.02567965935377],[103.5367024359397,31.027160247301126],[103.53565521648056,31.029245527430383]]]}},{"type":"Feature","properties":{"name":"街子古镇","district":"都江堰"},"geometry":{"type":"Polygon","coordinates":[[[103.53633130027103,30.835784648834274],[103.54335365053139,30.826228629137194],[103.60782386669919,30.8095443391428],[103.60954323834895,30.809184625027747],[103.61097689082368,30.8085102024624],[103.60476008304444,30.799284343565127],[103.5990264188976,30.787803695804335],[103.5918668935386,30.77938414424024],[103.57668789725098,30.767104901311964],[103.56718389492748,30.748566890205907],[103.49183662558372,30.796722194458603],[103.53633130027103,30.835784648834274]]]}},{"type":"Feature","properties":{"name":"青城山","district":"都江堰"},"geometry":{"type":"Polygon","coordinates":[[[103.47341865688972,30.922816473764296],[103.48262123575837,30.90932014360281],[103.54589917507859,30.82848478688911],[103.7157618474488,30.780134480717667],[103.68931898645224,30.867559622399938],[103.68460179599256,30.887111297272504],[103.67844414102125,30.89082169417318],[103.65712958791282,30.920330354960594],[103.64553477320885,30.930596783204305],[103.63267357229624,30.94822626166086],[103.62871695154446,30.947033359777738],[103.62415232637728,30.946915970392887],[103.6124858611416,30.951418207544144],[103.60284728312432,30.957051748233905],[103.59599383988592,30.96050397427852],[103.59568829967569,30.961474563643186],[103.59502646653658,30.962469674907496],[103.59400033986348,30.969398888912984],[103.59344281568548,30.97282427888804],[103.59313542659025,30.9761916932725],[103.59450818368033,30.98278720818652],[103.5937379970937,30.984739838914575],[103.593737159417,30.98685839349352],[103.59395150547631,30.98890442774914],[103.59420083552126,30.991460748421957],[103.59234195579167,30.994741474720538],[103.5900716214602,30.997611961943786],[103.55703063998025,31.01419071742507],[103.54556976223178,31.020543295521346],[103.53480263070738,31.02740071960271],[103.52814230928747,31.02649912943419],[103.49987385085116,30.973842264429095],[103.45795692485501,30.93811403035817],[103.47341865688972,30.922816473764296]]]}},{"type":"Feature","properties":{"name":"彭州","district":"彭州"},"geometry":{"type":"Polygon","coordinates":[[[103.77970683802268,30.95932588972443],[103.81215088039279,30.950590603892927],[103.82513322810142,30.937938252424154],[103.82921040956931,30.928525939377746],[103.83512644487428,30.926438198843698],[103.84596957491001,30.93899065008765],[103.87633609113426,30.93424646731851],[103.91159331176517,30.92498824679395],[103.9322081432073,30.904022229587767],[103.94014440244224,30.907179379730355],[103.94796802150472,30.918569239630255],[103.96104983043458,30.920585478563254],[103.9692930031632,30.930216255130507],[104.05095858446177,30.962411506937777],[104.06664651358852,30.94682555619004],[104.07041179696819,30.922304386904433],[104.09566773822094,30.916466416228587],[104.13392022773381,30.921792941159197],[104.13865866463377,30.93762182432252],[104.13855292566487,30.96115597016762],[104.1621149229759,30.981721104498128],[104.16547546067686,31.001901517879872],[104.15397231414059,31.020332991851117],[104.09174128147754,31.047710832660034],[104.07267297350744,31.090709780368066],[104.01567097891547,31.146704132917254],[103.96780001988832,31.19220560847586],[103.90912157998127,31.287981120876278],[103.9012107307309,31.412480026356228],[103.79796790260426,31.43589957020067],[103.67806844928225,31.375460407558396],[103.71809780037701,31.294897478004735],[103.69756751439692,31.231487405305746],[103.69955469406096,31.181935890614238],[103.71751371045693,31.135607362561885],[103.74977794654872,31.078509324986058],[103.71536713283727,31.065392124838155],[103.73594673080655,31.011161916067497],[103.77970683802268,30.95932588972443],[103.77970683802268,30.95932588972443]]]}},{"type":"Feature","properties":{"name":"城北片区","district":"简阳"},"geometry":{"type":"Polygon","coordinates":[[[104.52956594047781,30.407369490201365],[104.53172130154825,30.40904830909138],[104.53803189545393,30.40503384629575],[104.54295851943033,30.402130487055356],[104.54718490843426,30.40080641174202],[104.54164856353324,30.396469361527803],[104.54059124252984,30.39489278364898],[104.54012542603324,30.394386676384375],[104.53912195363601,30.394618237647478],[104.53715051730747,30.39536398287952],[104.53593114267329,30.39655912577897],[104.53532145185875,30.397483424728122],[104.53395892616899,30.398303576387146],[104.53135716623277,30.39801782155487],[104.52758593301147,30.396321324892845],[104.52693984853467,30.39989613128874],[104.53379902284401,30.403221859113195],[104.52956594047781,30.407369490201365]]]}},{"type":"Feature","properties":{"name":"城东片区","district":"简阳"},"geometry":{"type":"Polygon","coordinates":[[[104.55199627554077,30.38916024230904],[104.55131614188895,30.39123455961669],[104.55136884684659,30.392450277135644],[104.5486658293986,30.395437379380116],[104.54467223945895,30.39893010605852],[104.5477530475492,30.4007619335312],[104.55115545927475,30.39973443153655],[104.55795993073862,30.39044504855641],[104.55199627554077,30.38916024230904]]]}},{"type":"Feature","properties":{"name":"城南片区","district":"简阳"},"geometry":{"type":"Polygon","coordinates":[[[104.54729149168372,30.390452846750733],[104.55006618192093,30.392216642983705],[104.55067514552522,30.392476700914735],[104.5511944060589,30.392782064255844],[104.5513738384751,30.39233338891052],[104.55137396144814,30.39115062069019],[104.55203712715165,30.3892159612474],[104.55726606921677,30.390317042615692],[104.55807235200353,30.387480506282742],[104.55805441640715,30.387449232882474],[104.55904155536427,30.382838778461256],[104.55893572067151,30.38138963100405],[104.5587929604374,30.380125872040416],[104.55815258325117,30.37413616728287],[104.55965904070312,30.372103969060685],[104.55708117263863,30.370568569269178],[104.55478670312012,30.37233665956405],[104.5529960238138,30.37286631007807],[104.55156176785033,30.37508284198474],[104.55091566585496,30.376566596632426],[104.54697640937434,30.375497523793022],[104.54167420752135,30.37564927836165],[104.53823369864783,30.375901217092853],[104.53737246483479,30.37607377909458],[104.53729984380516,30.378376740046146],[104.53815984680965,30.378516018613762],[104.53973606094628,30.379975490935824],[104.54116836725802,30.381495191979347],[104.54317419772822,30.382404052289136],[104.54403460738693,30.382481761436228],[104.54432109963561,30.381864216667925],[104.54503783091286,30.382002374723616],[104.54546735251417,30.38225922698955],[104.54518082970156,30.383000704482104],[104.54496533092086,30.383308634050728],[104.54611136877173,30.384077591936798],[104.54661262502046,30.384397783318867],[104.54754362826266,30.38441502505441],[104.54783069610986,30.384420337494912],[104.54861794984076,30.38480877685997],[104.5491907386426,30.38556712109556],[104.54919034626778,30.386563846567707],[104.54854491765357,30.38823353112268],[104.54689681775073,30.39013360338472],[104.54729149168372,30.390452846750733]]]}},{"type":"Feature","properties":{"name":"城西片区","district":"简阳"},"geometry":{"type":"Polygon","coordinates":[[[104.54073489826496,30.39531625835211],[104.54664656999783,30.390409908511554],[104.54714804480093,30.389951296839012],[104.54865260936826,30.388079555771064],[104.5490548009853,30.38653935796375],[104.54901935854627,30.3854330030116],[104.54814251558555,30.38477900273482],[104.5476591899143,30.38455212521636],[104.54664846617266,30.38449242011629],[104.54607536258092,30.384325853169862],[104.54546641248578,30.384033672145662],[104.54496520244477,30.383557557134754],[104.54504526893788,30.382962213887325],[104.54514510996461,30.382689140452488],[104.54531370222485,30.38248431740215],[104.5452420308826,30.3822960521878],[104.54483046505696,30.38200754838832],[104.5443649149929,30.38195299404505],[104.54389896563413,30.382567247553546],[104.54348722719784,30.382496734645205],[104.5430216378296,30.382411272486383],[104.54103269916153,30.381549762792197],[104.54062114818994,30.38096666585099],[104.54004800605931,30.380379792826556],[104.53929637892506,30.379634995143572],[104.53881284984436,30.379190852496517],[104.5379881963377,30.37856911672558],[104.53723592834548,30.378447662109004],[104.53721842498221,30.37782459629341],[104.5371831674462,30.376952333764027],[104.53604526702453,30.377203821128877],[104.53528834282318,30.382144213764782],[104.53672117073081,30.387710450483695],[104.53833389232972,30.391474354677573],[104.54073489826496,30.39531625835211]]]}},{"type":"Feature","properties":{"name":"城中片区","district":"简阳"},"geometry":{"type":"Polygon","coordinates":[[[104.54704932598818,30.39014442642662],[104.54984293175363,30.392080582619972],[104.55061235843544,30.392405571780998],[104.55118543937255,30.392711914706695],[104.54953788691667,30.394410584837583],[104.54719280291769,30.396764959613275],[104.54638649441792,30.397341953970937],[104.54601075965252,30.39769295687415],[104.54558120223588,30.398089966747484],[104.54447982142929,30.39890356699522],[104.54245541545784,30.397184795903286],[104.54091440945257,30.395210451049003],[104.54704932598818,30.39014442642662]]]}},{"type":"Feature","properties":{"name":"东部新区","district":"简阳"},"geometry":{"type":"Polygon","coordinates":[[[104.24249967381913,30.32970667140789],[104.28625050104745,30.33829021953908],[104.31479798319211,30.35907861778748],[104.3923565781797,30.420339982284798],[104.4333344666434,30.394850332150977],[104.48491619885212,30.37921864095997],[104.53401577486268,30.327025460692525],[104.57987451198329,30.276227356471853],[104.6064250982372,30.217302141515848],[104.4911615369053,30.222896610238923],[104.4898362896336,30.174091126738617],[104.46611069098914,30.17359416337909],[104.45271413270063,30.179830720041],[104.44568795118197,30.22746171896391],[104.25259149065607,30.240232875502226],[104.23829092919371,30.25018862389375],[104.24146255558546,30.29305497144594],[104.24176617923537,30.30851837384127],[104.24639612112118,30.323161719132134],[104.24249967381913,30.32970667140789]]]}},{"type":"Feature","properties":{"name":"东溪片区","district":"简阳"},"geometry":{"type":"Polygon","coordinates":[[[104.55291413263747,30.397843097931442],[104.56176409885543,30.403340370161615],[104.56914825324893,30.392925788202923],[104.59879248638752,30.40332297870692],[104.60730761971217,30.37428458396051],[104.58296058895137,30.366296122913198],[104.57237667555249,30.366231825804576],[104.56347848498396,30.36851784544841],[104.55930119124416,30.371973670673984],[104.55822195639858,30.377003154086044],[104.55900445967431,30.385236503397337],[104.55706842177689,30.39221347512076],[104.55291413263747,30.397843097931442]]]}},{"type":"Feature","properties":{"name":"高铁新区","district":"简阳"},"geometry":{"type":"Polygon","coordinates":[[[104.52255064547047,30.36614392669982],[104.52485186285938,30.366972587319577],[104.52621597753972,30.36841760596898],[104.52700488732503,30.3706676089528],[104.52750550528066,30.37322684747691],[104.52757683742519,30.373975317354805],[104.52944347512944,30.374868361340315],[104.53037785869618,30.374879965340767],[104.5331774860468,30.374170343663657],[104.53511512021127,30.374573201675748],[104.53690688673649,30.37553633846263],[104.53769608968011,30.37567429598389],[104.53905788221232,30.37575928961048],[104.54486303949072,30.375489427534244],[104.55166704980306,30.376736113775586],[104.55324505030244,30.374148192183913],[104.55417795474393,30.37310488264982],[104.55776157232181,30.37110923256372],[104.55933723461717,30.37181827637904],[104.56113126030907,30.36873062832197],[104.66432532967116,30.33527776113968],[104.64818684648641,30.312398501225516],[104.63644272346708,30.30613434155067],[104.61759807909017,30.290971493020226],[104.56921167335717,30.28803887417796],[104.52343657503825,30.341011500282736],[104.5044934050513,30.35802329824977],[104.52255064547047,30.36614392669982]]]}},{"type":"Feature","properties":{"name":"河东新区","district":"简阳"},"geometry":{"type":"Polygon","coordinates":[[[104.5608757942671,30.39864839017083],[104.55593103702859,30.395956205143634],[104.55266296773353,30.397869646360178],[104.54034305103366,30.402752650113975],[104.53049186798428,30.40960009832821],[104.52446284875134,30.417260073710896],[104.522168428744,30.425464469029418],[104.52533886950444,30.431717752337246],[104.53195171801057,30.43577883978454],[104.54256620413561,30.436948497513278],[104.5608757942671,30.39864839017083]]]}},{"type":"Feature","properties":{"name":"石桥片区","district":"简阳"},"geometry":{"type":"Polygon","coordinates":[[[104.4731609491731,30.39639358464565],[104.52115959573042,30.40311413617036],[104.5313708640689,30.409318593516158],[104.52664331437646,30.413457054880006],[104.52380675430943,30.41769874231231],[104.52208667586191,30.424786881440962],[104.52439569121294,30.432153525245667],[104.52770472623631,30.43480047552244],[104.52842600076217,30.439914400078877],[104.44284240904001,30.571066749362654],[104.42220845599226,30.587630792773886],[104.38317581381537,30.584496951345823],[104.29614712202813,30.458953201155417],[104.39368795937628,30.421319733057402],[104.43316416764782,30.3959382568114],[104.45959035774742,30.392843807969058],[104.46564772201252,30.393205898224636],[104.4731609491731,30.39639358464565]]]}},{"type":"Feature","properties":{"name":"大邑","district":"新津区"},"geometry":{"type":"Polygon","coordinates":[[[103.61554676111327,30.530567537917246],[103.61440569713679,30.537283222641392],[103.60571799493238,30.538752071028345],[103.6009345771908,30.531208305943625],[103.57775889784524,30.5343306999874],[103.56255053305324,30.532677731545974],[103.55392095380775,30.540376082433365],[103.5539264724831,30.546097913692364],[103.55393124245145,30.55132265215974],[103.55795072691788,30.605024691490872],[103.55879783060172,30.628631136007733],[103.55388426751185,30.655923068472873],[103.54416035594178,30.67404990876347],[103.53567200614741,30.691931293087972],[103.53140192955406,30.691427793845428],[103.48546177541522,30.7027804327756],[103.39779776920959,30.761351424760534],[103.37866785200167,30.777276507895735],[103.35978513699891,30.79317724015167],[103.3399519492052,30.825142932909884],[103.33466498150763,30.832020187391286],[103.32251964991191,30.82375914115258],[103.2192735345788,30.836639198972517],[103.21841517996525,30.836254240467728],[103.21755521820786,30.83636513259005],[103.16842930728025,30.848457726777937],[103.15035142432446,30.861936402800172],[103.13870841741928,30.926904839921875],[102.97806688092071,31.01873244820271],[102.91809021233222,30.951846231526627],[102.98432682881082,30.868493675416726],[103.01688254104886,30.827379223171533],[103.04976811890627,30.78516833356083],[103.03079225012074,30.71029375198868],[102.96094984338475,30.599895477756224],[103.02003626337866,30.594373083398064],[103.0778014694251,30.52101719856848],[103.20908698032025,30.505913235022568],[103.26180435969937,30.50600075691822],[103.29923898248235,30.517425253366802],[103.35564797697332,30.546609569991404],[103.38990703720238,30.552293997505313],[103.45918833456574,30.488909230482008],[103.4821504268175,30.482227294833553],[103.50433638177168,30.4730409801509],[103.553791936936,30.432109874845665],[103.59337231826751,30.4269334420076],[103.62793068754499,30.439674415523225],[103.6227594788311,30.45652160330109],[103.6521273861844,30.461088250765496],[103.68029998951818,30.445730468952185],[103.72904403471277,30.438778990762504],[103.75190340163523,30.453414872384048],[103.75002064564845,30.470360801260433],[103.76198211925792,30.486259267770965],[103.76008781837082,30.508804132506054],[103.74107814182989,30.540215900833758],[103.72803110438521,30.55225500251857],[103.65756866938227,30.531167511766835],[103.64056197494784,30.511682250817024],[103.63638503687746,30.512992903457945],[103.6327859716416,30.514908329416574],[103.629764564384,30.51718347434433],[103.62631305977534,30.52032654186266],[103.61554676111327,30.530567537917246]]]}},{"type":"Feature","properties":{"name":"花源","district":"新津区"},"geometry":{"type":"Polygon","coordinates":[[[103.82275332079448,30.51853517080128],[103.82583447672526,30.510316671137073],[103.8398836198186,30.50912897844641],[103.85575727307048,30.507788838314337],[103.8743554323429,30.504906406005418],[103.87832908024171,30.50205730805501],[103.88223190631491,30.499203431510704],[103.88721631366856,30.498691207436703],[103.89083406257429,30.492227661844495],[103.89134398784823,30.4876792388062],[103.90454878630065,30.486128648156413],[103.91153673696323,30.481653132134294],[103.92575039490873,30.47853829357579],[103.93712507643848,30.474535458867123],[103.94226803271843,30.47279785901339],[103.94726367815544,30.4712516832919],[103.9388512842916,30.454394235945163],[103.9236127586611,30.438384360408595],[103.90656885530151,30.41969113273465],[103.89431431106541,30.425577827506732],[103.88659196758712,30.431178711059342],[103.88009469507595,30.437068475356096],[103.87410592412489,30.449908728805376],[103.87208507723363,30.45291743967161],[103.86847731451175,30.455439103282743],[103.8606911161365,30.45933113307125],[103.85665941813416,30.46108647504299],[103.85291797717272,30.463420097168484],[103.8384856469205,30.4847081326796],[103.83591917276424,30.487916696439296],[103.83211736248245,30.490494401458914],[103.82491302185375,30.492945494071066],[103.81946278751866,30.495618954273684],[103.81662803253833,30.498216106786714],[103.81390005985989,30.50302774202477],[103.81012965757533,30.510070790563955],[103.82275332079448,30.51853517080128]]]}},{"type":"Feature","properties":{"name":"牧马山","district":"新津区"},"geometry":{"type":"Polygon","coordinates":[[[103.88307632503579,30.499186838148553],[103.88485699369232,30.50356869092501],[103.88890116485298,30.518931507528514],[103.89439876039626,30.533527454786732],[103.9155876420005,30.5437670677558],[103.9387936993456,30.55211375114219],[103.95449515495994,30.558053670463053],[103.96013137344688,30.557499429998497],[103.97512179901771,30.55334909384023],[103.97498201398848,30.551724300641908],[103.97368955266535,30.551740225699827],[103.97354983068577,30.550204234829607],[103.9751725158031,30.549769315366856],[103.97608565581037,30.549515350723283],[103.97646510114434,30.549401735256783],[103.97684562549841,30.54934298804283],[103.97720804295905,30.54905717035545],[103.9708644701899,30.537330735348082],[103.98758006205712,30.528823447727866],[103.98191000961583,30.52241567125497],[103.98047586118905,30.519737690221632],[103.97811055727568,30.516762528099303],[103.97596220606032,30.51264964848532],[103.9712409620083,30.50805504662711],[103.96438360545797,30.501548544798936],[103.9626506375503,30.497335662256692],[103.96132358655957,30.49471828748314],[103.95810992463804,30.49128518173463],[103.95725645637583,30.4887873683857],[103.95640190019017,30.48653710225357],[103.95554766307144,30.485033140411197],[103.95383783544142,30.48252213265774],[103.95282439996076,30.479585027912176],[103.95066934942041,30.47669361611185],[103.94871075066064,30.473741253017348],[103.94691798438207,30.471244575846963],[103.94363474986935,30.472504256420873],[103.9407791689536,30.473273584409842],[103.93820768963485,30.474484263363077],[103.93549264253902,30.475198080233675],[103.93377727609112,30.475490250621025],[103.93184626064856,30.476279682734724],[103.9298431177206,30.476759699275224],[103.92798210271238,30.477243335510487],[103.92540319797163,30.47847214318783],[103.92311024919931,30.478587037016588],[103.9209584331149,30.479452795426315],[103.9188057375198,30.479824578970078],[103.91578937385708,30.48057533815546],[103.91046815006239,30.481969041851766],[103.90455969878316,30.48612678374718],[103.90153185854459,30.4865351665106],[103.89561512135819,30.4872383466709],[103.89128263750892,30.48755332464711],[103.89086532227648,30.492114234237782],[103.88912862951142,30.495484734581915],[103.88735704780194,30.498685000152545],[103.88307632503579,30.499186838148553]]]}},{"type":"Feature","properties":{"name":"普兴","district":"新津区"},"geometry":{"type":"Polygon","coordinates":[[[103.87626211497907,30.44572992788627],[103.88015696064322,30.436991596742956],[103.88730433287824,30.430780521265493],[103.89509868348169,30.425365021141676],[103.91475656331747,30.415513038332254],[103.92443714757168,30.408104072147093],[103.92260620618435,30.403036525596992],[103.91987994912392,30.397550017649895],[103.91169414205335,30.380815060838522],[103.90602243862291,30.364789456707648],[103.88654311968234,30.36029671337748],[103.87911357339004,30.34866406933196],[103.86956554983809,30.36783273885531],[103.86176745070334,30.382573129599646],[103.85787591367443,30.389426269704604],[103.83561498904382,30.40315380123805],[103.83877074415032,30.40507395492228],[103.84975472029218,30.40919432663396],[103.85399673587696,30.41059331295437],[103.85982548947752,30.410481543470677],[103.86789973974726,30.413441898694668],[103.8672540621369,30.416467457883154],[103.86534459366494,30.418533533628676],[103.86473337941868,30.420311562632627],[103.86541998555863,30.421865464021117],[103.87176959390658,30.423811417861973],[103.8721671019601,30.42464858233991],[103.87169875085793,30.425338249231444],[103.87065328081233,30.42628207697031],[103.87036625529203,30.427499725319255],[103.87148743852305,30.430291685505015],[103.8719941624151,30.432092884201108],[103.87062491054405,30.43517288676201],[103.871998205662,30.437278003204778],[103.87322628459674,30.439911369579576],[103.87445559171653,30.44319864979957],[103.87626211497907,30.44572992788627]]]}},{"type":"Feature","properties":{"name":"邛崃","district":"新津区"},"geometry":{"type":"Polygon","coordinates":[[[102.82983755062149,30.464294494251202],[102.76429948133402,30.34671925775534],[102.73988332098556,30.25708870814161],[102.93465054525876,30.205822141219887],[103.20658398140473,30.28801670967982],[103.2218537970995,30.306379108071983],[103.41530637993266,30.341841829001464],[103.55787566754215,30.342725682509442],[103.65743645720876,30.33264510043494],[103.68158119275493,30.30510375143056],[103.69662248995989,30.288693148150223],[103.73781817717727,30.30780994718696],[103.76856243674959,30.34229044459041],[103.75457875828371,30.351904948092955],[103.75673096915563,30.35788531434624],[103.7649502722547,30.368048836499018],[103.74032386951707,30.39904388359001],[103.71627003799006,30.417900050561034],[103.7292426307633,30.437112598864218],[103.67911706132526,30.443795440137322],[103.65258766387996,30.45865775707872],[103.62526037746032,30.45503630801131],[103.63209954516329,30.438789568592032],[103.59402824964059,30.423858103231293],[103.552461360383,30.429464660154483],[103.50127276427645,30.47199098749829],[103.47930928165242,30.48129507320995],[103.45658103714482,30.48796966995714],[103.38953764748562,30.550382824051272],[103.35710593952886,30.54493076771867],[103.30082037661758,30.515807884445223],[103.26300271784395,30.504091075429816],[103.2084392827539,30.504016749656046],[103.07629178080457,30.519637338864246],[103.01824704522123,30.592677471129825],[102.95829274506886,30.598643979458718],[102.82983755062149,30.464294494251202],[102.82983755062149,30.464294494251202]]]}},{"type":"Feature","properties":{"name":"双流城区","district":"新津区"},"geometry":{"type":"Polygon","coordinates":[[[103.89623722802177,30.574411972391637],[103.88536715255728,30.577098034732323],[103.88565710116467,30.569043436253832],[103.88576474115891,30.565342724972297],[103.88655730799165,30.561630111446732],[103.88753043465384,30.55827235445148],[103.85670158657969,30.554486423591445],[103.8234307642765,30.547756446252595],[103.81811345574445,30.53435443993027],[103.82598802154713,30.510479405731555],[103.8552646922157,30.508009039490254],[103.87443880181397,30.5049404436378],[103.8821061743595,30.49931423710405],[103.88743805017798,30.516202153190513],[103.89090989910127,30.52672273980074],[103.8941646668121,30.533514995847366],[103.8970535204385,30.53583624938869],[103.91169447516292,30.54232894034338],[103.91643984039777,30.544424965879003],[103.92053210354076,30.545916101012647],[103.92633914135588,30.548035360698947],[103.92627911468566,30.547775031945957],[103.93711435944965,30.552186690742804],[103.92272400022019,30.562859852171826],[103.92060033320591,30.56435505253242],[103.91619574560171,30.5676915339212],[103.91327734052052,30.568992306954033],[103.91155146515742,30.569778214013144],[103.9092408955066,30.570679688109593],[103.90676546369554,30.571555513061217],[103.90546046555609,30.572019136227713],[103.89623722802177,30.574411972391637]]]}},{"type":"Feature","properties":{"name":"五津","district":"新津区"},"geometry":{"type":"Polygon","coordinates":[[[103.75492300392226,30.45247681478697],[103.75260682817323,30.46992985974351],[103.76436615204656,30.48527862336117],[103.79193812478151,30.49814367903581],[103.81020258896437,30.510040645569923],[103.81386523188257,30.50280934741105],[103.81659417048964,30.49812162875455],[103.81935693782354,30.495740132498607],[103.82491404811377,30.492913529073654],[103.83193987535577,30.490459254687867],[103.83566965599066,30.48803644050104],[103.83832568344047,30.485000456989784],[103.84385890537085,30.476308312078142],[103.849754059727,30.467348092569992],[103.85313506429543,30.463451312272536],[103.8583162077128,30.460263739521352],[103.86959666716864,30.454931517263297],[103.87208608042539,30.452948422441374],[103.8763806597133,30.445647466466998],[103.87439421484812,30.44299336279857],[103.87262261352005,30.438311714201504],[103.8706359179747,30.435123787081544],[103.8720052872836,30.432183779418633],[103.87149817626393,30.429946559099058],[103.87041347234401,30.427527313297812],[103.8705920583513,30.426311626838125],[103.87181825736099,30.425335088400278],[103.87214193131942,30.42458382719766],[103.8717806390067,30.423809310267483],[103.87015647659273,30.42335717020889],[103.86543107804103,30.421925414085585],[103.86474444037245,30.42034051609975],[103.86528336998778,30.418499831751703],[103.86719293009382,30.41655885895674],[103.86791088205763,30.41356382917895],[103.86401676895477,30.411840891155137],[103.85962103842901,30.410416578943487],[103.85389169375762,30.410632805095556],[103.83880858347786,30.40492754630339],[103.83579636274911,30.402760870438737],[103.8582015162899,30.389092765518377],[103.87893515372859,30.349329263313727],[103.86543330579235,30.35581551875008],[103.85161259777162,30.35518043365909],[103.8415527506484,30.36205013464029],[103.80469377485005,30.35687542009708],[103.76850129454729,30.342530230785126],[103.75477411196806,30.351950943075092],[103.75664515659523,30.357534547524644],[103.7650100986646,30.367752898651666],[103.74091601136061,30.399030635044358],[103.71628420115509,30.41781250217184],[103.72874753178691,30.436629080350986],[103.75492300392226,30.45247681478697]]]}},{"type":"Feature","properties":{"name":"新津","district":"新津区"},"geometry":{"type":"Polygon","coordinates":[[[103.85440436468774,30.392242464749433],[103.85409913761285,30.392194076278987],[103.8539730242374,30.39247342219579],[103.85440436468774,30.392242464749433]]]}},{"type":"Feature","properties":{"name":"崇州城区","district":"崇州"},"geometry":{"type":"Polygon","coordinates":[[[103.62924998812085,30.62248652365108],[103.63457395053999,30.62440937428813],[103.63846114760379,30.62770568990986],[103.64175469763002,30.633102025879943],[103.64566393894052,30.638516737130306],[103.64838531305487,30.642800709672297],[103.65157539917004,30.646983651113736],[103.65674508436089,30.650668219419945],[103.66266679789788,30.65326641016971],[103.67258478197017,30.65490400909731],[103.67746376936748,30.65550451759086],[103.68233652639304,30.655627499145393],[103.69249425107071,30.655438736310426],[103.70249259984281,30.65531326207082],[103.7172048239126,30.65937897748971],[103.7220591993413,30.651983563554285],[103.7256308330503,30.643943861132],[103.72519919145759,30.636858180515308],[103.72663078131842,30.629166675630493],[103.7300713558182,30.62186121928636],[103.73179723058557,30.61453922588855],[103.73913134921575,30.60063468655365],[103.72536826269005,30.59666775353091],[103.71329488468395,30.58875342762913],[103.69945170698853,30.576992544534242],[103.69216553178161,30.572122790388004],[103.68580090484416,30.569404247845757],[103.67871143634684,30.567962112932648],[103.6679454399921,30.56590995268628],[103.65852194926185,30.56174358799911],[103.63769072130994,30.543194644005737],[103.63885834149217,30.562269797112634],[103.63922059384034,30.571713559606234],[103.63806597775128,30.581241951151434],[103.63644148002727,30.58813401480048],[103.63445935702858,30.591299558904872],[103.63370266387564,30.59295679733122],[103.63330436782464,30.59476390238713],[103.6325819074473,30.59822091812952],[103.63207465393454,30.60167590217015],[103.632627110432,30.606778442782655],[103.63096792590339,30.610835875571038],[103.63038885592962,30.614570020042354],[103.62924998812085,30.62248652365108]]]}},{"type":"Feature","properties":{"name":"街子古镇","district":"崇州"},"geometry":{"type":"Polygon","coordinates":[[[103.53633130027103,30.835784648834274],[103.54335365053139,30.826228629137194],[103.60782386669919,30.8095443391428],[103.60954323834895,30.809184625027747],[103.61097689082368,30.8085102024624],[103.60476008304444,30.799284343565127],[103.5990264188976,30.787803695804335],[103.5918668935386,30.77938414424024],[103.57668789725098,30.767104901311964],[103.56718389492748,30.748566890205907],[103.49183662558372,30.796722194458603],[103.53633130027103,30.835784648834274]]]}},{"type":"Feature","properties":{"name":"羊马","district":"崇州"},"geometry":{"type":"Polygon","coordinates":[[[103.7316500371615,30.618994842192464],[103.72820618225725,30.628914750035815],[103.72663023945434,30.633996595639594],[103.72648749995656,30.638964634014542],[103.7247749477377,30.649634747027843],[103.71934866583203,30.65926656729916],[103.72249659022368,30.66141477039376],[103.72707742008964,30.66282438662341],[103.73316979524067,30.66478418663698],[103.7383408311716,30.667460776465266],[103.74964072282935,30.67323818670469],[103.76320826782236,30.67523699945916],[103.77491610634478,30.679220694694035],[103.78429659335607,30.66879935096326],[103.78703379286873,30.66331023609409],[103.78702855555453,30.65784300451354],[103.79062512536056,30.64639139213438],[103.79350425034185,30.635572773540613],[103.80243229939114,30.62254273523026],[103.81149361737977,30.610201153630626],[103.79301527257313,30.60706163900658],[103.7756272183917,30.602682194674916],[103.7539615248227,30.601009156027693],[103.74675644950563,30.599962000395863],[103.7397058777329,30.600990396904564],[103.73510116804599,30.609936186546673],[103.7316500371615,30.618994842192464]]]}},{"type":"Feature","properties":{"name":"崇州","district":"大邑"},"geometry":{"type":"Polygon","coordinates":[[[103.17924470480817,30.720492675900136],[103.16769472807775,30.698805160535695],[103.20921993713355,30.688681378332433],[103.17924470480817,30.720492675900136]]]}},{"type":"Feature","properties":{"name":"大邑","district":"大邑"},"geometry":{"type":"Polygon","coordinates":[[[103.61554676111327,30.530567537917246],[103.61440569713679,30.537283222641392],[103.60571799493238,30.538752071028345],[103.6009345771908,30.531208305943625],[103.57775889784524,30.5343306999874],[103.56255053305324,30.532677731545974],[103.55392095380775,30.540376082433365],[103.5539264724831,30.546097913692364],[103.55393124245145,30.55132265215974],[103.55795072691788,30.605024691490872],[103.55879783060172,30.628631136007733],[103.55388426751185,30.655923068472873],[103.54416035594178,30.67404990876347],[103.53567200614741,30.691931293087972],[103.53140192955406,30.691427793845428],[103.48546177541522,30.7027804327756],[103.39779776920959,30.761351424760534],[103.37866785200167,30.777276507895735],[103.35978513699891,30.79317724015167],[103.3399519492052,30.825142932909884],[103.33466498150763,30.832020187391286],[103.32251964991191,30.82375914115258],[103.2192735345788,30.836639198972517],[103.21841517996525,30.836254240467728],[103.21755521820786,30.83636513259005],[103.16842930728025,30.848457726777937],[103.15035142432446,30.861936402800172],[103.13870841741928,30.926904839921875],[102.97806688092071,31.01873244820271],[102.91809021233222,30.951846231526627],[102.98432682881082,30.868493675416726],[103.01688254104886,30.827379223171533],[103.04976811890627,30.78516833356083],[103.03079225012074,30.71029375198868],[102.96094984338475,30.599895477756224],[103.02003626337866,30.594373083398064],[103.0778014694251,30.52101719856848],[103.20908698032025,30.505913235022568],[103.26180435969937,30.50600075691822],[103.29923898248235,30.517425253366802],[103.35564797697332,30.546609569991404],[103.38990703720238,30.552293997505313],[103.45918833456574,30.488909230482008],[103.4821504268175,30.482227294833553],[103.50433638177168,30.4730409801509],[103.553791936936,30.432109874845665],[103.59337231826751,30.4269334420076],[103.62793068754499,30.439674415523225],[103.6227594788311,30.45652160330109],[103.6521273861844,30.461088250765496],[103.68029998951818,30.445730468952185],[103.72904403471277,30.438778990762504],[103.75190340163523,30.453414872384048],[103.75002064564845,30.470360801260433],[103.76198211925792,30.486259267770965],[103.76008781837082,30.508804132506054],[103.74107814182989,30.540215900833758],[103.72803110438521,30.55225500251857],[103.65756866938227,30.531167511766835],[103.64056197494784,30.511682250817024],[103.63638503687746,30.512992903457945],[103.6327859716416,30.514908329416574],[103.629764564384,30.51718347434433],[103.62631305977534,30.52032654186266],[103.61554676111327,30.530567537917246]]]}},{"type":"Feature","properties":{"name":"金堂","district":"金堂"},"geometry":{"type":"Polygon","coordinates":[[[104.36730564048034,30.96099004286634],[104.35778125427386,30.977919431381185],[104.34877933560163,30.973859770409828],[104.351647823586,30.951526269145862],[104.38924406031656,30.92429884180421],[104.4026722063698,30.914928061254876],[104.39153449757124,30.898568262084897],[104.38321415696151,30.886976976576097],[104.38012477905876,30.88433662783836],[104.3785208567711,30.882213951066955],[104.37824059354644,30.879460950989216],[104.3803562831117,30.87803709745547],[104.3820400960694,30.879068426981206],[104.3835607908429,30.877423797881477],[104.38300232052127,30.874580373206395],[104.38152614272073,30.870664509679354],[104.38176045510473,30.869081702398425],[104.38705149185462,30.869937857533586],[104.38796891461816,30.869806041802477],[104.37707811425943,30.858541175702307],[104.37595528358389,30.850130039237534],[104.35472481699927,30.84520561122518],[104.34998120304354,30.84124107075031],[104.35057285566968,30.836165789770615],[104.35428673867045,30.836350590965637],[104.35825888976228,30.841865517100565],[104.36521039144958,30.840456122932302],[104.3707373525082,30.832770470716415],[104.36678548419675,30.825391923239717],[104.37920710152127,30.81762731869611],[104.39579495030166,30.80769348344401],[104.40839426031796,30.791276159684255],[104.41875017819899,30.79672208816841],[104.42112999811809,30.78287340051168],[104.43295873686736,30.778628525725615],[104.43949783182757,30.78400794250542],[104.44948036188406,30.776791091470553],[104.45855882669476,30.78324226953786],[104.46892484369882,30.77909186315484],[104.41877325428702,30.653212828123962],[104.39804646826784,30.620220705010457],[104.38095563126429,30.591916454141742],[104.48929164541016,30.596278458676622],[104.560295183326,30.628740384981686],[104.70039380882118,30.59634140346317],[104.73696575642924,30.56228033827439],[104.77172488612949,30.53907583397315],[104.77831134453385,30.48840973091965],[104.84643420426917,30.516547614960153],[104.85860463378724,30.57894267134724],[104.862875778461,30.64656560533362],[104.84845432285962,30.680569434829295],[104.81612606764465,30.731252288294208],[104.733178945794,30.82079148140431],[104.66321836122006,30.88894643328636],[104.64334052464132,30.92470278788415],[104.57869986368499,30.967895513559842],[104.50307006557243,30.96579541051114],[104.4671442722592,30.98813305376325],[104.42425171462631,30.973532382396616],[104.39221343920745,30.969558963743708],[104.36942264809579,30.975891444418835],[104.36730564048034,30.96099004286634],[104.36730564048034,30.96099004286634]]]}},{"type":"Feature","properties":{"name":"蒲江","district":"蒲江"},"geometry":{"type":"Polygon","coordinates":[[[103.39928937588266,30.097419752061533],[103.46566127081309,30.10985280279882],[103.48036173893522,30.134607048421824],[103.50350660099991,30.113575459970626],[103.52349633905064,30.159026383371003],[103.58981832943728,30.203456612359425],[103.65978830314114,30.211701281339632],[103.66405053449417,30.26418223686405],[103.6957709658417,30.288040294773726],[103.67954322377436,30.30457528122157],[103.65634056196377,30.33141677404632],[103.55772767199633,30.34134407568632],[103.41530043672803,30.34127793954111],[103.35672305087007,30.33043632713308],[103.34474926848378,30.27869844314365],[103.36266252156237,30.234458379035864],[103.35285397616319,30.10364492166073],[103.39928937588266,30.097419752061533],[103.39928937588266,30.097419752061533]]]}},{"type":"Feature","properties":{"name":"大邑","district":"邛崃"},"geometry":{"type":"Polygon","coordinates":[[[103.61554676111327,30.530567537917246],[103.61440569713679,30.537283222641392],[103.60571799493238,30.538752071028345],[103.6009345771908,30.531208305943625],[103.57775889784524,30.5343306999874],[103.56255053305324,30.532677731545974],[103.55392095380775,30.540376082433365],[103.5539264724831,30.546097913692364],[103.55393124245145,30.55132265215974],[103.55795072691788,30.605024691490872],[103.55879783060172,30.628631136007733],[103.55388426751185,30.655923068472873],[103.54416035594178,30.67404990876347],[103.53567200614741,30.691931293087972],[103.53140192955406,30.691427793845428],[103.48546177541522,30.7027804327756],[103.39779776920959,30.761351424760534],[103.37866785200167,30.777276507895735],[103.35978513699891,30.79317724015167],[103.3399519492052,30.825142932909884],[103.33466498150763,30.832020187391286],[103.32251964991191,30.82375914115258],[103.2192735345788,30.836639198972517],[103.21841517996525,30.836254240467728],[103.21755521820786,30.83636513259005],[103.16842930728025,30.848457726777937],[103.15035142432446,30.861936402800172],[103.13870841741928,30.926904839921875],[102.97806688092071,31.01873244820271],[102.91809021233222,30.951846231526627],[102.98432682881082,30.868493675416726],[103.01688254104886,30.827379223171533],[103.04976811890627,30.78516833356083],[103.03079225012074,30.71029375198868],[102.96094984338475,30.599895477756224],[103.02003626337866,30.594373083398064],[103.0778014694251,30.52101719856848],[103.20908698032025,30.505913235022568],[103.26180435969937,30.50600075691822],[103.29923898248235,30.517425253366802],[103.35564797697332,30.546609569991404],[103.38990703720238,30.552293997505313],[103.45918833456574,30.488909230482008],[103.4821504268175,30.482227294833553],[103.50433638177168,30.4730409801509],[103.553791936936,30.432109874845665],[103.59337231826751,30.4269334420076],[103.62793068754499,30.439674415523225],[103.6227594788311,30.45652160330109],[103.6521273861844,30.461088250765496],[103.68029998951818,30.445730468952185],[103.72904403471277,30.438778990762504],[103.75190340163523,30.453414872384048],[103.75002064564845,30.470360801260433],[103.76198211925792,30.486259267770965],[103.76008781837082,30.508804132506054],[103.74107814182989,30.540215900833758],[103.72803110438521,30.55225500251857],[103.65756866938227,30.531167511766835],[103.64056197494784,30.511682250817024],[103.63638503687746,30.512992903457945],[103.6327859716416,30.514908329416574],[103.629764564384,30.51718347434433],[103.62631305977534,30.52032654186266],[103.61554676111327,30.530567537917246]]]}},{"type":"Feature","properties":{"name":"邛崃","district":"邛崃"},"geometry":{"type":"Polygon","coordinates":[[[102.82983755062149,30.464294494251202],[102.76429948133402,30.34671925775534],[102.73988332098556,30.25708870814161],[102.93465054525876,30.205822141219887],[103.20658398140473,30.28801670967982],[103.2218537970995,30.306379108071983],[103.41530637993266,30.341841829001464],[103.55787566754215,30.342725682509442],[103.65743645720876,30.33264510043494],[103.68158119275493,30.30510375143056],[103.69662248995989,30.288693148150223],[103.73781817717727,30.30780994718696],[103.76856243674959,30.34229044459041],[103.75457875828371,30.351904948092955],[103.75673096915563,30.35788531434624],[103.7649502722547,30.368048836499018],[103.74032386951707,30.39904388359001],[103.71627003799006,30.417900050561034],[103.7292426307633,30.437112598864218],[103.67911706132526,30.443795440137322],[103.65258766387996,30.45865775707872],[103.62526037746032,30.45503630801131],[103.63209954516329,30.438789568592032],[103.59402824964059,30.423858103231293],[103.552461360383,30.429464660154483],[103.50127276427645,30.47199098749829],[103.47930928165242,30.48129507320995],[103.45658103714482,30.48796966995714],[103.38953764748562,30.550382824051272],[103.35710593952886,30.54493076771867],[103.30082037661758,30.515807884445223],[103.26300271784395,30.504091075429816],[103.2084392827539,30.504016749656046],[103.07629178080457,30.519637338864246],[103.01824704522123,30.592677471129825],[102.95829274506886,30.598643979458718],[102.82983755062149,30.464294494251202],[102.82983755062149,30.464294494251202]]]}},{"type":"Feature","properties":{"name":"五津","district":"邛崃"},"geometry":{"type":"Polygon","coordinates":[[[103.75492300392226,30.45247681478697],[103.75260682817323,30.46992985974351],[103.76436615204656,30.48527862336117],[103.79193812478151,30.49814367903581],[103.81020258896437,30.510040645569923],[103.81386523188257,30.50280934741105],[103.81659417048964,30.49812162875455],[103.81935693782354,30.495740132498607],[103.82491404811377,30.492913529073654],[103.83193987535577,30.490459254687867],[103.83566965599066,30.48803644050104],[103.83832568344047,30.485000456989784],[103.84385890537085,30.476308312078142],[103.849754059727,30.467348092569992],[103.85313506429543,30.463451312272536],[103.8583162077128,30.460263739521352],[103.86959666716864,30.454931517263297],[103.87208608042539,30.452948422441374],[103.8763806597133,30.445647466466998],[103.87439421484812,30.44299336279857],[103.87262261352005,30.438311714201504],[103.8706359179747,30.435123787081544],[103.8720052872836,30.432183779418633],[103.87149817626393,30.429946559099058],[103.87041347234401,30.427527313297812],[103.8705920583513,30.426311626838125],[103.87181825736099,30.425335088400278],[103.87214193131942,30.42458382719766],[103.8717806390067,30.423809310267483],[103.87015647659273,30.42335717020889],[103.86543107804103,30.421925414085585],[103.86474444037245,30.42034051609975],[103.86528336998778,30.418499831751703],[103.86719293009382,30.41655885895674],[103.86791088205763,30.41356382917895],[103.86401676895477,30.411840891155137],[103.85962103842901,30.410416578943487],[103.85389169375762,30.410632805095556],[103.83880858347786,30.40492754630339],[103.83579636274911,30.402760870438737],[103.8582015162899,30.389092765518377],[103.87893515372859,30.349329263313727],[103.86543330579235,30.35581551875008],[103.85161259777162,30.35518043365909],[103.8415527506484,30.36205013464029],[103.80469377485005,30.35687542009708],[103.76850129454729,30.342530230785126],[103.75477411196806,30.351950943075092],[103.75664515659523,30.357534547524644],[103.7650100986646,30.367752898651666],[103.74091601136061,30.399030635044358],[103.71628420115509,30.41781250217184],[103.72874753178691,30.436629080350986],[103.75492300392226,30.45247681478697]]]}}]}