{"type":"FeatureCollection","features":[{"type":"Feature","properties":{"name":"锦江区"},"geometry":{"type":"LineString","coordinates":[[104.08730991406895,30.672638386767048],[104.08352069031056,30.666566566795666],[104.08187637543173,30.667258039129273],[104.08079975966098,30.667746468739452],[104.08063860387543,30.667837531582023],[104.0804197294478,30.667928884900736],[104.0802834486928,30.66800022231403],[104.07683270862782,30.669625323147997],[104.07581312576859,30.668240481234825],[104.0747269597096,30.666741359757612],[104.07512823571996,30.66631215321252],[104.07480661349466,30.665803654476697],[104.07427013449718,30.665159051473594],[104.07396613042071,30.665371615477977],[104.07195953799368,30.662520503998767],[104.07165099795941,30.662053965516137],[104.07148079895887,30.661787457358994],[104.07133350190124,30.661564282280512],[104.07112344420403,30.661179186064295],[104.06842758087416,30.66112334867971],[104.06829569089922,30.663465972666987],[104.06637720449642,30.663436869459094],[104.06634803349135,30.66098281662747],[104.06497785175512,30.660750261573906],[104.06508767184684,30.65922914325399],[104.06502991337804,30.65908130342965],[104.06485990266404,30.658938787902887],[104.06474850552486,30.658797149894983],[104.06347691027905,30.658782358967155],[104.06348556026563,30.65847253521139],[104.06357490394333,30.65840385604127],[104.06355578484082,30.65707079154754],[104.06678643132463,30.657049078009845],[104.06597210201053,30.65519608451877],[104.06367426729062,30.655166849443503],[104.0636870101863,30.65497306995936],[104.0614965001539,30.6549914698633],[104.06121083030045,30.654370556953243],[104.06045071645813,30.653098217060293],[104.06042377041668,30.652953872368748],[104.059735416875,30.651939675334123],[104.05803355698781,30.649594746534795],[104.05974738652725,30.64944632895123],[104.0605998546538,30.649489972331995],[104.06112636918716,30.649446307029148],[104.06172444996656,30.649466733934577],[104.06224597249965,30.649415184910993],[104.06251818675679,30.64943109563533],[104.06267910520373,30.649406423895147],[104.06328989812111,30.64917834911829],[104.06395048867333,30.64912605877684],[104.064129329838,30.649159693172972],[104.06432105167252,30.649146534608462],[104.0646737656805,30.649210761074844],[104.06509685967877,30.649061106081785],[104.06564122416464,30.649003280745784],[104.0669355155344,30.648727883926362],[104.0679745957015,30.648533703178153],[104.06880519475402,30.648500340335463],[104.06942020043212,30.64843969877232],[104.07004126789954,30.648480109747826],[104.07039795668405,30.64840752331173],[104.07236168557789,30.648335996067104],[104.0738487025877,30.648303871719804],[104.0744919127089,30.648297174674223],[104.07504565105423,30.64822410928493],[104.07537173660238,30.648158745130594],[104.0760905041914,30.64790886990228],[104.07642552739087,30.647742541983455],[104.07826091959372,30.646602457939657],[104.07877409815987,30.646322173155756],[104.0811199945259,30.6451702903284],[104.08179585112316,30.645042112906403],[104.0821570985534,30.644766244446664],[104.08253735292894,30.644592485311463],[104.0827613641031,30.644532934168407],[104.08337859932041,30.64417458071391],[104.08428205412191,30.644280733317494],[104.08535984198461,30.643929107899577],[104.08577127825158,30.64372388881548],[104.08660407730002,30.642935298426604],[104.08672461464552,30.642784342564763],[104.08658596188822,30.642554252194643],[104.08663471441136,30.642356714810354],[104.08672935570502,30.64224053361504],[104.08796919036858,30.641380502006555],[104.08852437209349,30.64072069665673],[104.0890168063113,30.640006274369842],[104.08951826907082,30.639143784215815],[104.0899170805187,30.63828050779165],[104.09016336731678,30.63764916859773],[104.0903019852673,30.637308080639908],[104.09068293819196,30.635943675176993],[104.09122071627189,30.634567979097948],[104.09152510837767,30.63396369334079],[104.09167782090863,30.633587557376902],[104.0920272068527,30.632975371652627],[104.09209910025186,30.63258384321567],[104.09206321761319,30.63184199966409],[104.09197339093504,30.63167068133291],[104.09198240111591,30.631433822395067],[104.09187963639243,30.631010551180683],[104.0915923134239,30.63006965313868],[104.09135983592333,30.629660727280623],[104.09123411607389,30.629497183726755],[104.08965671420688,30.628929660342827],[104.08932954026083,30.628857636443783],[104.08678583147965,30.628896963221976],[104.08553706306645,30.628867163560585],[104.08493327868437,30.628756615054506],[104.08449895286299,30.628589519543986],[104.08418124568112,30.62832951327702],[104.08388647019862,30.628089667936685],[104.08315270964225,30.627224488496836],[104.08250470432634,30.626471885119567],[104.08227690705652,30.625898662867552],[104.08225909089431,30.625634598861286],[104.08233130534632,30.624432017284622],[104.0828368728769,30.622985299052246],[104.08302931384104,30.622533604069808],[104.08324853433591,30.622306048334075],[104.08352171266401,30.621800178219022],[104.08361141404175,30.62169316395878],[104.08359391892421,30.620982382023726],[104.08350948244521,30.620631707950427],[104.08342891259218,30.620471962126306],[104.08304483659639,30.61995121828066],[104.08258017433977,30.619395533439864],[104.0824320335974,30.61907509791413],[104.08236064397424,30.618651560115595],[104.08237884024771,30.618274983255752],[104.08244674891012,30.61800389160436],[104.08257638779172,30.61774546516792],[104.08278673324999,30.617432935024347],[104.08391508107906,30.616221469405687],[104.08412552685576,30.615889788609298],[104.08423329354919,30.61566599933702],[104.08464105158293,30.615289225771214],[104.08461063341213,30.61360398954353],[104.08466463512123,30.613375656593917],[104.08481739289502,30.613012354826058],[104.08536414272895,30.61220200153213],[104.08547589518437,30.61204012991646],[104.08559652520596,30.611979265380615],[104.0860315459338,30.6114195008496],[104.08610349335831,30.61121826000911],[104.08622528723664,30.609977127221338],[104.08619860685623,30.60974404997892],[104.08615891818633,30.60956482424053],[104.0863739784528,30.608783190189424],[104.08633830880574,30.608573024741336],[104.08632583021202,30.608099232336947],[104.08601810116701,30.60689636652592],[104.08568296324351,30.606217842881158],[104.08546927350513,30.605684262677123],[104.08498664625633,30.60508617774608],[104.08466415599267,30.60479129420632],[104.08448500287577,30.604630661542032],[104.08429784888307,30.604507904169235],[104.08373435173408,30.60423041969718],[104.08182887038392,30.60377514967909],[104.08129739882925,30.603645132613142],[104.08083671245122,30.603464840295242],[104.08045275111412,30.603243392977415],[104.07992587667403,30.602677344675705],[104.07970760362798,30.60205006067383],[104.07968159233833,30.601234279570857],[104.07982992431936,30.60022978607116],[104.07993840612322,30.59926476271727],[104.08003242666278,30.598807220044804],[104.0800021510109,30.598248214857783],[104.08002034257767,30.597976616042224],[104.08001155236936,30.597813614539767],[104.0800336642154,30.597600025426285],[104.08010547623627,30.597445006690887],[104.08031568700163,30.597230708327924],[104.08049121662168,30.596872063863103],[104.08067467522652,30.596551473461073],[104.08130969847623,30.595588581898692],[104.08144033730191,30.595353246883636],[104.08170881429538,30.594652776659],[104.08170906449108,30.59439294433136],[104.0816694440323,30.594182624832374],[104.08152246604448,30.59380417713744],[104.08139725466928,30.59356987853367],[104.08113778566147,30.593202086025617],[104.08089712535258,30.592958402663925],[104.0804634355943,30.59266240172208],[104.07991826900641,30.592425896782714],[104.07939594497469,30.59230346495312],[104.07811356632219,30.592197027649092],[104.07779629627663,30.59212288157063],[104.0776262631611,30.59204766450609],[104.07739365563492,30.59187665455456],[104.07721583333603,30.591626412032216],[104.07709973668054,30.59131403156703],[104.07685852671062,30.590763085410945],[104.07663132995475,30.590107369642404],[104.07640432805316,30.589207776907074],[104.07637799554256,30.588561789473182],[104.0764281581208,30.58800380302274],[104.07647314961983,30.587693600318225],[104.07674625019597,30.586897798931354],[104.07666889010464,30.584690738135947],[104.07688352915952,30.5843518790916],[104.07713394823506,30.583951340079274],[104.07691970421743,30.583637708084222],[104.07695562536934,30.583327469661896],[104.07681288869425,30.5829526496861],[104.07659874475654,30.582452545983276],[104.07642044406283,30.58173539688979],[104.07617052245284,30.581296901373157],[104.07586693831239,30.580997466320007],[104.07512587334452,30.58028006958773],[104.07489376643956,30.580004856054426],[104.0743312939824,30.579530650696594],[104.0756427551083,30.579221409684077],[104.07625040079215,30.57910594264619],[104.07644656195147,30.578439953588756],[104.07633933329396,30.577910706785488],[104.07648269233466,30.57743089307461],[104.07639333295899,30.576916879853442],[104.07646501594779,30.576622991962562],[104.07642929112235,30.57631162874549],[104.07664417487183,30.576034698169416],[104.07718047394323,30.574969428308638],[104.07727004044165,30.574675752068263],[104.078091822745,30.573614103058834],[104.07846697100692,30.571893623715322],[104.0794768614432,30.571300726009948],[104.0799335281229,30.569814884903906],[104.07979018037969,30.569393242393343],[104.08354640795943,30.570010939194376],[104.08641884721587,30.570535935669852],[104.09099754761692,30.571212225589598],[104.09747550729635,30.571384124774482],[104.10591201821534,30.570904962186006],[104.10991144900493,30.570765041927782],[104.11185845168683,30.570783713424753],[104.1128513486407,30.570672039889413],[104.11571977834458,30.57065419481447],[104.11797664022725,30.570686914626908],[104.11931246221022,30.570793651132497],[104.1201076464864,30.570890496841514],[104.12083052229355,30.570974203113963],[104.12151625815568,30.571057314862756],[104.12216685070153,30.57109484936413],[104.12294420237075,30.571176419035094],[104.12348627112672,30.571230389271705],[104.12476862901379,30.57132025269845],[104.1261778483463,30.57143905485015],[104.12869073551684,30.571611217460006],[104.1335707780671,30.57190484226426],[104.1381800874813,30.572093895219805],[104.13818006109118,30.570291128172396],[104.14200904484343,30.568631422819685],[104.14229741637786,30.566079487655173],[104.1468454208472,30.564299523814398],[104.14763950744113,30.5651024642189],[104.14727927311404,30.56721869742398],[104.15124713473195,30.570866109361667],[104.15326491819259,30.566260075446603],[104.16068162689388,30.565834195287323],[104.16017838823466,30.567448532207482],[104.1579475216926,30.569058113982575],[104.16291206796384,30.570384560178965],[104.1646372271222,30.568345161677577],[104.16614661609029,30.57159037791084],[104.16427795039122,30.573626426898233],[104.1662178567273,30.576252999286837],[104.16204772248194,30.578770828118746],[104.16327140590089,30.574178791833234],[104.16111407318292,30.57161784467305],[104.16075335352012,30.577645542153927],[104.15535386220574,30.57844173041915],[104.15960091944588,30.580624175358636],[104.16604770575704,30.588966284781883],[104.16778730472195,30.59108057999462],[104.16949139748739,30.59293184472247],[104.16424431435351,30.595848296459234],[104.16295146164912,30.59413148995992],[104.16182290397876,30.592192214205046],[104.15786647993978,30.590748384202524],[104.15364886293624,30.593083802525555],[104.15362169278264,30.59318478105046],[104.15366685496309,30.59314573450659],[104.15418642386622,30.596081122031507],[104.15206893456366,30.59643415725202],[104.15245719709488,30.597397870514683],[104.1501842651347,30.59905218472633],[104.15605021536784,30.606728062526333],[104.15253551752025,30.608797118380554],[104.15119294454244,30.60723466452007],[104.14845020910838,30.609034371216307],[104.14931431107074,30.610271826968294],[104.1480259849243,30.610990810327454],[104.1430432132668,30.613064565667],[104.13892331504731,30.614031584727183],[104.14105377681571,30.616842966134254],[104.14027570344915,30.618839282862943],[104.13908262700326,30.620219633171903],[104.1384146432758,30.619575429162165],[104.13790906014107,30.619177885639644],[104.13794510911659,30.61930167262545],[104.13631877370358,30.61963300857349],[104.13642595323886,30.621619359051557],[104.13212776792531,30.621599601618705],[104.13185201695985,30.62179348045099],[104.13172118845058,30.621881329118256],[104.13170298368729,30.622052496929207],[104.13167973307837,30.622254721098372],[104.13163922173223,30.622756030536948],[104.13158461617513,30.623300525133217],[104.1315431476848,30.62375088388993],[104.13219583227824,30.62422453052783],[104.13010197614335,30.62501239079479],[104.12870980912648,30.62019166412092],[104.12224746419943,30.624197168022764],[104.12363756143066,30.62593176398623],[104.1243512239425,30.62636016220627],[104.12462220335426,30.626573527927224],[104.12328470154249,30.627649442444785],[104.1248726840425,30.629208737534224],[104.12388783045478,30.630124028391087],[104.12328230827328,30.63056781712636],[104.12343615522313,30.630759454183174],[104.12435449183312,30.632284723943833],[104.12444484157359,30.632322199914828],[104.12428672253112,30.63239444530913],[104.12452164179422,30.632309405053732],[104.12524238926414,30.63309351188934],[104.125911312746,30.63399910251693],[104.12632683279696,30.635157410291306],[104.12661663240443,30.635929765883475],[104.1265985949186,30.636395871648233],[104.12683309026934,30.637014126609127],[104.12562522785993,30.638154918723274],[104.12559305910435,30.63823337656501],[104.12553874718215,30.63825718483375],[104.12544420545926,30.638301590490226],[104.1252591503022,30.638401336365575],[104.12506503982459,30.638481222341916],[104.12484780545493,30.638589442948767],[104.12479354073466,30.63877319698339],[104.12296192460634,30.63906329968585],[104.11985651966127,30.64015812874252],[104.11935584228168,30.64026577577179],[104.11917992451974,30.640264215418934],[104.11576871498912,30.641877854849422],[104.11317084414856,30.643077481913686],[104.11160198992565,30.643801275994846],[104.11007388479696,30.64457724249316],[104.10883916903796,30.64517028294309],[104.10760984106935,30.645720289015685],[104.10626367424804,30.64634004919894],[104.10487794927793,30.646989737516897],[104.10213820903056,30.648291676468222],[104.09666747268388,30.650823816045826],[104.09391254181679,30.652034771632493],[104.09119994400814,30.653366858917643],[104.08574724231062,30.655942149638456],[104.08864101052323,30.659764139225043],[104.0902846481691,30.663743214181917],[104.09137321048819,30.665464694028113],[104.09337276304188,30.665801843949335],[104.0938830687533,30.667211183255258],[104.08892626078253,30.671762521631752],[104.08730991406895,30.672638386767048]]}},{"type":"Feature","properties":{"name":"青羊区"},"geometry":{"type":"LineString","coordinates":[[104.08701323058365,30.672401271522094],[104.08609159053296,30.672789443135347],[104.0852598554895,30.673193875289332],[104.08448527771802,30.673854361586297],[104.08381054740134,30.67465845488666],[104.08339048636795,30.674969052780007],[104.08279113881699,30.67516764262466],[104.08234013301909,30.675240698164902],[104.08171789521745,30.675252708109607],[104.08116840071591,30.675254361485898],[104.08057825160645,30.67537134233161],[104.08023898100127,30.67551520926465],[104.07835333563597,30.67677612433277],[104.07656264072165,30.677815872223885],[104.07612919727191,30.678042826497318],[104.07587075531339,30.67820918300054],[104.07515600681609,30.678498038406545],[104.0745983130043,30.678622042863005],[104.0738797273195,30.67892657726868],[104.07289316416664,30.679804878676787],[104.07239736413905,30.68012344687944],[104.071759406095,30.680330876727528],[104.07125062275782,30.680428219247265],[104.06931796252216,30.68061293469285],[104.06907755037878,30.680694257752968],[104.06861355917897,30.68072619348442],[104.0681893790625,30.68086270230675],[104.06770766255629,30.681151293441484],[104.06630243929065,30.682324634542198],[104.0659409265506,30.682560106648676],[104.06548204969627,30.68277813651956],[104.0640268625559,30.68322631731037],[104.06348748335716,30.683350343556622],[104.06240518758335,30.684078106219616],[104.06171818452748,30.68451845539017],[104.06137022035239,30.68476190184749],[104.06106672665408,30.684579137492225],[104.06040637872994,30.684787301827946],[104.05995069226513,30.683391789764972],[104.05969139765016,30.68230165610403],[104.0594680330303,30.68179414104811],[104.05908380361693,30.680904170760655],[104.05893197778265,30.68072364080969],[104.05879803330276,30.68060545047815],[104.05843203917621,30.680523060218633],[104.05755730830586,30.68055847531084],[104.05650253487147,30.68062081570032],[104.05568073587432,30.680786057161388],[104.05525229986593,30.680645181196795],[104.05472720299066,30.680389165074935],[104.05405119392549,30.679925161919677],[104.05362256746325,30.679598741590763],[104.05303274036795,30.679068864955614],[104.0526886094492,30.678832517305796],[104.05234448664163,30.67863923451276],[104.05168310467636,30.678365119048642],[104.05134397160734,30.67828408227581],[104.05098696482203,30.678272951892996],[104.05075421123728,30.678197976667363],[104.05025364647047,30.677700944653758],[104.0500923764993,30.677473700198732],[104.04998075762269,30.677135894362152],[104.0500113629437,30.676798220293193],[104.04993543523887,30.676308736131112],[104.04942550767244,30.67538101906572],[104.04927809274861,30.675111978798334],[104.04918849163396,30.675010340220982],[104.04906787078795,30.674667535499374],[104.04890126622135,30.67404147281827],[104.04857949671255,30.673472337504652],[104.04843608011569,30.673273398886987],[104.04842301044377,30.67310234560571],[104.04847666212592,30.673013727979185],[104.04852472514013,30.67217222513945],[104.04850272248609,30.672032102240138],[104.0485471214194,30.671589492226655],[104.04852891601617,30.67123643487157],[104.04860405347257,30.670686055056304],[104.04855912389282,30.670498780094956],[104.04821059215976,30.670124499393324],[104.04728930803473,30.669081929328023],[104.04712799901598,30.66896401082834],[104.04649738988414,30.668215667456174],[104.04619758751583,30.667958172838453],[104.0458440402123,30.66772349247768],[104.04545957467028,30.667449784330532],[104.04531104089145,30.667216177818602],[104.0444514180595,30.66562906018347],[104.04428092804142,30.665376504708654],[104.04046692870689,30.667294455637222],[104.0402427873816,30.667360445077556],[104.03892782362007,30.6679862432842],[104.03873953505969,30.668099479630577],[104.03842168909297,30.668258955361203],[104.03817557170674,30.668387384753302],[104.03716405616868,30.668914716114294],[104.03739272892373,30.669286027678734],[104.03723236637319,30.66948042938775],[104.0368605664808,30.669644497078753],[104.0365425073032,30.669715519797922],[104.03600021471001,30.670012440612364],[104.03558840063589,30.670162086244513],[104.03497949036976,30.670851711637493],[104.03493068644268,30.670944929324456],[104.03469740075445,30.67114004312268],[104.03423676867337,30.67151938287187],[104.03407518443363,30.67159025872858],[104.0338915602742,30.67156430109843],[104.03372092077394,30.671561292204043],[104.03362708194865,30.67151885542689],[104.0335641482641,30.671442246144053],[104.0331199062888,30.671274033868997],[104.03280151723708,30.671264116536044],[104.03238035153511,30.671320992469717],[104.03202217679818,30.67154152628222],[104.03177577842928,30.67175332140833],[104.03149656950576,30.67214538902225],[104.03090719568199,30.67300195842086],[104.0302796957389,30.673748166578317],[104.02995242071079,30.674113014168455],[104.02985900748678,30.674722738467683],[104.03016860288923,30.676101650871328],[104.03016467379055,30.676194664887348],[104.02972989038,30.677134389221674],[104.02952446853617,30.67762118831099],[104.02919245754529,30.678556124480686],[104.0290448705618,30.678957458198514],[104.02888836150828,30.67949485966111],[104.0288657064097,30.68006093219491],[104.0289378340189,30.680441113008968],[104.02914872210111,30.680679980895295],[104.03012273433211,30.681128776938543],[104.03030261947816,30.681391108715555],[104.03027981219998,30.68172121190497],[104.03015907957518,30.68193521598266],[104.02997039859251,30.682076866161733],[104.02973273636556,30.682141020199573],[104.02825238039627,30.682097588803114],[104.02771398124179,30.682320241471146],[104.02768303823527,30.68238655678742],[104.02740435244782,30.682564557025433],[104.0266642236759,30.68331371981291],[104.025923884635,30.68384335424212],[104.02543020481666,30.684039381631255],[104.02513833683001,30.684058058120087],[104.02474741249075,30.68387714293289],[104.02446442198902,30.68367491215056],[104.02418644597091,30.68355064301236],[104.02383151655218,30.68354043409544],[104.0235615840006,30.68360211124511],[104.02314874399849,30.683902759732003],[104.02297883952971,30.684130081689883],[104.02291089264673,30.684266999945557],[104.02243109505376,30.684847690830704],[104.02191013463029,30.685092244103586],[104.020998047409,30.685346914319837],[104.02033786399919,30.68538415513275],[104.01999571696082,30.685311588124602],[104.01950651543943,30.685319424867842],[104.01919639910379,30.68541042661858],[104.01861021537398,30.685813929627727],[104.0184591695355,30.685950393293997],[104.01823005382667,30.68601620091388],[104.01787983975335,30.68602610023637],[104.01698915342703,30.685765449788292],[104.01649471806579,30.68556113453367],[104.01599621674688,30.68524002717239],[104.01577997621268,30.68505692821223],[104.01543852927557,30.68460917456254],[104.0153254018115,30.684530229430102],[104.01513221264145,30.684482719623027],[104.01319959803223,30.6852288688544],[104.01302841282879,30.685204063556473],[104.01284019207989,30.685130600298894],[104.01272699122441,30.68488779870715],[104.01265073794669,30.684400388221672],[104.01238138364982,30.684219499193258],[104.01219618238368,30.684214983340365],[104.01161662557095,30.68442385884976],[104.01130639135835,30.684732640866287],[104.01070898838597,30.685546740583913],[104.01017348279267,30.68589486140493],[104.00978203076319,30.685890372611937],[104.00962692732861,30.68586313901928],[104.00943160633832,30.685827130926707],[104.00917530328543,30.685809071008286],[104.00896808785834,30.685895033329338],[104.00884698503295,30.686025322040944],[104.00857291086625,30.686942277604395],[104.00807444879064,30.687452711630996],[104.0080114204224,30.687662849552343],[104.00808356802072,30.68798033410767],[104.00805156233204,30.68814788745019],[104.00797949978484,30.68826523385104],[104.00772323334462,30.688445114813497],[104.00742690373096,30.68852780863497],[104.00716160065909,30.688548926970004],[104.00658092792844,30.688513157094132],[104.00584812401446,30.688675226517226],[104.00565089762645,30.68864003830407],[104.00534450312671,30.68832005769238],[104.0050571656874,30.68820162247228],[104.00480989285104,30.688182371848985],[104.004234286676,30.68823635932003],[104.00404263430282,30.687934150110337],[104.0038627323737,30.68767370830758],[104.00373679620638,30.68747432104661],[104.00339498786948,30.68703067358778],[104.00076074187862,30.687941245924232],[104.00013148981037,30.688208806253744],[104.00085989955137,30.68960795348388],[104.00107851703913,30.690010910175094],[104.00177018968189,30.691200605473032],[104.00262496101749,30.69074582417034],[104.0035058000358,30.690294384605874],[104.00394629582198,30.691053686107093],[104.00346080791583,30.691389763356092],[104.00254391081636,30.69202777973668],[104.00246941020382,30.69216221778058],[104.00260427559164,30.692470079637392],[104.00280207025706,30.692939704457],[104.00291896748753,30.692871545432943],[104.00380920239044,30.692455065218955],[104.00857101676138,30.69028766499662],[104.0089487746162,30.690808073070517],[104.00945952231211,30.69168525203501],[104.0080028154185,30.692535959568094],[104.00735005505848,30.692657517423246],[104.00769240725155,30.693302597224967],[104.0080157487364,30.693653181019574],[104.00857829869932,30.69447291581607],[104.00853323844794,30.694527758247947],[104.0085152034832,30.69462105983836],[104.0082358804114,30.69461845458498],[104.00801159695177,30.69477071099588],[104.00763310328074,30.695103856926266],[104.00689611887236,30.695808737191253],[104.00775189674951,30.69711051725698],[104.00588548892884,30.69809501673778],[104.00565163198958,30.698208138312317],[104.00613537267974,30.698849767241043],[104.00668773510361,30.699529714788653],[104.0068718366998,30.69979400444287],[104.00634597735566,30.700408796275642],[104.00539220064725,30.701905265968538],[104.00505841529711,30.702699183828756],[104.00466753789827,30.703506165349857],[104.004163254007,30.70307707886002],[104.00289142975538,30.70224772950176],[104.00216408388748,30.701586792400366],[104.0017419395617,30.70110195569078],[104.00105379426203,30.700117269862055],[104.00081180019197,30.69962600100971],[103.99823551603468,30.70089736960318],[103.99896744996674,30.701900898937],[103.9977813880721,30.702686145386412],[103.99865240566531,30.703473474554904],[103.99684982595237,30.704683738893742],[103.99715470786967,30.70504734672645],[103.9968804452122,30.70529182248959],[103.99681717170346,30.705669635990617],[103.99703288954524,30.706197642551444],[103.99635443333547,30.706526791106015],[103.99576992508568,30.707036065051582],[103.99482245140562,30.70611292343871],[103.99440058791166,30.705894699339446],[103.99374099800312,30.705335240346354],[103.99159353575482,30.70690951626115],[103.99083926361479,30.70646613702388],[103.99008916793579,30.707317445542785],[103.98910247093245,30.706682295407674],[103.98738696763861,30.708606892019418],[103.98680034819762,30.707852724134792],[103.98585045452045,30.70696698102382],[103.98633486783154,30.70671731661301],[103.98642374208883,30.70670441862654],[103.9866752494357,30.70687270559612],[103.9869438741632,30.706861882962475],[103.98731267256572,30.706439193238605],[103.98739373362261,30.706198467255394],[103.98729503564692,30.70594671547024],[103.98705747980887,30.705763406539138],[103.98660417510277,30.705687239649365],[103.98629078354064,30.70548058985841],[103.98603023564826,30.705413247636674],[103.985488110054,30.70544549278918],[103.98527254379194,30.705354581819662],[103.98491445876319,30.704935144711197],[103.98472607346595,30.70451410621014],[103.98410773122424,30.703762926231516],[103.98404994919365,30.703589519005764],[103.9841438581474,30.70341784104674],[103.98446234088341,30.703221244267773],[103.98478081473543,30.703078530759644],[103.98510826010907,30.702997613916835],[103.98535881871999,30.70299528653433],[103.9858788756859,30.703118216212168],[103.98657478309514,30.703143185461464],[103.98676746923692,30.703203138868254],[103.98717097355603,30.70308591301989],[103.98728785917106,30.703010691483772],[103.98741775803963,30.702885347770646],[103.98759273440265,30.70251464245604],[103.98758417746022,30.701669255254743],[103.98764326652581,30.701331800439252],[103.98760741001982,30.70112232582646],[103.98691263823878,30.70044328381306],[103.98682682878854,30.700281286326476],[103.98685388651933,30.700052134217383],[103.98710585864058,30.69923491717776],[103.9873166630104,30.69899976564243],[103.98776915053115,30.69882784506593],[103.98796690820954,30.69884159635914],[103.98857217847933,30.698989474543094],[103.98878296844136,30.698966973195372],[103.98901279426269,30.698817279898492],[103.98915173547346,30.698605700927757],[103.98906610570718,30.69770324645482],[103.98893242497586,30.69702623637304],[103.98879766364449,30.696612081111123],[103.98864091103586,30.696238150830254],[103.98839424707867,30.695895241083065],[103.98517378528098,30.696208895441927],[103.9836266928998,30.6966839774389],[103.98282069059088,30.695712643047315],[103.98121156589967,30.69637097001194],[103.98092546471248,30.69579093364684],[103.97815399065502,30.695729419171585],[103.97794762565488,30.696082897397424],[103.9776705012114,30.696483516302916],[103.97745917126052,30.69680593237761],[103.9768242930934,30.69750608135584],[103.97598723279906,30.6983181050011],[103.9757052828909,30.69850035963921],[103.9747739631788,30.69884284804627],[103.97397421269623,30.699312563899895],[103.9736096744047,30.699691155752177],[103.97341920729079,30.700463564472567],[103.97311937738604,30.700887022725937],[103.97268524862342,30.701169293481087],[103.97222433163954,30.70135440991074],[103.97116036665817,30.701669748437677],[103.97101801638756,30.701797268975067],[103.9706733794199,30.702537775084068],[103.97065030702531,30.70289048536171],[103.97096323804239,30.703744913854408],[103.97124869308293,30.70394359292822],[103.97147243728475,30.704192018421825],[103.97170009086123,30.704569327802172],[103.97170880676504,30.70495310181896],[103.97161392761755,30.70548053742919],[103.9714534854705,30.70582491834762],[103.97128815328735,30.706045344807084],[103.97090288338869,30.706332067675078],[103.97082719840074,30.706428775397576],[103.9708269150477,30.706831506800583],[103.97089843646197,30.706994613646042],[103.97136287517375,30.707325689095274],[103.97145629673103,30.707484820971697],[103.97142923949241,30.70774057931222],[103.97122810140024,30.70791892951549],[103.97084791201193,30.70804575157154],[103.97060710358588,30.708087969171025],[103.97037037249594,30.708017229718546],[103.9700442306656,30.707799217099073],[103.96980754159695,30.70770838163425],[103.96940570238546,30.707675776319892],[103.96912413525168,30.707787482582784],[103.96894501856211,30.707906593765397],[103.96875688338028,30.708122570564118],[103.96871197510075,30.708324219603167],[103.96874738919506,30.70882504419057],[103.96875162456918,30.709744426049117],[103.96889468401245,30.709934962028814],[103.96908636523831,30.710265600848025],[103.96919734694302,30.710758743075004],[103.96917514695944,30.71113038128962],[103.96897280421871,30.71163411488833],[103.96879451416879,30.711932075234834],[103.96864188354522,30.7124549706705],[103.96860140072698,30.713226213237085],[103.9682608780739,30.713670189393756],[103.96803799033313,30.713816920488835],[103.96762221542075,30.71395754767119],[103.96417081291087,30.714170559057266],[103.9638497254067,30.714303812130794],[103.96295620087356,30.7146018580566],[103.9623272551148,30.714678046249432],[103.96200146765558,30.71462400665658],[103.96181873955967,30.714568291768064],[103.96116350098264,30.714197101736016],[103.96069085915687,30.714045393246316],[103.96024895296028,30.713978819748245],[103.95946822230877,30.714129279002787],[103.95931616064699,30.71425950339045],[103.9592622459952,30.714564680400464],[103.95930243253362,30.715115719875936],[103.95958202450689,30.71659270122867],[103.95947441002507,30.71695624736387],[103.9591299443632,30.717820774537127],[103.9584151193869,30.71866601060603],[103.95810812466753,30.718836314756352],[103.95706465881068,30.718781903201613],[103.95656008265749,30.71900054217416],[103.95606439247653,30.719285136691443],[103.95569471404653,30.719649180261154],[103.95547128843869,30.71970828167673],[103.95528863469394,30.719701939829555],[103.95503859670673,30.71958179917716],[103.95483425600719,30.71943225505454],[103.95438903300567,30.718956775626786],[103.9540229615153,30.71874308680118],[103.95370240589348,30.718676855040002],[103.95338576138427,30.71867259864139],[103.9528505865409,30.718824220665407],[103.95243548592569,30.719012392953953],[103.95184645693337,30.719422943627457],[103.9515304431875,30.719783272491924],[103.95147663271243,30.7199873664041],[103.95149400402534,30.720465244798824],[103.95158710008866,30.720664391158994],[103.95167112252696,30.72099830647002],[103.95166191052054,30.721265973760403],[103.95171969560046,30.722011207802765],[103.95199499928883,30.72261956276144],[103.95235212055675,30.72282233848767],[103.95272579797502,30.723332074911337],[103.95269376794934,30.72358744100098],[103.95235496066603,30.723904547982265],[103.95178892144185,30.724156526250294],[103.95164587360857,30.724267451700936],[103.95122687674059,30.724389506848755],[103.95007143682751,30.724462154467904],[103.94877420695174,30.72437371273912],[103.94807464927118,30.724142847745217],[103.94734833987665,30.72384562631663],[103.94685331243257,30.723539734134757],[103.94635444972617,30.723090898803733],[103.94606070813339,30.722988753254366],[103.9454323148656,30.722964750642152],[103.94517811112979,30.723011073629966],[103.94488309061262,30.723158741274222],[103.94467829405845,30.723419617491317],[103.94506068954445,30.724222465125894],[103.94513154264692,30.72482801503305],[103.94482734255,30.725211372447404],[103.94413195570709,30.7255821842402],[103.94340064259873,30.725122189691657],[103.94284750507425,30.725160392478646],[103.94255309643418,30.72561393396416],[103.9413567644611,30.726201969857723],[103.94160522733489,30.727011753977493],[103.94280953892292,30.727323209282055],[103.94257741308017,30.728064404411114],[103.93859412208164,30.727174599946565],[103.93592830793214,30.723625631506902],[103.93561938777655,30.724338497736824],[103.93541399858752,30.72394843942933],[103.93526212080695,30.7237208838693],[103.9352453803393,30.72356581316144],[103.93514708061846,30.723440796143986],[103.93503984724022,30.72329969584073],[103.93483453987115,30.722808775355787],[103.93454923036558,30.72274366721583],[103.93385228971806,30.722581256749525],[103.93341485168442,30.722413789976137],[103.93277161377642,30.722097470159937],[103.92868654699053,30.72163604426141],[103.92804844577057,30.715520122870963],[103.92802216629919,30.714890410970956],[103.92623717536112,30.710287499467047],[103.9256388038261,30.710375371340966],[103.92286216420325,30.708335087143716],[103.92095090794773,30.70508085930696],[103.91925204269796,30.704846550112283],[103.91797380770943,30.704691093013135],[103.91772217274641,30.704540434015694],[103.91761038614256,30.704381661286533],[103.91753856337623,30.704210856803428],[103.91751693489995,30.703633252890537],[103.9173438261045,30.702912420239613],[103.91721843242597,30.702447138272735],[103.91700325946766,30.70199752437342],[103.91700344990019,30.701625147411132],[103.91705738924723,30.701454385705304],[103.91707763880348,30.701209374198008],[103.91818744452608,30.69908634803163],[103.91889620019658,30.697084168054126],[103.91833215690583,30.696222821267323],[103.91760520887493,30.695006080586435],[103.9153115336966,30.6958054750718],[103.9133529134064,30.693276167495746],[103.91062090733193,30.689101367829878],[103.90813738679302,30.68943000247607],[103.90783160231831,30.687989191489976],[103.90482493033261,30.688514981453167],[103.90399595355996,30.68304312937648],[103.90183167914668,30.683907943203256],[103.90078601382939,30.683727118490218],[103.89971295882124,30.68340322624658],[103.8995282374092,30.683347707096623],[103.89920401818804,30.683398051084335],[103.89857665986443,30.683632538616372],[103.89831062637595,30.683705194083696],[103.89820218002048,30.683682708627693],[103.89816637513755,30.68220065906581],[103.89749814244685,30.681224334011862],[103.89570445419727,30.68121150041759],[103.89741916639238,30.678393190545194],[103.89784774482114,30.678088206821347],[103.89827641138831,30.677970245283554],[103.89855553444282,30.67797838158211],[103.89889390790299,30.678035728242076],[103.89949842952976,30.678326487766746],[103.89990903323579,30.678418005638633],[103.901188693781,30.67851346240475],[103.9018016361139,30.678292884896692],[103.90212148453853,30.677974055507402],[103.90482061850118,30.678219277132445],[103.9050716336657,30.677253864658184],[103.91039835002789,30.67543401532815],[103.91852977728153,30.67265580770348],[103.92065434237679,30.671429998020052],[103.92092607757574,30.66946273052094],[103.92101053476668,30.669050931979065],[103.92115178846399,30.668987865388477],[103.92133391442566,30.669109481454953],[103.92217204190518,30.669131316660398],[103.9228123568193,30.669024115961978],[103.92467951433146,30.66845724021632],[103.92577529239931,30.66778272484731],[103.9262809751997,30.667203602911233],[103.92697836945229,30.666104927068126],[103.92755884031575,30.664757859586075],[103.92731191000763,30.66382838694609],[103.92661657567506,30.662834227304568],[103.92648261454157,30.662367506998816],[103.92660675830155,30.661952299937017],[103.92724685547068,30.66144432503217],[103.92747486121634,30.66133282012658],[103.92764020657685,30.661329916044043],[103.9287811857257,30.662032895712738],[103.92906805264124,30.662140054172365],[103.92937669998518,30.662142455889146],[103.92968520694045,30.662024938557007],[103.92983653703163,30.662041168427532],[103.93025249770234,30.661912652746977],[103.9304982912953,30.661856761627078],[103.93074019657874,30.661912858322076],[103.93148690698048,30.662273535078484],[103.93193805592252,30.662700704082784],[103.93220682536271,30.66284726249924],[103.93233625727336,30.662949505048665],[103.93241199646627,30.663085225106737],[103.93274763245577,30.663488486526656],[103.93341829259785,30.663740281951334],[103.93434721715691,30.66379715052919],[103.93467331400738,30.663737736176206],[103.93578456497288,30.663436374361705],[103.93619603930865,30.66336319967619],[103.93647739412768,30.663417527891543],[103.9370887277507,30.66349488750381],[103.93784823597125,30.663756226333916],[103.93936534234274,30.663635651143814],[103.9400653952572,30.663314926655236],[103.94031436765239,30.662942303235983],[103.94037668647805,30.662671179155673],[103.94017145927157,30.66204753619282],[103.94027722583829,30.661505031535473],[103.94051414794453,30.66100328207252],[103.94065208721695,30.660869157496016],[103.94087443763263,30.66072118128068],[103.94106612774193,30.66071577993824],[103.94178926077907,30.660818649516436],[103.94260554905222,30.660790960238597],[103.94326102345018,30.660890121360133],[103.94374283512484,30.661136875704404],[103.94397544981594,30.661424123044117],[103.9439946453406,30.662802178603485],[103.94440506878256,30.66318494636714],[103.94490458063846,30.663308047270316],[103.9454000084039,30.663335129414467],[103.94587248629709,30.663259916984302],[103.94644299694987,30.662946163998352],[103.9468256425725,30.66239275515286],[103.94711888708405,30.661783070356712],[103.94742233044678,30.661461486775135],[103.95217980973908,30.66020967422354],[103.95446532567148,30.663191086274214],[103.95852148265988,30.663718638574654],[103.95948610435444,30.665189249665932],[103.95856034996594,30.66701055678565],[103.96093077821347,30.666920278714525],[103.96097893656494,30.665830177635183],[103.96278066240676,30.664977895417458],[103.96314573986811,30.66409601178449],[103.96410099976384,30.66388196186477],[103.96410591200707,30.664864850063942],[103.96467732232973,30.664873409088926],[103.96482457955517,30.66483196390531],[103.96496739262754,30.664801995617882],[103.96520844003847,30.664796037207743],[103.96543167738167,30.664828730538694],[103.96558341927486,30.664783235338156],[103.96661927584604,30.66482129379185],[103.96727121820683,30.664809760728215],[103.96750343400808,30.664803341440514],[103.96756177779808,30.664604887158298],[103.96790710311136,30.663865907516712],[103.96723240505904,30.663283182061026],[103.96736142873513,30.663042974543504],[103.96698617788249,30.662598806626843],[103.9662316063492,30.662569995639622],[103.96577620948582,30.66242790654797],[103.96542715237504,30.662238448673612],[103.96518094286365,30.661487755726977],[103.9647030855202,30.660630256983673],[103.96428623896684,30.659089197647575],[103.96415961039006,30.65755841298842],[103.96517327362251,30.65755430467949],[103.96636465614577,30.657116711010556],[103.96776398319544,30.658700906218165],[103.97303246446434,30.66350195624966],[103.97341319387463,30.66397627055107],[103.9743197596238,30.663498751104207],[103.97478085047072,30.66354168009832],[103.9746924542787,30.66483051805491],[103.97495634021739,30.66481542051495],[103.97518438366036,30.66479528833196],[103.97542637619632,30.66476809923157],[103.97566740043904,30.66475585779109],[103.97594527581896,30.66472451883656],[103.97623115365975,30.664709097029874],[103.97648615575163,30.664681662292374],[103.97666547359225,30.664673320813105],[103.97688861130942,30.66463786012498],[103.97766774170685,30.664565901156593],[103.97767156114543,30.664390915490106],[103.97775951365745,30.662573919160458],[103.97782956684813,30.660791963156626],[103.9796606342589,30.660807972939573],[103.98178373957708,30.660823221842655],[103.98206733659173,30.66219217007237],[103.98235053284202,30.663118114585103],[103.98266985154389,30.664241703919412],[103.98314081330459,30.66427721818227],[103.98335535451174,30.664290569218355],[103.98350305017327,30.66430541098306],[103.98364273718532,30.66428830324639],[103.98375849382423,30.66428737119519],[103.98392514878297,30.66428600989662],[103.98415368581527,30.66428410597093],[103.98406769539245,30.66411385114517],[103.98408551902976,30.663966722492876],[103.98412631850756,30.663842397517918],[103.98418009911167,30.663724960599918],[103.98429570659849,30.66355300219568],[103.98442633667365,30.66343189596618],[103.98460096042197,30.66338737929303],[103.9849233595742,30.663384503249386],[103.9851609468646,30.66339832794317],[103.9861653558254,30.663473632398965],[103.98653714693303,30.662794938171512],[103.9866482825852,30.662059884735132],[103.98663966515073,30.661400063466953],[103.98669729311746,30.661096503313715],[103.98683187949555,30.660862121068675],[103.98698353856854,30.660724529706126],[103.98715422449477,30.660636708590296],[103.98734696660458,30.660631612790112],[103.98766565411537,30.660725072228786],[103.98790853293153,30.6609043083004],[103.98797967837557,30.661144465194162],[103.9879313758867,30.661816925991545],[103.98781489694288,30.662218193545222],[103.98805354626745,30.66318934523994],[103.98812586458604,30.663608456829966],[103.9889469883668,30.663590745240782],[103.9894184649702,30.663494961121966],[103.98964203595357,30.663244190869662],[103.98983444840466,30.66279181011971],[103.99013034809815,30.66187512768891],[103.99028690800925,30.661531136169643],[103.99059258869045,30.661411126719127],[103.99093733346525,30.661363518049814],[103.99111732285476,30.661458064841927],[103.99178609601877,30.661557798263882],[103.99221682561881,30.661446702146883],[103.99251753372019,30.661240394588283],[103.99273718652218,30.660938232946787],[103.99282274468234,30.66049503628388],[103.99268324121313,30.659926155192608],[103.99253009869858,30.659730411271294],[103.99217503715306,30.65954455126177],[103.99183803557052,30.659406352249814],[103.99152396279705,30.65918177482801],[103.99138880384713,30.658942677876666],[103.99129855625223,30.65862896301441],[103.99128509534467,30.658125216779922],[103.9913876587076,30.65770786266781],[103.99153124223734,30.657328927638805],[103.99167404866871,30.6571879571534],[103.9920106758672,30.656930250577965],[103.99222651797658,30.65684218441306],[103.9924464613657,30.65685801530319],[103.99261739982218,30.656844535413285],[103.99294944390468,30.65698264449921],[103.99395203682168,30.65777543107607],[103.99492252341285,30.658273204467147],[103.99499470662474,30.658462031267828],[103.99499494880118,30.658721992598085],[103.99486423059099,30.65903802701357],[103.99468044079016,30.659277899384268],[103.99451080017495,30.659669512122782],[103.99442531515749,30.66021777684504],[103.99452966681352,30.660585096567367],[103.99525881873755,30.662767245607167],[103.99542109918217,30.663032598849206],[103.99566841415013,30.663311555659217],[103.99643287883589,30.66358294337435],[103.99735338801159,30.663745412980745],[103.998036659067,30.6636796681555],[103.99885883265114,30.66336231374344],[103.99970278962773,30.662722354154212],[104.00041285233988,30.662227572024545],[104.00061096308094,30.662177965678726],[104.001087427162,30.662250219658397],[104.00190145980454,30.66257710490883],[104.00246804132597,30.66262850859906],[104.00297530972283,30.66238999650666],[104.0033883856268,30.66203323261307],[104.00395372619593,30.660725660371686],[104.00409745132791,30.660275979245647],[104.00413299648578,30.659755367988716],[104.00381804108801,30.659093451256002],[104.00317873474403,30.65839866543091],[104.00313707169472,30.657728541488318],[104.00343376073437,30.657062015961227],[104.00364867416583,30.656723984530657],[104.00381960996613,30.65645677244798],[104.00393161354745,30.656330658526187],[104.00409373327741,30.656273577890566],[104.00526636011138,30.655548232673183],[104.00561269039335,30.65548358282769],[104.00601831228161,30.655487141017062],[104.00814908083304,30.655997556503856],[104.00912185725572,30.656333562657903],[104.01016007268056,30.656707749855993],[104.01074992410177,30.656898446934537],[104.01115859038713,30.657119633638374],[104.01146514714027,30.657350781998787],[104.01194626119505,30.65797859822409],[104.01213559535249,30.65811501142569],[104.01233846162204,30.658806105661096],[104.0128966768199,30.6594635691014],[104.0133463498643,30.659680176449918],[104.01367077029052,30.659775162065273],[104.0145286808426,30.659848424134548],[104.01604024556424,30.66007725925323],[104.01678176295641,30.660002262551394],[104.01718589248445,30.659824290043158],[104.01755391634337,30.659578011451792],[104.01780982542671,30.6593016941193],[104.01799863231497,30.658968544593943],[104.01821239748782,30.65750514318165],[104.01879510646218,30.6557246972232],[104.01913672410929,30.655098181590848],[104.01986396595936,30.655000458535707],[104.01988661967809,30.654597156562414],[104.01990437481663,30.6543089165361],[104.02233464127123,30.65396489821038],[104.02335838757092,30.653698377826466],[104.02437700789285,30.653478595016107],[104.03465413449214,30.653471914819253],[104.03520988214171,30.653551230868757],[104.03633928922333,30.653896586378508],[104.03739659278139,30.654199267634976],[104.03849833339908,30.654297903553616],[104.04128838858692,30.65424482459429],[104.04432926138912,30.654280353927156],[104.04474442294973,30.65428186483243],[104.0449104503344,30.65402255286219],[104.04516019081065,30.653875591060324],[104.04538811454347,30.65383756787302],[104.04591563058825,30.6538019847781],[104.04685415600454,30.653825832488156],[104.0476990546726,30.653923788232184],[104.04817277586875,30.654066797641878],[104.0495231356417,30.654550307434263],[104.05009510620152,30.65461276998922],[104.05063512916054,30.65459421411324],[104.05108653714844,30.654501101219328],[104.05150603328447,30.654337854106156],[104.05197509499406,30.654031214645034],[104.0526972651188,30.65326926791405],[104.05318390438312,30.652668230327404],[104.05350056608489,30.652108572480298],[104.05392855249852,30.651542156318662],[104.05432091406894,30.651193426051876],[104.05442812480717,30.65101562476335],[104.05494956704193,30.65052048157196],[104.05586951519943,30.650015121539127],[104.0561864263147,30.64985989072863],[104.05653813638116,30.64973912554477],[104.05767188439826,30.649621146242602],[104.0581414476205,30.65035697483956],[104.05863670769868,30.650919275952884],[104.05950801324585,30.652083587525656],[104.06042417130742,30.653427792298423],[104.06114850614708,30.65467263089168],[104.0613853826847,30.655160874058332],[104.0629778710075,30.655160673304042],[104.06319642768689,30.65516385459218],[104.06340206573005,30.655162858865353],[104.06344185114848,30.65521743186626],[104.06593240151905,30.65523847907369],[104.0666919963008,30.65698965788321],[104.06331934325978,30.657063331279623],[104.06321728827446,30.658421621248017],[104.0632670369814,30.658504334067274],[104.06326717487781,30.658651312578318],[104.06310243894593,30.658834881277738],[104.06462340163753,30.65886927591191],[104.06485600610398,30.65902071671905],[104.06496239969519,30.659123288223444],[104.06500718863214,30.659212942933163],[104.0649422642996,30.660934701126944],[104.0663073496161,30.661033194125654],[104.06639905720442,30.663433200268468],[104.06830065492477,30.66346204877626],[104.06841368224569,30.661135135472136],[104.07105188931448,30.66117610995008],[104.07188793479425,30.66247344241132],[104.07397509930473,30.66539474190087],[104.07427906687829,30.665143183012823],[104.07512821417826,30.666289156712413],[104.0746911534093,30.666725849542196],[104.0756620427988,30.66830835219195],[104.07679809113516,30.669841811434658],[104.07853509521564,30.66901108688076],[104.08030848572328,30.66817149694548],[104.08111732516579,30.667797207818083],[104.08196611829267,30.66741102641451],[104.08340137170096,30.66675071048326],[104.08408664983243,30.66786053456678],[104.08423412723722,30.667919995050443],[104.08701323058365,30.672401271522094]]}},{"type":"Feature","properties":{"name":"武侯区"},"geometry":{"type":"LineString","coordinates":[[104.06148277742216,30.64910938823894],[104.06018426335227,30.64907234531527],[104.05936755479277,30.649041310251278],[104.05846644622478,30.64914241813073],[104.05764976784802,30.649275938403775],[104.05585122634905,30.6494830154081],[104.05548959819349,30.64966478268444],[104.05441386224608,30.65057355517357],[104.0541644755714,30.650713831311773],[104.05403533903826,30.650825428007696],[104.05347709711079,30.65136346927025],[104.05263019307058,30.652724707641465],[104.0521345765524,30.653333834393205],[104.05166666155417,30.653810402942355],[104.05115284534322,30.65413674377031],[104.05095201354906,30.65418898539029],[104.05053241017671,30.654270407921345],[104.05026389230073,30.654280191552303],[104.04975458703265,30.65420214723697],[104.04782414509269,30.653602627040776],[104.04701504695733,30.6534537990802],[104.04530715029344,30.65344928397828],[104.04493197890585,30.65359171064628],[104.04469019689849,30.653745748678492],[104.04439592981315,30.654236594028838],[104.04359538116393,30.654226048990992],[104.04032505089738,30.654125420606384],[104.03897266754623,30.65413425219929],[104.03852113587809,30.65415488942707],[104.03766570144907,30.654086612328683],[104.03716409234983,30.654001933150262],[104.03624937469516,30.653717939208647],[104.03548314333207,30.653476029510017],[104.03472184398301,30.653316600214485],[104.03131454818256,30.653334630947707],[104.02891977594598,30.653316958285266],[104.02690963899062,30.653342370594576],[104.02438186746073,30.65331555634918],[104.02366314499882,30.653461209120724],[104.02231150642879,30.653810258485063],[104.02075741627682,30.65401956697802],[104.01922994742957,30.65416080036417],[104.01921234216603,30.65462301816228],[104.01877685324679,30.65545303706501],[104.01857094751125,30.655685411889564],[104.01825237699519,30.65636662872104],[104.0178891107873,30.657413600948374],[104.01777323123909,30.65869639387451],[104.01768345080005,30.65899288043292],[104.01734747172397,30.65925858554749],[104.01684842252126,30.65959015716558],[104.0165742901736,30.65967192238494],[104.01634112510851,30.65969200544498],[104.01367955856057,30.659542029766527],[104.01323792433483,30.659348231312585],[104.01298147121314,30.6591510281001],[104.01271587010547,30.65881003084216],[104.01243677894091,30.657961370073995],[104.0122071537799,30.657554738601636],[104.01186043663223,30.657188323465217],[104.01144166193787,30.656850294716897],[104.01099192993982,30.65660287470275],[104.00819379893437,30.655623745409258],[104.00626919483877,30.655210972805826],[104.00607094084855,30.655179800110627],[104.00586867647918,30.65514070333239],[104.00555825572788,30.655060690744374],[104.00523535086843,30.655136942014618],[104.00478571737926,30.65542147205304],[104.00422344759924,30.655801169816584],[104.00391833818175,30.65603995168821],[104.00359522729045,30.656291058951506],[104.0033793112102,30.656629106742926],[104.00316335689197,30.656920153534283],[104.00296162419191,30.657432893523215],[104.00289480203217,30.657698118027515],[104.0028901738667,30.658105151238882],[104.00305774954742,30.658544932119497],[104.003088976316,30.6587543150766],[104.00366506665043,30.659290333347926],[104.00388088485734,30.659919149582304],[104.00385920044106,30.660276516597744],[104.00376941459119,30.660601182891966],[104.00314597710478,30.66186284089819],[104.00277292413828,30.662195834841217],[104.00247166648187,30.662232490923955],[104.00211232183386,30.66222821701738],[104.00173487347791,30.662122261539757],[104.00106406307151,30.661889695494153],[104.00074476890794,30.661860559290897],[104.00047958898654,30.661896398590613],[103.99998543599105,30.66213533580074],[103.99919955041132,30.662836339738533],[103.99891249887324,30.662977414553932],[103.99761827332593,30.66349691234216],[103.99739821178035,30.663539674805328],[103.99712407068377,30.66351634227435],[103.99603639005527,30.663193552627586],[103.99577616229459,30.663022837895817],[103.99560986882283,30.66275357949587],[103.99539310424889,30.661996184849404],[103.99524443772093,30.661322663649287],[103.99492463469025,30.660520873696306],[103.99478928883485,30.660169064348086],[103.99480286483876,30.65971890870282],[103.9948966122489,30.65944146004069],[103.99524204320228,30.6587880340657],[103.99529070256249,30.65841430250693],[103.99526856943405,30.658274676928094],[103.99519146914488,30.658178926756797],[103.99444998148678,30.657720724852293],[103.99332636559117,30.656973036257952],[103.99281019648578,30.656674738969485],[103.99260819429945,30.656614702091492],[103.99230229788152,30.65662712717853],[103.9917907103994,30.656871366241127],[103.99136022093283,30.657215309797405],[103.99127044118732,30.65740651758127],[103.99098392109708,30.657760373075376],[103.99104788504026,30.658838358192654],[103.9912951864152,30.65930091847642],[103.9919284622235,30.659898010425703],[103.99223847265162,30.660029578624133],[103.99237360996348,30.66022161024052],[103.99238298973485,30.66062542170553],[103.99234220171543,30.660834981985214],[103.99217642984547,30.66101633669623],[103.9917817539749,30.66119690672682],[103.99079813642012,30.661070429694593],[103.99029156077289,30.661170123193223],[103.98989213066096,30.66145925014874],[103.98957403915962,30.662142194061612],[103.98943963013582,30.662640811258882],[103.98940404000068,30.663037202049605],[103.98935920217433,30.66316574251326],[103.98916254498454,30.663339148260906],[103.9886780647662,30.66339200729312],[103.98849820817479,30.663347147954504],[103.98831419258462,30.663124337518724],[103.98815712357175,30.662870195408857],[103.98805792930806,30.662549380864313],[103.9880306712664,30.662246734079588],[103.98816861599931,30.661305272096996],[103.9881143892372,30.661002938567968],[103.98800230857726,30.660783254976234],[103.98775038019988,30.660545145700954],[103.98738775803437,30.660467187695573],[103.98703726540957,30.660513983611295],[103.9867059183939,30.66071546464542],[103.98645969668733,30.661156957103355],[103.98641040370056,30.661821372619443],[103.98625429738755,30.66250986720284],[103.98615176493655,30.6628338557132],[103.98605306422914,30.662985821117037],[103.98580656831814,30.66310123449165],[103.9847354696975,30.66313822358029],[103.98453788362966,30.663181960401246],[103.9841568414533,30.663407200670342],[103.98388369620567,30.663723428755034],[103.98388003820206,30.664073410256634],[103.98340007961306,30.664104247011803],[103.98327397285927,30.663705280015044],[103.98303581609356,30.662989189174464],[103.98291070930387,30.662582177245923],[103.98282953459724,30.662205826797774],[103.98273041097296,30.661837599906992],[103.98266725444573,30.661520099652716],[103.98259503097886,30.661108673792178],[103.98253677360965,30.660694145275144],[103.9797592616702,30.660729524516093],[103.97774878485984,30.660726213195435],[103.97771362188746,30.66147520966409],[103.97767875075371,30.662527161341057],[103.97764873865918,30.663448116223677],[103.97761827668305,30.66389813829515],[103.977604551774,30.66413514293561],[103.97760980766387,30.664422086741443],[103.97738561407972,30.66443469485141],[103.97711759803045,30.664454363253803],[103.97679083172473,30.66449009114204],[103.97634255614857,30.664529938523593],[103.97610549691939,30.66456131385597],[103.97566326883506,30.664600885114204],[103.97544814054662,30.664613102114814],[103.97526092368824,30.664640255588512],[103.97498307024166,30.6646484316209],[103.97500552425056,30.664174489288456],[103.97508054564918,30.663475548293448],[103.97429280799355,30.663428759364898],[103.97339918203095,30.663898270097164],[103.97310811144239,30.66349404360546],[103.97272755653093,30.66317560697241],[103.97165872697177,30.66221873002571],[103.97083108455925,30.661431622346125],[103.97017783053387,30.66080055864768],[103.96916730099646,30.65986867309839],[103.96871140965817,30.65947064796836],[103.96778182755763,30.658643013115917],[103.96637355294332,30.65706177811179],[103.96515038592987,30.657523139421045],[103.9641287842011,30.657535165554712],[103.96425942223024,30.659103979227353],[103.96467626334326,30.660641046892124],[103.96514518511586,30.661510486317265],[103.9654003422666,30.66226524999883],[103.96576234150582,30.66247780189993],[103.96620879162823,30.662620835760315],[103.96698621803812,30.662640800554474],[103.96730773531912,30.66303966186038],[103.96715187905816,30.66329070245785],[103.96729925824619,30.663532537894994],[103.96778683631626,30.66391924542893],[103.9675186527402,30.664216701531384],[103.96740270554966,30.664619974871304],[103.96429554487726,30.664690415559527],[103.96413873864161,30.663859273574033],[103.96311744262336,30.664012570750394],[103.96263546900956,30.664925094264593],[103.96090583589682,30.66574621444433],[103.960799662686,30.66690993945982],[103.95869431432409,30.666918103715336],[103.95956655680374,30.665204129850107],[103.95854826226112,30.663686950897777],[103.95451697610768,30.66310920867753],[103.95226682440321,30.660096352083126],[103.94880849518391,30.6609174786422],[103.94837792191495,30.6579917721405],[103.94773855554506,30.649639107623646],[103.95187351464877,30.646467484529055],[103.95244012629672,30.63430009661511],[103.95971815160291,30.62805464034539],[103.95472715721353,30.621161093804695],[103.95658783841195,30.613109629098552],[103.96530029655841,30.608724240358807],[103.96475059821925,30.587099943461048],[103.96458288614436,30.58483915909824],[103.96481352481864,30.58354634510035],[103.96645805675222,30.580574515297997],[103.96774553659505,30.57803443036507],[103.98550438131927,30.589818526632605],[103.99584706061353,30.588812690627314],[104.00295984568471,30.582273865542337],[104.00951373815353,30.587317155771885],[104.01474827631348,30.584256515046917],[104.0213692277548,30.58952729895288],[104.02304718308321,30.59085391606132],[104.02468062113267,30.592221858487896],[104.02642154402027,30.593528381368717],[104.02818874875473,30.59493777242889],[104.02840316347196,30.595316296518615],[104.02845830162038,30.59619099725374],[104.02950760577865,30.60340491657125],[104.02259064400279,30.603530926044613],[104.02250253662393,30.60556379049893],[104.0220464762481,30.61279154847496],[104.02256689267412,30.613467525176702],[104.02444653183966,30.6159300013853],[104.0242708556582,30.61685974731703],[104.02427968416019,30.617081492763674],[104.02433350879298,30.617293647407465],[104.02461092638302,30.617965584557144],[104.02475056201608,30.618406499386488],[104.02482120330852,30.618883298473772],[104.02506297029774,30.62062716995657],[104.02501377476655,30.620981594624208],[104.02515655951682,30.62124362600145],[104.0253633397514,30.62146189309794],[104.02460442132404,30.62184839629716],[104.0259907898504,30.623787880698412],[104.02771183478343,30.62300752097997],[104.02964731602167,30.622066630461656],[104.03081271878828,30.623997309854428],[104.03128469024732,30.624657122179055],[104.03219858923221,30.62604050930909],[104.03318019393843,30.627703070028755],[104.0328308197107,30.62793322366849],[104.03354715624334,30.62887325730592],[104.0322554449654,30.63010118416779],[104.03237217152648,30.630535168086624],[104.03553622447589,30.63119999994933],[104.03648351774714,30.632266036352412],[104.0395826125186,30.637120645456495],[104.04180344162125,30.640724405943615],[104.04670390530393,30.638194045082653],[104.05256491927977,30.635567736830076],[104.05620806358324,30.635638337396212],[104.05604727281283,30.634774506526494],[104.05604723562375,30.634277541053258],[104.05597579773823,30.6339660962591],[104.05608291444312,30.63353251663608],[104.05611415733323,30.63286897510525],[104.05604276686428,30.63199844842245],[104.0560428185063,30.631315128784987],[104.0559000943017,30.63031953197989],[104.05597162210799,30.629668115641028],[104.05575755218113,30.628702756844376],[104.05554369881212,30.627147296296638],[104.0553301227853,30.625188098873426],[104.05522332681247,30.62437933958347],[104.05515227487227,30.6235709922371],[104.05500964903165,30.62310349526232],[104.05500990620017,30.62260655029255],[104.05497458125026,30.62189179196683],[104.05493920574911,30.621301271158448],[104.05493969465358,30.62049373842485],[104.0549042747166,30.620027455149504],[104.05497609069667,30.61943813532377],[104.0550480066542,30.61872458307461],[104.05508407178235,30.61822804310615],[104.0550843867351,30.6177932186483],[104.05515630069678,30.617141788616014],[104.05508604143039,30.61565015382783],[104.05508747785073,30.613936106036615],[104.05492876799624,30.611698042188163],[104.05505074617896,30.610173601969638],[104.05518106165381,30.60929763046441],[104.06052134096618,30.609242764201593],[104.06333845509536,30.610121590303564],[104.06467615918154,30.611104186336128],[104.06621226070777,30.60996247778607],[104.07519434304427,30.608993998434983],[104.08463562036516,30.60836360772254],[104.08513435755478,30.610853141819415],[104.08405814292018,30.613327478084983],[104.08369866685173,30.61512527406246],[104.08354626122424,30.615488651571336],[104.08339378912734,30.615945191688734],[104.08290114685357,30.616700932330208],[104.08270424083717,30.61683857679981],[104.0824581099169,30.617026130519278],[104.08225215577241,30.617326685082777],[104.08220737580514,30.61740383574682],[104.08213575592674,30.61749233325862],[104.08202376749101,30.617743435922275],[104.08182685158799,30.617954747792073],[104.08174619611813,30.61817901111021],[104.08173713900165,30.61833420367977],[104.08174585678333,30.618644893932853],[104.08180836418256,30.618777604783546],[104.08195136388298,30.618911221361365],[104.08197804125726,30.61912893519237],[104.08199583630378,30.61926113634326],[104.08292523570643,30.620515656796936],[104.08294242693101,30.6216456160455],[104.08274541641097,30.622006481766093],[104.08212738488602,30.6235875951896],[104.08173602265175,30.624223450624555],[104.08169964386609,30.625430412019586],[104.081806786034,30.626390147109184],[104.08194506033973,30.626698557154228],[104.08262881485487,30.627521725842634],[104.0835457331392,30.628455008688633],[104.08406455424348,30.628895083716255],[104.08432451496931,30.629014611811186],[104.08478073801791,30.629204955307806],[104.08542933382438,30.629346960378495],[104.08604218907105,30.62936043644504],[104.08786541180653,30.62933624363205],[104.08932941603375,30.629385391562543],[104.09030204279496,30.62966314553811],[104.09057541017968,30.629815600597695],[104.0908707082644,30.630218001889254],[104.09101435101786,30.630583584836927],[104.09105023712813,30.630851650571316],[104.09111705919148,30.631165853077487],[104.091381478367,30.631691936627536],[104.0914852261076,30.63232117022339],[104.09143529121172,30.632871703297475],[104.09087539379543,30.633855493114698],[104.09065087205877,30.634118193516613],[104.09050320026937,30.634389280075165],[104.09011814459895,30.635551654517734],[104.08990768166534,30.635977256428692],[104.08975014224194,30.636594082712403],[104.08931646718987,30.63794589927297],[104.08900742170191,30.638611658006262],[104.0880445694547,30.6402863861401],[104.08727014320284,30.641010263235138],[104.08615627096185,30.642274670452792],[104.08572201174296,30.642814694214977],[104.0853285590046,30.643129033862472],[104.08440718610049,30.64352816312336],[104.08318524357284,30.64388062881206],[104.08158941926145,30.64438792603003],[104.08092761691601,30.644686150585883],[104.08092767660797,30.644795123570926],[104.08082020796634,30.644847838261576],[104.0806778654753,30.644827149642207],[104.07890807334176,30.64575702609493],[104.07808663260626,30.646285249321647],[104.07779625371751,30.64643338129288],[104.07693821978057,30.646996728064856],[104.07565277209498,30.647618822336092],[104.07526804272885,30.647738372492768],[104.07477694001825,30.64783936274906],[104.07375001486373,30.647906523269157],[104.0725184276773,30.647900418461443],[104.07225500902982,30.647857516251715],[104.07192008059977,30.647875521290995],[104.07008969783242,30.64810392574044],[104.06964349658702,30.648043175258202],[104.06793854931914,30.648133242790188],[104.06607788027803,30.64834999633163],[104.06517700695738,30.64861240114031],[104.06449466552472,30.648819180613053],[104.06368204802733,30.648827169611547],[104.06260729102223,30.649013468805638],[104.06148277742216,30.64910938823894]]}},{"type":"Feature","properties":{"name":"高新区"},"geometry":{"type":"LineString","coordinates":[[104.01596157371644,30.546690347006777],[104.01394643805556,30.545295783638704],[104.00984377668325,30.544005144558884],[104.0080438815831,30.54211085139936],[104.0094806835106,30.540155181285442],[104.01394263460868,30.541314925235174],[104.01631475694283,30.54027724137168],[104.0166007480321,30.537908274116525],[104.01780276136361,30.535908628464792],[104.01842511562144,30.533606243425815],[104.017703107799,30.529108660413065],[104.02470132077728,30.528928687703758],[104.0342496126685,30.53175915724764],[104.04138832765669,30.531945106804848],[104.0417065501291,30.538057144953658],[104.0437821294677,30.538054499365565],[104.04379196936286,30.538987493547367],[104.05026438135236,30.53901602631094],[104.05030216636602,30.5357854817068],[104.05469184795774,30.535812883466207],[104.05480789151783,30.536630126668868],[104.06144959256245,30.53657882658778],[104.06108218807734,30.532545928087067],[104.06678554748659,30.535570478430806],[104.06834320768387,30.49896916517351],[104.07671906317502,30.49879678507139],[104.0769766860233,30.50101821033058],[104.08147271853507,30.501142968394895],[104.08675457889636,30.497743294199847],[104.08899348894279,30.498195445028163],[104.09285232007318,30.49621815506116],[104.10471103256653,30.49580820209587],[104.10394017130326,30.504763712749224],[104.10984249466057,30.50342938228337],[104.1120450188416,30.499177342073054],[104.1184336743731,30.49922417515531],[104.12175431327397,30.504216112846134],[104.11687747870123,30.50555807086122],[104.11987315190896,30.510836541749416],[104.11792345384382,30.5178614294211],[104.1232902367598,30.523430230580377],[104.1189766983442,30.529712452970106],[104.11970028010671,30.53446985994388],[104.11953453130569,30.537931371181585],[104.11840904357379,30.54146179177973],[104.1158471736887,30.543144280420567],[104.12010998000078,30.544704177730054],[104.12487956273729,30.54463445288825],[104.1249361228505,30.547012548458692],[104.12065447994392,30.547464385425826],[104.11926696563314,30.551806694301717],[104.11091073305145,30.550787891535293],[104.10651843034859,30.557464781305775],[104.1115417425394,30.564026822658043],[104.1110383597995,30.570248302478483],[104.10473245108417,30.57081126432801],[104.09692761334644,30.571268038030684],[104.09348136749328,30.571199694966808],[104.09028905797751,30.570905463507863],[104.07969165360146,30.56931404268403],[104.07945994382885,30.571238534451954],[104.07847592535714,30.5718317613156],[104.07641145923799,30.5760155043299],[104.07594614478842,30.578976770327802],[104.074070740864,30.579400868462034],[104.0768819673279,30.5831696541631],[104.07596412241085,30.58749665470847],[104.07574796141117,30.589233630236762],[104.07692847033464,30.59263189884387],[104.08045850701123,30.593679707950002],[104.08079647366331,30.595174810653027],[104.07952451734796,30.59723994729168],[104.07878970419937,30.599654042797507],[104.07862594214448,30.60212129713479],[104.07996562862209,30.603676168298293],[104.08207470308128,30.604803233976586],[104.08389000533018,30.60492254234822],[104.08581690858398,30.60856093678179],[104.08090521890347,30.608562187472536],[104.07540896138798,30.608748552658426],[104.07347998976688,30.608596566779212],[104.06473876414492,30.609128643346555],[104.05514537626537,30.60926808758924],[104.05500093340889,30.61091263272922],[104.05500096528472,30.622629744300625],[104.05576645368507,30.628819334491062],[104.05608741706536,30.631804850774156],[104.05615895674106,30.63559504599499],[104.05252775636514,30.635546201683546],[104.0496931326447,30.636835473528283],[104.04182579592444,30.6406817262492],[104.0355831536563,30.63117849738676],[104.03239221538912,30.63051311239953],[104.03224645668108,30.630131234887134],[104.0335651170752,30.628881145872818],[104.03303845604286,30.62727664612245],[104.02965728852897,30.622093522911808],[104.02602681524384,30.623690497663436],[104.02514476586258,30.62224571634929],[104.02561203454657,30.621587628455757],[104.02475400558721,30.61585264238553],[104.02216351283094,30.612758850647534],[104.02269856212351,30.60360732288174],[104.02962828096787,30.603570672267438],[104.02852023169388,30.595122224496105],[104.01476648866604,30.583938358013377],[104.0261403378975,30.576771479937424],[104.03389482828925,30.574609783795434],[104.0307038215532,30.565828829648947],[104.02567780127936,30.566068267843235],[104.02315960495861,30.55776909599991],[104.01596157371644,30.546690347006777]]}},{"type":"Feature","properties":{"name":"成华区"},"geometry":{"type":"LineString","coordinates":[[104.08732840364961,30.672594750088294],[104.08893358065271,30.67176848429699],[104.093907483287,30.667223415265816],[104.09338279701511,30.66579343665636],[104.09137863391457,30.66545466022308],[104.09030281433994,30.663739683849485],[104.08865592208646,30.659754372477792],[104.08576821118604,30.655989329316544],[104.0934483064711,30.652261316566182],[104.09470442948256,30.651697846561262],[104.10758076853043,30.645735512731193],[104.10978298136972,30.64472992820201],[104.11095877385142,30.64413274588823],[104.11215398669052,30.643549523383047],[104.115211264217,30.64213170095739],[104.11701138280182,30.641290112995726],[104.11919600776932,30.640262993184933],[104.11936288112022,30.640271676218607],[104.12249949704037,30.639269126194467],[104.12293884228284,30.63910286207495],[104.12482037416927,30.638769378326835],[104.12481564134386,30.638672897966515],[104.12485082026168,30.6385794010103],[104.1256312805456,30.63822380533493],[104.12571265046017,30.6377797282105],[104.12690549807984,30.636904074378982],[104.12661666349194,30.636147687498912],[104.1263992581872,30.635141326119115],[104.12547776153643,30.63332288593143],[104.12456447800147,30.632341975594805],[104.12429393474162,30.632043142249515],[104.1233728202613,30.630581471033473],[104.12389687320606,30.630177869666966],[104.12496321647006,30.62917639591089],[104.12325580925004,30.627640569451138],[104.12465618826378,30.626540267537774],[104.12227661459782,30.624222727949835],[104.12517300255246,30.622498670939812],[104.12855408705836,30.620553939810055],[104.13010193689384,30.625105342777374],[104.13225715133868,30.624272262031827],[104.13156126683087,30.623727632657406],[104.13163903742691,30.623108838521052],[104.13168473986947,30.62229662484462],[104.13174732442195,30.6219159300055],[104.13214988389522,30.62162626726587],[104.13440016044662,30.621617467132463],[104.13644192312682,30.621667987697275],[104.13643408781282,30.61970422729387],[104.13798804277732,30.619388628575095],[104.13903520159842,30.620308376906568],[104.14042763565743,30.61883220651689],[104.14116884177463,30.616991216846127],[104.1421811120972,30.618316084946926],[104.14388312737441,30.623917154966026],[104.15362649309907,30.6227534426499],[104.15529663431639,30.623863596422733],[104.15851819694463,30.62603744736013],[104.15886477088726,30.625960446011838],[104.15925539659975,30.625837713636788],[104.1601103204042,30.62645450392198],[104.15989386056377,30.627032377924944],[104.15961530269239,30.627683038922537],[104.15947102994288,30.62796240106753],[104.15941291284076,30.628102136683903],[104.15940786989772,30.628245052548024],[104.15951594090706,30.628576269359506],[104.15961001872189,30.628801496546803],[104.15951084451373,30.628983064310003],[104.15956797817066,30.62945877589246],[104.16030196737182,30.632305343133698],[104.1613197226739,30.63430152908144],[104.16200131670351,30.64439405721325],[104.15482652361896,30.645898517241974],[104.15608888828051,30.648011035561158],[104.15663017275047,30.649564134246656],[104.15810811744323,30.65226904085291],[104.15472371033306,30.653198168886824],[104.15645816205479,30.659161423307697],[104.15804710898072,30.66425810440015],[104.15682964781949,30.671771849071984],[104.15726516002606,30.67512575119556],[104.15978556786094,30.676995878584574],[104.16194465723544,30.678247508380302],[104.16819143546562,30.670845443642353],[104.17242792949239,30.672137837018536],[104.19035112064235,30.677593613494],[104.19694757501435,30.68565545751005],[104.2114033392024,30.684547045160993],[104.21480195584205,30.6818703826546],[104.22143776869699,30.686024318176983],[104.2289749045026,30.68532487525404],[104.22532677669335,30.689043728157205],[104.23365354623228,30.689447712973166],[104.22571511986635,30.696383304870402],[104.22108248744922,30.70788401605918],[104.22087444632187,30.70879179790883],[104.22643383172912,30.713003105682795],[104.2234174157164,30.716403492649246],[104.20923808686382,30.71543963864778],[104.20438142429155,30.70694261242366],[104.19791656119375,30.713409758232746],[104.18706815578798,30.710717334639288],[104.19120844167493,30.716753138544966],[104.18520209147151,30.727287602050836],[104.17896735749719,30.72320249310403],[104.17818618814547,30.731067280711642],[104.17355262021053,30.732491977716194],[104.16446233886552,30.729657681462378],[104.16908933539844,30.727379436577017],[104.16215784878763,30.723964803685092],[104.16326980276308,30.73512079236155],[104.14280905524092,30.742872031801177],[104.13752986663074,30.739832197960528],[104.13556748101273,30.746212714298746],[104.13201246079532,30.75092654064224],[104.13052924033776,30.750006414535946],[104.12638188133451,30.750072780009162],[104.12632858882694,30.75149261990488],[104.1243057571127,30.751928835607053],[104.12248436612039,30.744905836886314],[104.12582790423396,30.74395974210895],[104.12490985491796,30.74236492097478],[104.11961223939161,30.74108745802871],[104.1187826619581,30.739038258558363],[104.11462950373527,30.739263991830345],[104.11427809876896,30.73709061540024],[104.11253123777665,30.736650509499388],[104.11158617614352,30.73469900296233],[104.11087387256755,30.733217886509227],[104.11065115449964,30.73118996528791],[104.10424538813052,30.731518957531932],[104.10201729147705,30.733487644201915],[104.09932267286729,30.73366705305535],[104.1010882430524,30.72590877931867],[104.08839178098991,30.72122673320724],[104.08596124081211,30.715499719749054],[104.08195248141864,30.716079868986043],[104.0788765404195,30.716663301427342],[104.07826718387945,30.718121312913745],[104.07690624950727,30.720212550270922],[104.07124844624848,30.716338783677028],[104.07089099347617,30.717015894643534],[104.06919967038054,30.718354340957386],[104.06856538955581,30.71889533016633],[104.06832373223462,30.719543099304254],[104.0680331044979,30.719078967510114],[104.06762997382656,30.716890488460564],[104.06678729524626,30.71506605590522],[104.06878191255532,30.714482800101948],[104.06871086470099,30.713970095539025],[104.0686803870145,30.71362888126615],[104.06865435824727,30.712775105535393],[104.06872097187166,30.712729152189315],[104.06875309813095,30.712368900814248],[104.06880202341176,30.712106833476476],[104.06876299597467,30.711306811329052],[104.06874930054401,30.711062776218352],[104.06841048402218,30.711064620104736],[104.06710702847002,30.710978866949244],[104.06706754185699,30.710687473793815],[104.06693027505945,30.709712075541297],[104.0667571847333,30.708771102884256],[104.06679302245006,30.70868170722846],[104.06720050005536,30.70868714130727],[104.0672855104494,30.70840531069707],[104.06766039249035,30.708360583497345],[104.06769188220441,30.708039155508974],[104.06843088985677,30.708025040656825],[104.06852933811247,30.707917611336875],[104.068580520789,30.707284733249814],[104.0684582801574,30.70728795463957],[104.06850362592583,30.706424219461127],[104.06853944192127,30.70635880755885],[104.06901236977292,30.706396976216283],[104.06968207846306,30.706407145543828],[104.06962924125149,30.705223116913256],[104.06984558123317,30.702422159784778],[104.0699054728514,30.69982460575913],[104.08006049136006,30.69985550353166],[104.09031848388753,30.699701087779395],[104.08916695305294,30.697796094681095],[104.09153300161567,30.696603141923067],[104.0912687566498,30.695523414272543],[104.09089668524027,30.69450502190462],[104.08963760910108,30.693920088417432],[104.089253608455,30.693200148720102],[104.0901674748687,30.692158098094435],[104.08936134337505,30.690043096230465],[104.09146163497833,30.6896080845636],[104.09024289004238,30.68775438123329],[104.08896058205593,30.6859570563563],[104.0864386328967,30.682159111727525],[104.09245901374838,30.67916999672785],[104.08732840364961,30.672594750088294]]}},{"type":"Feature","properties":{"name":"金牛区"},"geometry":{"type":"LineString","coordinates":[[104.07467676847351,30.804889360799844],[104.06567355468289,30.800991078346133],[104.06056509785935,30.800329035838622],[104.05595077075003,30.786931251841395],[104.05948819069916,30.78290337646907],[104.06847037983012,30.78154055654641],[104.0686751672383,30.773917204016154],[104.0685485840944,30.770138981829],[104.07024813832075,30.768123195913244],[104.0697804475044,30.766988775880336],[104.06790659858426,30.76739296915934],[104.06700972510929,30.766616992410796],[104.068233734513,30.761333753548247],[104.07262148803356,30.76649266920129],[104.07337952967862,30.76409872359827],[104.07726879425688,30.76431630820652],[104.07927888617145,30.767380661688772],[104.08461986076018,30.77030683482661],[104.0872160782855,30.770579456131344],[104.08737447943037,30.76763458142414],[104.091587050099,30.767692027573172],[104.0927730556923,30.76827394523377],[104.09420788512706,30.767409978041748],[104.09226873005214,30.764921857882793],[104.09291374651886,30.76349748599407],[104.0949950001867,30.76269684476892],[104.09693394933112,30.762016737480256],[104.09837149229821,30.762760946292058],[104.09939502667166,30.760652356210514],[104.07203456355403,30.74846976391111],[104.06945478605721,30.746171639446118],[104.06536592925242,30.744192336373725],[104.06376782931642,30.744334876045084],[104.05901933228999,30.748130862568058],[104.05680772825343,30.7506800945675],[104.05216281383024,30.753646394947392],[104.04881196312269,30.754230787970076],[104.04820412569457,30.75439753999427],[104.04761413995155,30.754618662194567],[104.0468012340943,30.755272607511177],[104.045701443338,30.75491019555266],[104.04446702278956,30.75453329685529],[104.04049392318305,30.753308397732326],[104.03767436221347,30.750480958176563],[104.03621273563738,30.74902115388645],[104.03739472963038,30.7477611526455],[104.03652634695857,30.74719808084626],[104.03531675839146,30.74637230846369],[104.03437771611543,30.747205394009544],[104.0314205577163,30.744293549301585],[104.03355570025035,30.742046212500107],[104.03518796924385,30.740393672038746],[104.0353936383034,30.740112938905504],[104.03530385544627,30.7401213311749],[104.03555535715769,30.739918371563892],[104.03633489352335,30.739054916157073],[104.03411546587658,30.736149038054332],[104.03295828471549,30.73691645556948],[104.0319009628043,30.73598549580465],[104.03153326161792,30.73515088859598],[104.03119356357985,30.73425422286323],[104.03115762031263,30.734254511435516],[104.03118456505779,30.734269283939106],[104.03113961549346,30.734293627619195],[104.0293629712415,30.73565026129417],[104.02856348338788,30.736146765675624],[104.02741410162167,30.73674851472146],[104.02516861824674,30.737945319313074],[104.02444969654525,30.739660419396902],[104.02401813029094,30.740736436058043],[104.02391902913298,30.740939637062052],[104.0234694819883,30.742024065751384],[104.02258749971092,30.74408318245966],[104.02132150755826,30.743799060161695],[104.02002727517085,30.74352530785442],[104.0188138513385,30.74328909109426],[104.01860364102316,30.744340253752327],[104.01839887617047,30.747777231989186],[104.01812906140802,30.751255833200624],[104.0160075580984,30.751090547501406],[104.01039590108793,30.75096257882767],[104.0118353762234,30.752997152925882],[104.01275238596152,30.754221318128053],[104.01429019175649,30.75648783325273],[104.01216942584126,30.761366220100808],[104.00974147180847,30.760854630625065],[104.0060178798873,30.760173734749245],[104.00428185333186,30.75987318215022],[104.00304948523511,30.759594705380554],[104.00168310354317,30.75933341505814],[103.99939013009063,30.75883245411715],[103.99672957083465,30.75825787065214],[103.9944290248861,30.757876362262],[103.99433965360535,30.75559777338987],[103.99417158033194,30.7525658610701],[103.99615709918622,30.750301252770626],[103.9940344246914,30.7478485608722],[103.99653254351377,30.745698687084094],[103.99790262887916,30.744502128033734],[103.99659508511645,30.744497390419344],[103.99687362413005,30.743585294599853],[103.99754842785663,30.74258946535934],[104.0005734788966,30.74232196416308],[104.00298990507058,30.740201460175825],[104.00106741883536,30.738376612641623],[103.9990014343772,30.736382427117533],[103.99624720871456,30.73396852705262],[103.99517888722959,30.73297069695147],[103.9944053819341,30.733479552149113],[103.99430749292125,30.73335617171809],[103.99430752698406,30.733318199957253],[103.99526014599759,30.732697600699694],[103.9942535137534,30.733334027813928],[103.99352627366206,30.73256176356404],[103.99427270522108,30.732030723417356],[103.99385901834485,30.731719345348257],[103.99191719663364,30.729953336470825],[103.99364173862139,30.728934823249023],[103.99337365898063,30.728055565125548],[103.99285329561921,30.727535717252618],[103.99075120575597,30.728542498280916],[103.9892493744706,30.72657239083032],[103.98860238377236,30.7271857515269],[103.98767752637903,30.728087727200904],[103.98589023873221,30.729936105083695],[103.98266843846135,30.733291046368056],[103.97841566614962,30.732019911097417],[103.97335188927075,30.73059467451347],[103.97104639513928,30.730047773653286],[103.97394562583254,30.72722963943331],[103.97494838216014,30.726237353337744],[103.97666843074781,30.724482581257405],[103.97781522245067,30.723595406501637],[103.97822726838113,30.723159435425927],[103.98079135550935,30.720314163946934],[103.97615006886116,30.719066720596302],[103.97435285764715,30.718610424431223],[103.97330442809339,30.720579393963693],[103.97262487247966,30.720268798761257],[103.97200298862262,30.72106207371763],[103.97130477933885,30.721649980897006],[103.97082993498623,30.722811732127724],[103.97189250460448,30.72393161144905],[103.97075593158046,30.725075745718065],[103.96915695872539,30.724457228896046],[103.97019548182375,30.72253085888922],[103.96931195298727,30.721766988250458],[103.96875767973333,30.722036285004336],[103.96802363774036,30.72310277947763],[103.96658542920275,30.7235829873888],[103.96618315353773,30.724215862447984],[103.96530739812002,30.724271671423182],[103.96427996712266,30.72505515497613],[103.96390480452555,30.72557168534456],[103.96423429322833,30.725977075246206],[103.96527842164811,30.726333866342735],[103.96530495346427,30.726628834042767],[103.96505524354507,30.72686779572594],[103.96496550384313,30.727153898497004],[103.96473251520152,30.727578787461443],[103.96475875891262,30.728160544589176],[103.96480207944315,30.729564807321264],[103.96427500148046,30.729948365157107],[103.96324890386288,30.729598005367652],[103.96329425982235,30.728946896451777],[103.96180424816043,30.72875533592005],[103.96072389811313,30.729403051094447],[103.96001973810444,30.72840341215197],[103.96085065783403,30.727791579642258],[103.95968298878812,30.726531207462713],[103.96037666487742,30.72416544743287],[103.95957501897654,30.72339643814026],[103.95889703494643,30.72314109170404],[103.95798680087539,30.723790100857595],[103.95660247993493,30.72500646850267],[103.95436954881428,30.724327412338084],[103.95312286011418,30.72331449740023],[103.95287795268678,30.723058362390766],[103.95257445093787,30.722833384738497],[103.95197360322038,30.722197589604026],[103.95189387335789,30.7215559753733],[103.95189825608908,30.721160338595634],[103.95181941464588,30.720616659460976],[103.95171656975549,30.72024651229611],[103.95169513032542,30.719862506410365],[103.9518958981672,30.719605490995573],[103.95246705366286,30.7192026824708],[103.95282361961696,30.718986729509716],[103.95324255274424,30.71893746210828],[103.95352850335779,30.718864377198617],[103.95380938737031,30.718895122189842],[103.95434807479913,30.71920904361142],[103.95481113702469,30.719710741622276],[103.95522194016064,30.719878945146462],[103.95557336978025,30.719872462769015],[103.95595772883958,30.719710468413112],[103.95630158992479,30.719358055411107],[103.95697503846682,30.71904061447225],[103.95730966743673,30.719001704740045],[103.95789339694572,30.71908660314956],[103.95825881806833,30.719063898293726],[103.95848631024796,30.71896160671154],[103.95871889516705,30.718739438663786],[103.95926392466771,30.71790020827498],[103.9597773498933,30.71690859223067],[103.95999665964014,30.71607757922325],[103.95976988928328,30.715408631508467],[103.95965503608208,30.715050647476374],[103.95957491724216,30.714716018974602],[103.95956630519015,30.71437417636503],[103.95972232871614,30.714259963215998],[103.95991403779445,30.714219067708193],[103.9603291829726,30.71420849866546],[103.9607571995845,30.714262917890164],[103.96186331474973,30.71470062435316],[103.9626391013829,30.71478185480152],[103.96334961238828,30.714640299993714],[103.9639519438728,30.71444056214967],[103.96472418257544,30.714333837637707],[103.96608097756152,30.71423477946726],[103.96704131816355,30.71421796196704],[103.96777814307377,30.71415227087755],[103.9682874813977,30.713934131178004],[103.96861892167988,30.713636997025734],[103.96882016848205,30.713258232512583],[103.96891952144671,30.712277407267692],[103.96897247624106,30.712005845938947],[103.96940296008675,30.711085394039987],[103.96938560680793,30.710437780439314],[103.96922484602854,30.709990405459436],[103.9690372509057,30.709516905061783],[103.96902871028979,30.7090042223775],[103.96911480756441,30.708284103165187],[103.96923934225863,30.708012835668796],[103.96952986315945,30.707909134922808],[103.96970492624048,30.70791783645258],[103.96988790398862,30.70799249846221],[103.97045475970329,30.708250356715293],[103.97071442009724,30.70826618922633],[103.97100895793211,30.708232101431193],[103.971496728342,30.707977587945116],[103.9717069584922,30.707633326060808],[103.9716265494492,30.707365318677592],[103.97129151634097,30.706929767144214],[103.9711801896581,30.70676257746515],[103.97115745663318,30.706545658971326],[103.97122029778018,30.706324977756083],[103.97159663226928,30.70604612587744],[103.9719006132052,30.705360266057543],[103.97188719747277,30.704545761710314],[103.9718166273493,30.704402698427216],[103.97180277759448,30.70426675403747],[103.9712936383577,30.703656893438065],[103.97100531720164,30.70323835270686],[103.97089596016696,30.70307313280263],[103.9708603165075,30.702751223865555],[103.970955102446,30.702251811234525],[103.97111144901056,30.70199541624772],[103.97133940341143,30.701818142375377],[103.97174151730158,30.701640235428137],[103.97234070845343,30.701502534213514],[103.97293106126722,30.701274569641598],[103.97334234521703,30.70093322176497],[103.97360633833361,30.70053766577781],[103.97371010505124,30.699999044400993],[103.97379481711714,30.69978521474105],[103.97399999059348,30.69959941080853],[103.97419719187508,30.699451547015087],[103.97473000140114,30.69924663516595],[103.97579885596446,30.698667157247787],[103.9770703340079,30.697691434160323],[103.9775667416671,30.696995539651372],[103.97801926566284,30.696591409278817],[103.97834627251163,30.696073595545997],[103.97846691735849,30.695840292173315],[103.98087159375218,30.695888189563583],[103.98116666956527,30.69644519731585],[103.98274385198795,30.695798158574636],[103.98358675307226,30.696785242269762],[103.98520970885814,30.69626653295776],[103.98834029253024,30.695961838052156],[103.98859594923371,30.69627766454899],[103.98879760708685,30.696840960930878],[103.98898120329014,30.697650308967468],[103.98908379948365,30.698606532211723],[103.98891788940234,30.698810435341116],[103.98877900007805,30.698890064186326],[103.9885772026932,30.698907461256123],[103.98780113771039,30.69875352627283],[103.98736164049154,30.698898330982217],[103.98722179132307,30.69899280195215],[103.98703395112635,30.699250679810707],[103.98683198095509,30.699897455108147],[103.98675991421878,30.700304976343546],[103.9869295487799,30.700594015641336],[103.98718609442895,30.700824129038853],[103.98748156534681,30.70113171593914],[103.98750343717148,30.701344346777038],[103.98753482166074,30.70248830192875],[103.98747180419419,30.702671885216226],[103.98738682155383,30.702842714180516],[103.98728290211176,30.702944786699017],[103.98701818777045,30.70307556211143],[103.98684341566987,30.703105400509532],[103.98661475965051,30.70307981074103],[103.98631020779642,30.703094927321196],[103.98590187297143,30.70305602938066],[103.98509432523036,30.70292478737983],[103.98475888996616,30.70301676494433],[103.98448034978725,30.70314313690937],[103.98408100000339,30.703391384794674],[103.98399609496958,30.703527006133683],[103.98401792403601,30.70374468723609],[103.98464122832472,30.70452285163108],[103.98485155977667,30.70495869632734],[103.9852325962894,30.705381935799522],[103.98544714380903,30.705500844803264],[103.98581953656678,30.705473282491113],[103.986195917112,30.705500534402105],[103.98655520543655,30.705749705416373],[103.98694961760191,30.705780547467402],[103.98710634524443,30.70586381485266],[103.98721412373361,30.70597557611394],[103.98730389347276,30.706137491470024],[103.98728579985861,30.706307574828486],[103.98716880878082,30.70651870269564],[103.98697090806911,30.706761662975556],[103.98684103751782,30.706835990452504],[103.9866663095712,30.706806843444735],[103.98637086851076,30.706639002954535],[103.98557184079398,30.70707360490819],[103.98659851582916,30.708017719457455],[103.98727491928629,30.70885594264114],[103.98912039858573,30.70676002324857],[103.99008910763982,30.70739939008516],[103.99085321159434,30.70652790783412],[103.99160646484184,30.706999274912345],[103.99372695595713,30.705401410306305],[103.99435954546239,30.705957297158424],[103.99476441493739,30.706160808892246],[103.99577885061575,30.707140847471656],[103.99641740286887,30.70659569787287],[103.99713590681614,30.706229875680553],[103.996898238313,30.70561330871506],[103.99697047639643,30.70529430224173],[103.99723173692128,30.705050036399953],[103.99691685578678,30.70467461554742],[103.9978876489225,30.704061435430273],[103.99880550185047,30.703462783433572],[103.99795142817243,30.702764158721354],[103.99910250578745,30.70195646921863],[103.99837057945743,30.70091799975959],[104.00047442594865,30.69989201272722],[104.00054148505791,30.69987479981721],[104.00071246173896,30.700248456042075],[104.00147159609698,30.701327834154245],[104.00197477584135,30.70185815993751],[104.00253701622195,30.70239030914009],[104.00466728634487,30.703928897733515],[104.00504905084145,30.703327964757655],[104.005612390813,30.70200596730403],[104.00651209473162,30.70056549630179],[104.0070069350503,30.699927315986653],[104.00688586229046,30.69977074707433],[104.00674181413238,30.699485695822602],[104.00618043201433,30.698825911725933],[104.0057531772747,30.69818950604057],[104.00617571860211,30.697979478628525],[104.00663432076719,30.697714773730823],[104.00717402231736,30.697432501969793],[104.00757053662973,30.697230948371846],[104.0077428945205,30.697141726211125],[104.00691413953892,30.69580838922376],[104.0077052004217,30.695024503779244],[104.00861433951947,30.694479217126453],[104.0080878323551,30.69365178907966],[104.00755327745281,30.6928754880498],[104.00739510629175,30.692671640194],[104.00807489835948,30.692549560663867],[104.00884780972848,30.692100847087108],[104.00953160549803,30.69168386613208],[104.00899196220772,30.690825635953054],[104.0085964671636,30.690231518934294],[104.00708075115958,30.690901512301423],[104.00639297670249,30.691256638900185],[104.00597951313735,30.691439532357265],[104.00575025742717,30.69152890939326],[104.00537684391416,30.691695020174276],[104.00473814566857,30.69199814089812],[104.00289021601957,30.692846887859755],[104.00252589283906,30.692090089719546],[104.00400936336806,30.691107461341794],[104.0035148061068,30.69025523035933],[104.00266999972335,30.690667011498476],[104.00192332412165,30.69110779633427],[104.00189229411683,30.69105539715438],[104.00167608289374,30.69068657707472],[104.00122663592867,30.68995020656688],[104.00131169413834,30.68980869555299],[104.0013296909139,30.689637433946512],[104.00132567208271,30.689505562371178],[104.00137469982893,30.689388704163857],[104.00144675000092,30.689294409952804],[104.00227443118447,30.688840188475552],[104.00315923311635,30.688520671747074],[104.0043194008472,30.68837068193556],[104.00483193939594,30.688306900852684],[104.00508822533882,30.688343970835906],[104.00530849374108,30.688495680838592],[104.00555180597118,30.688758898001158],[104.00581210651123,30.688822861504498],[104.00668906668344,30.68860503280432],[104.00728276263406,30.688686531171427],[104.00763315777577,30.688620786016113],[104.0079885424839,30.688450986271203],[104.00815070307124,30.68828891740311],[104.0082227478614,30.688074609406108],[104.00817761249549,30.68765664169327],[104.00821762745855,30.68750792530268],[104.00872610167829,30.686993303087856],[104.00884713422329,30.686564126036583],[104.00900018384826,30.68609634353554],[104.00917534487836,30.6859490209757],[104.00935054505419,30.685937651850654],[104.00963889921623,30.686006081701933],[104.00994425904194,30.68603120857723],[104.01025059918781,30.685990350381964],[104.01052486992386,30.68584515361046],[104.0107780849454,30.685605401494303],[104.01105230738116,30.685329270535252],[104.01156765413045,30.68465371046011],[104.01186791471075,30.68445809421212],[104.01220124536718,30.68436983732211],[104.01247056453434,30.68445074892197],[104.01260190701882,30.685030092306384],[104.01272712051455,30.68527566435163],[104.01308752897378,30.68537390406072],[104.01339782345673,30.68529816491959],[104.01396830961235,30.685039720951146],[104.01477697893671,30.68473805587915],[104.01487605186344,30.68468527848137],[104.01506920619617,30.68462380857249],[104.01515029101844,30.684657335814325],[104.01521837178998,30.684714091370335],[104.01545162823021,30.684860855481872],[104.01594621147875,30.685352874338644],[104.01658084297627,30.685753559669724],[104.01702121302546,30.68588885110345],[104.01768171630017,30.686044457580312],[104.0180189775186,30.686205683941015],[104.01836516457335,30.686125899428827],[104.01916444783309,30.68561987474496],[104.01928546662432,30.685489948312227],[104.0196546151147,30.685430000013234],[104.01999176052301,30.68545560093865],[104.02079603730492,30.68548597767155],[104.02121311752693,30.685409604871595],[104.0217571666932,30.685253461889697],[104.02220616314564,30.685091884429983],[104.02230013587155,30.68498954665632],[104.0223951457526,30.685004159079092],[104.02254712835126,30.68493598231525],[104.02315781214614,30.684084572839172],[104.02348566729364,30.683789099193202],[104.02381757144235,30.68367258140748],[104.02414150903988,30.683683201867716],[104.02444649212005,30.683842094430425],[104.02464849241558,30.684002390338037],[104.02482845778073,30.684070029159038],[104.02507138831704,30.684124889223014],[104.02535827201977,30.684133252729765],[104.0256191351838,30.68409101284267],[104.02609880541264,30.68389122216932],[104.02671321409633,30.683372132706264],[104.02744943542352,30.682838973851975],[104.02767407752805,30.682456632665378],[104.02788882642137,30.68232235872463],[104.02823044304739,30.682186790559314],[104.02970182761122,30.68225427186045],[104.02994848483344,30.682201027063464],[104.03017712601539,30.682087009915854],[104.03033880772426,30.681883646003378],[104.03042355410125,30.68160299103264],[104.03043642936635,30.68138594310948],[104.03036071042395,30.681212317851237],[104.03000575823873,30.680869900566343],[104.02956221083033,30.68064804352657],[104.02938636462922,30.68053373712244],[104.02927942613829,30.680410793957723],[104.02919328935361,30.679976743567824],[104.02906322908025,30.67960510853939],[104.02910802983072,30.67934873930689],[104.02915676756616,30.678999356750243],[104.02936320703185,30.67847650453971],[104.02966729528227,30.67762785137869],[104.02985179267606,30.677222247985043],[104.03012901174687,30.67661088762238],[104.03030852165894,30.676259380390658],[104.03031742489105,30.676139329399167],[104.03019114930144,30.675511581082876],[104.03009192797657,30.675027568660948],[104.03005176456348,30.67473698981131],[104.03006944049739,30.6743409132648],[104.03012716802549,30.67408744884831],[104.0302977713146,30.673876982058243],[104.0305212875714,30.673661083982456],[104.03094734272595,30.6732615766273],[104.0311089502303,30.673081290843314],[104.03113080433103,30.672942140731905],[104.03138200075203,30.672443230406994],[104.03150671126055,30.672337274438544],[104.03188759962752,30.671767480357016],[104.0323315133926,30.67140732145844],[104.03297724330231,30.671340943491487],[104.03340253991914,30.671512216856193],[104.03366315018037,30.671689609874033],[104.03429475712367,30.671659043959707],[104.03508333832194,30.67096420016155],[104.03562445200231,30.670324905715624],[104.03589361091873,30.67014883537112],[104.0361577402491,30.669942852946225],[104.03655155858779,30.66980147444285],[104.03700819618632,30.669695038733355],[104.03724143705782,30.66958938571762],[104.03739788057013,30.66947298255803],[104.03748252167314,30.66934778400077],[104.03748739662542,30.669223792393584],[104.03816301520536,30.668834335645307],[104.03861040353178,30.668600590700752],[104.03916929211023,30.668269916820673],[104.04050307183745,30.667589412635998],[104.04064139767429,30.66739946970868],[104.04420945741288,30.6656052274389],[104.04445571485871,30.66596302344753],[104.04487760190425,30.66677947209304],[104.04517273354627,30.667281583424842],[104.04533417588884,30.667476234596307],[104.04574552533681,30.667750027251657],[104.04637202639506,30.668254009093893],[104.0466758166079,30.66853156368133],[104.04693982447402,30.66885496050724],[104.04809919774972,30.670165760832212],[104.04848747428218,30.67047529388259],[104.04851949463824,30.670689473023064],[104.04840356280776,30.67123558235856],[104.04833261789233,30.67205394729596],[104.0484849431057,30.672186950473353],[104.04848021090946,30.672481859661616],[104.04844978546109,30.67299454916732],[104.04839118717011,30.673118127375645],[104.0484092343976,30.673293213106643],[104.04854868080305,30.673503119189945],[104.04890142766942,30.67425142878938],[104.04901416225375,30.67467914423668],[104.0491128325936,30.674931803978634],[104.04915769444617,30.675064102231193],[104.0492871049958,30.675193027388158],[104.04949727776527,30.67559051307134],[104.04963572818642,30.675855507992992],[104.04989069025908,30.676327378939295],[104.04998049791506,30.676750986582523],[104.04990912144409,30.677100336739432],[104.04998090950461,30.677364838690913],[104.05018207421192,30.677758350002314],[104.0504238804345,30.67795827347581],[104.05074928943847,30.678278913834767],[104.05096909381113,30.67831978516028],[104.05127240068632,30.6783264359686],[104.05169706657487,30.678431229277106],[104.05233058581844,30.67867009325565],[104.0527881038356,30.67895546269601],[104.05315513577602,30.67926204396344],[104.05388615511863,30.679877424892933],[104.05433662578561,30.68019215237794],[104.05468068313745,30.680447839273157],[104.05523449291522,30.680803932627956],[104.05544426570764,30.6809222905424],[104.05566788211904,30.680913870578944],[104.05607829912988,30.680840693802377],[104.05650261015622,30.680763774846927],[104.05711767547483,30.68064030778202],[104.0578191932471,30.680586101232535],[104.05823849308209,30.680549468555327],[104.05882777454403,30.68068109112351],[104.05899680095258,30.68090425061739],[104.05925137466942,30.68133449607154],[104.05939463890523,30.681724288056657],[104.05958664764707,30.682262694470655],[104.05976972099701,30.682850974746014],[104.0599041340614,30.6835395697472],[104.06007421477173,30.684023720041907],[104.06023033489681,30.68439872426257],[104.06032388191592,30.684849849814864],[104.06071231485758,30.6847732318858],[104.06106892724048,30.68463124388345],[104.06139486221707,30.68485273956783],[104.061586528815,30.68464251745721],[104.06242084093567,30.684126596082017],[104.0630992213906,30.68377153381106],[104.06405873548242,30.683428721740494],[104.06548217042119,30.68305804833878],[104.06585166863658,30.682907651487472],[104.06633833590938,30.68261608492089],[104.06731557133193,30.681851126504057],[104.06767605142707,30.681511704989052],[104.06810509590443,30.681188324281575],[104.06840309313446,30.681052896482818],[104.06917102904306,30.680843634820366],[104.06957240960087,30.680755757153754],[104.07073802272234,30.68077339915439],[104.07175062367497,30.680629659301086],[104.07234881811544,30.68040564508173],[104.0730453465324,30.679985072203156],[104.07353119203384,30.679577317189256],[104.07403093250127,30.679091728894917],[104.07439269346442,30.678911008237915],[104.0745934810815,30.678847913487775],[104.07481716093277,30.678816126664866],[104.0750895555711,30.67876502375804],[104.07564327545043,30.67857889911095],[104.07653595444215,30.67807144011907],[104.07741985619514,30.6776405589264],[104.07825513119836,30.67718974077883],[104.07927345564578,30.676519998531983],[104.08006413452952,30.675935976965786],[104.08039540220305,30.675750053168777],[104.08078840996382,30.675575806701534],[104.08118152516077,30.675503458659275],[104.08190124645483,30.675483737241127],[104.08262206759358,30.67544574643304],[104.08289883737217,30.675374755737],[104.08377098609729,30.675026970489885],[104.08407462567392,30.674824088439003],[104.08499135452006,30.673835229409914],[104.0854205099043,30.673486297191527],[104.0859175056835,30.67317683638846],[104.08713902117245,30.672628239677117],[104.08747043127966,30.6731617485703],[104.08824593201336,30.67414636235722],[104.08974840690186,30.67603497774411],[104.09060916312608,30.677068724888223],[104.09060027519313,30.677204643752045],[104.09101776588172,30.67775772881557],[104.09216148065009,30.67912177400814],[104.09058898482259,30.679881897401586],[104.09055710977965,30.67997869575852],[104.08629008450454,30.682063871251515],[104.08728054190124,30.68353958744522],[104.0882253023642,30.685040248314326],[104.08940466033995,30.6867516737707],[104.09041258505484,30.68813919715969],[104.09131890470198,30.68954841364014],[104.09018930643425,30.68958534116724],[104.08979024895034,30.689652941456895],[104.08956580631099,30.689760510294285],[104.0893194446464,30.689991848412912],[104.08929751229891,30.69012764969739],[104.08922172414871,30.690363058079182],[104.08924768016492,30.69071707519055],[104.08949906491223,30.691129505864993],[104.08969658508364,30.69130965872124],[104.08987516059712,30.691574630076506],[104.08991606446152,30.691752796528338],[104.08987516082509,30.691892487772893],[104.08978537415425,30.69199689624262],[104.08928360458923,30.69241255353087],[104.08877292295817,30.692792976878327],[104.08867018905099,30.692982181354726],[104.08929745660215,30.693917934669837],[104.0894769805076,30.69412498238081],[104.08977622945218,30.694273770091595],[104.09026108284466,30.694385586636226],[104.09058734168262,30.69451135680682],[104.09076692859608,30.694698238331956],[104.09087468908417,30.694780769877447],[104.09108912397421,30.695480531254855],[104.09131847539702,30.696358230503662],[104.0911158235767,30.696578100730402],[104.08886678632521,30.697643176072585],[104.09022187169657,30.69967310995363],[104.08972136324952,30.699679765409968],[104.08865016795299,30.699683911056212],[104.08764951828017,30.699698105963733],[104.0849894213999,30.699722584380666],[104.08259178227289,30.699745278654824],[104.08099605699782,30.699760616521562],[104.0794598125647,30.699779804790097],[104.07889833705457,30.69967703181748],[104.0782904593654,30.6996841612862],[104.07698540946998,30.699666766295252],[104.07530576856243,30.699690433238427],[104.07337704448194,30.699724593930014],[104.07168038114655,30.69971543726962],[104.06987766177748,30.699796200278005],[104.06982351496471,30.70088174829329],[104.06973320478863,30.702587353829134],[104.0695707242312,30.705059334072047],[104.06963739181326,30.706367493353348],[104.06914652403408,30.70637602985449],[104.06853945906704,30.70633482364249],[104.06844500799936,30.70641933086221],[104.06842247028577,30.707342373307238],[104.06851190382108,30.70732774380064],[104.06847569978953,30.70789780867616],[104.06840807426988,30.707977725628087],[104.06765891925235,30.707993320663228],[104.06764968614745,30.70836492746632],[104.06727509426413,30.708405208998744],[104.06719439419456,30.70868779046435],[104.06675229276009,30.70867709329382],[104.06669855392262,30.70878920233266],[104.06692507574863,30.70998780434825],[104.06705435909245,30.71099405705129],[104.06870455221183,30.711104066192526],[104.0687533347046,30.712109091190207],[104.0686902094148,30.712686714859398],[104.06860965075839,30.71277042873362],[104.06863567953854,30.71362420450361],[104.06873334982612,30.71435415591355],[104.06662640877795,30.715004664365352],[104.06744506352089,30.71700259432966],[104.06790819811302,30.718806274409353],[104.06795261518963,30.719089735030806],[104.0682332141736,30.7196485791231],[104.06824119273155,30.719619722455008],[104.06834849716942,30.719621353827325],[104.06845979216781,30.719608057309976],[104.06827694418851,30.719636253826646],[104.06847756427855,30.71971624543845],[104.06854911712756,30.719702344691136],[104.06853139473802,30.719546193782367],[104.06854972862857,30.71911280189419],[104.068746634531,30.718944924971996],[104.06894250070893,30.71882399600577],[104.06905000175288,30.71863977042327],[104.06931851846694,30.71841102555199],[104.06950544928657,30.718289957167794],[104.07025624414133,30.717742756928246],[104.07100714721331,30.717133556880746],[104.07136438786178,30.716673275845515],[104.0769329412306,30.720367794957696],[104.0791976253418,30.71695417380911],[104.08570193681251,30.715707256785095],[104.08813992813145,30.72176050625714],[104.10107467894684,30.725907692683023],[104.0993072105453,30.73367518595034],[104.102021631411,30.733502286153723],[104.1042627519216,30.731536043997306],[104.1106364984515,30.73120134398652],[104.11086871497433,30.73323713362831],[104.11135142097247,30.73455353008934],[104.11239564279168,30.73672193225363],[104.11426534124872,30.737088436567927],[104.11462027411608,30.739274558649115],[104.11877668857079,30.739052080376442],[104.11960463704332,30.74109693993422],[104.12489899287459,30.742367076909385],[104.12582708980851,30.743954318510426],[104.12247540617201,30.74489769299146],[104.12429272251688,30.751937767421335],[104.12633211912451,30.751493437730897],[104.12638921309632,30.750083092164967],[104.13053086920196,30.750024040243073],[104.13201789261085,30.75093874922178],[104.13555009480392,30.746236547704896],[104.13699975105641,30.757267520529187],[104.13727556323649,30.76854833562707],[104.11937946068551,30.766596005638206],[104.11840564738162,30.766964276271096],[104.1177827206419,30.76731356140577],[104.1171236531729,30.767617191033704],[104.1163291644271,30.76661177689337],[104.1159658176248,30.765573716950897],[104.11421681364146,30.768573176471868],[104.11455990362136,30.769390867984445],[104.11294579073376,30.770436236462846],[104.11331160047365,30.770824023337656],[104.11513378001283,30.76980180737691],[104.11639380508574,30.771310619634594],[104.11501296604783,30.7720446884095],[104.11441350350795,30.772307838512617],[104.11286667677749,30.773205399071784],[104.11111359571902,30.774073761987815],[104.11864517023868,30.782321779094993],[104.11993838073167,30.78646429484293],[104.1191640717348,30.791842957488875],[104.10098526448618,30.79307999443068],[104.0974348530576,30.79792251054692],[104.08860445506367,30.795711985909506],[104.09144712047194,30.79969256829633],[104.09043128964129,30.803612177619794],[104.08834957839882,30.80367773004942],[104.08697040992934,30.80558938927452],[104.08629106822666,30.807149014902112],[104.0832658561704,30.80939897183516],[104.08242536114895,30.808924153809016],[104.0812083372826,30.806554451137053],[104.0794915333791,30.806347748184113],[104.07652564440397,30.808556659113396],[104.07467676847351,30.804889360799844]]}},{"type":"Feature","properties":{"name":"天府新区"},"geometry":{"type":"LineString","coordinates":[[104.34572743155206,30.3909672733938],[104.35637184308055,30.401052129807052],[104.36905472930732,30.40843699674614],[104.38563202080299,30.418036723638302],[104.36431416353994,30.426085704343645],[104.34388759450344,30.433089268590287],[104.33327884160639,30.436482705933887],[104.323840585135,30.440043816257806],[104.31541707317251,30.443435780069052],[104.31085072959239,30.445489077466355],[104.30493861745902,30.447768195611143],[104.29386472604129,30.452602866158653],[104.28184369296382,30.458247108440435],[104.27366358809626,30.462363261517993],[104.2657528183742,30.464413305090375],[104.25393770882907,30.470545796242888],[104.21959745195939,30.48002718466334],[104.17710839171126,30.51569110232066],[104.17036585421687,30.522314881487954],[104.16304341734102,30.53070657279101],[104.15815655612678,30.537154791340992],[104.15513679746053,30.541879650409413],[104.15225911308536,30.546361915260913],[104.15031451946669,30.549478663445036],[104.14757614087635,30.553101240707484],[104.14555792610629,30.55634947154694],[104.14281628889154,30.55998027881491],[104.14065108255927,30.56385809789368],[104.13862923640613,30.56723869175221],[104.13546967579613,30.572182098201846],[104.12077622004621,30.570758049787155],[104.1113083568802,30.57034754358868],[104.11156077362382,30.56705090758793],[104.11179374578187,30.56415717535466],[104.10939480480589,30.56094716891155],[104.10690645574346,30.557515990995647],[104.10834560685183,30.554893034511522],[104.11108264350293,30.551120153224048],[104.11924005329011,30.552079049870436],[104.12071801498047,30.547673472662122],[104.12537878758278,30.547106908275275],[104.1250876437241,30.544499338110978],[104.12075119564282,30.54446908199751],[104.11666806083483,30.543156827678853],[104.11883307939553,30.541324008512763],[104.12020162346006,30.53636004480504],[104.11921998408393,30.52974809144019],[104.12337174853972,30.523530010117984],[104.118528470775,30.51772028296921],[104.12011745838856,30.510731135146948],[104.11733767701291,30.505638011088216],[104.12196148849979,30.50414313026285],[104.11853329291678,30.499059899008788],[104.11174817423587,30.498768671194348],[104.10968916744662,30.503080952263435],[104.10370914740083,30.504834014195318],[104.10478605700042,30.495784419740808],[104.09728678619294,30.49603980910317],[104.09723282106425,30.496008816288874],[104.09716984630934,30.4959928114716],[104.09714286419327,30.495977812546116],[104.09636111989688,30.49597736670097],[104.09496099236272,30.496029301528136],[104.09491608249606,30.495967241197768],[104.09470125916027,30.495989768807352],[104.09272665070841,30.496045769032683],[104.088930752845,30.498220275008062],[104.08670978886482,30.497768173068536],[104.08148166481895,30.501137219520125],[104.07704820273925,30.50095697713403],[104.07683522561264,30.498776968161955],[104.06833437338774,30.49883877218217],[104.06783008699752,30.51910977244449],[104.06736758429162,30.523177270265027],[104.06719122320753,30.52693809865003],[104.0669165508433,30.53191670944455],[104.06673677781652,30.5354717456832],[104.06620502121204,30.53520272226511],[104.06546460781966,30.534888596582725],[104.06491496297676,30.53458838875856],[104.0642858415768,30.534280052112205],[104.06369155850557,30.534045297493158],[104.06320552699306,30.533770199259955],[104.06275030531829,30.533510602048985],[104.06232991039072,30.53331855375323],[104.06175937148124,30.532975429825594],[104.06107160693902,30.53264776196195],[104.06136741946732,30.534680777018412],[104.06138692852176,30.536496947943544],[104.06065075579767,30.5365056697428],[104.05976749603613,30.536493589664353],[104.05795518801116,30.53652877271182],[104.05686609460946,30.53654617054279],[104.05486248589347,30.536549738171434],[104.05474546366446,30.535747479920236],[104.05025240648561,30.535751077579032],[104.05014388133672,30.538852056908198],[104.04390439996926,30.538894839718914],[104.04390593093517,30.5336555431078],[104.04247126009302,30.52954634075707],[104.0410369347149,30.52581212840454],[104.03917191342151,30.519342988804013],[104.0373440596027,30.51452539605354],[104.03701522781364,30.513616444061483],[104.03601206244325,30.510944647887207],[104.03465017103149,30.50728096082615],[104.03307426628902,30.503059682067214],[104.03193077367955,30.497656067219516],[104.03164636140914,30.49380216418298],[104.03050217431411,30.48945681096369],[104.02921486887753,30.485487793264358],[104.0280704983769,30.481268758196958],[104.02721347839737,30.47717238971802],[104.02563749712293,30.473085196860048],[104.02377221855292,30.469625254269236],[104.02176298772744,30.466138626810746],[104.01932062219892,30.462442311058666],[104.01788447196236,30.45898145289565],[104.01572788177349,30.455781989269553],[104.01306687552778,30.452087513040784],[104.01447902508636,30.448816135674853],[104.01174436837584,30.445085539581985],[104.01728171046474,30.443304119390504],[104.01491344757667,30.428376093182063],[104.0087288677508,30.430983799554756],[104.00326007044862,30.429718700992936],[104.00239072285603,30.423132883267613],[104.00756540815163,30.417801595085557],[104.01288705486172,30.41533289580863],[104.01259406635465,30.408859973315135],[104.0077003311027,30.406586395422487],[104.01288046704784,30.406861249936835],[104.01676431689022,30.406417251156117],[104.0229457535332,30.404450187604194],[104.01934965429508,30.399521585987944],[104.00568803253644,30.377473736924898],[103.99506123196515,30.360597851704],[103.99334629975026,30.350532062081765],[103.9887581311476,30.33164934854787],[103.98530697916324,30.315850179655797],[103.99878374451576,30.282106150287227],[104.0216551909619,30.266346188619156],[104.06847614090515,30.251752706705233],[104.08864086331582,30.254371229696343],[104.1227684418693,30.258796319309585],[104.1766805239936,30.28608394625903],[104.18901732452592,30.298773883477278],[104.18760250636517,30.319951685892278],[104.18445347179544,30.332612320772046],[104.1850253852069,30.338855292837668],[104.18273109160519,30.345942952446944],[104.18875171620031,30.343559346826794],[104.19663537386981,30.33983248563014],[104.20667666277448,30.33585483886456],[104.2170218605965,30.334172174117377],[104.22883126380158,30.33325724108292],[104.23301350566496,30.332717096842835],[104.23763076619103,30.33191116975858],[104.24167314407887,30.33260012836054],[104.25076780608299,30.333201944720138],[104.25826923713082,30.33632745777084],[104.2648966649757,30.337489122633006],[104.27625466886349,30.33953197706623],[104.28843356664305,30.343552257454228],[104.29700327804586,30.352486595048592],[104.3001412471354,30.35601606795467],[104.31644266788804,30.36749864334591],[104.22625649327524,30.36761330920826],[104.22621966817205,30.368330224414045],[104.22669908378501,30.375684936014036],[104.22270077175094,30.376819045967622],[104.2217714410553,30.378916109291907],[104.22312186353807,30.379137637065543],[104.22359048622145,30.37825607471737],[104.22373560334262,30.37720385154671],[104.22718524848702,30.375899466040288],[104.22692258102187,30.36831054944447],[104.3176543521693,30.36851045754156],[104.3329664006704,30.38117078927812],[104.33869577885356,30.38540325687132],[104.34572743155206,30.3909672733938]]}},{"type":"Feature","properties":{"name":"高新区西区"},"geometry":{"type":"LineString","coordinates":[[103.95208553960036,30.724315515758562],[103.95248671885078,30.72415117053192],[103.95303752680218,30.723284361568652],[103.95437844310521,30.724365500485742],[103.95658454952472,30.725064202428257],[103.95710229450204,30.72459790906817],[103.9589416510326,30.723207544288666],[103.96034585694133,30.72418410908432],[103.95962538594014,30.72653457682236],[103.96079701570449,30.727799024101728],[103.95995818369448,30.728383767215373],[103.96070199720388,30.729453786771003],[103.96184894119104,30.72876376091957],[103.96265146650738,30.728926172676722],[103.96331709604164,30.728963083072692],[103.96320020371756,30.72961356671263],[103.96418158130874,30.72995860161036],[103.96440517005621,30.72996039911312],[103.96460606973119,30.72979910827303],[103.96484276481235,30.729627072373535],[103.96490995763321,30.729015051488762],[103.9647634513046,30.728435370602668],[103.9647680517283,30.72781588032762],[103.96478609840564,30.72766013889517],[103.96502812420826,30.727146377449895],[103.96538147171412,30.726641383703083],[103.96534604997827,30.7262923941643],[103.96428799038068,30.725942535221584],[103.96395347876158,30.72558707734591],[103.9642888586971,30.725105187985754],[103.96502188552614,30.72452934837759],[103.96533020459692,30.724322799047783],[103.96623182990565,30.724247163474008],[103.96663411744936,30.723606280123263],[103.96801961204284,30.72314872253023],[103.96875268300248,30.72205924361829],[103.9693337946054,30.721806051250287],[103.97015567302611,30.722545705065862],[103.9690813838887,30.724441905888927],[103.97080461990069,30.72513784708413],[103.97195917571486,30.723938746743528],[103.97086072982508,30.722858788580403],[103.97130077506037,30.721672952503436],[103.97203381648444,30.72108511863519],[103.97264271731218,30.720337772388927],[103.97328644463963,30.72064132893834],[103.97437968753722,30.71866438345592],[103.97611420756043,30.71906677518191],[103.98070160536433,30.720314662410967],[103.97812860256658,30.723159763058646],[103.97566531981354,30.725422410662674],[103.9708582966902,30.730093188775488],[103.97398694262056,30.730730960676283],[103.97470253669505,30.731087709549858],[103.97556973919602,30.731342941710988],[103.97784241114354,30.732237631262244],[103.97689227694961,30.732813686403745],[103.97537090045225,30.73309581046805],[103.97404757146955,30.732964293829593],[103.97368077169197,30.733413795840494],[103.97551224788074,30.735467926664693],[103.97640608284017,30.736281097829345],[103.97646870893213,30.736448863697632],[103.97489181966978,30.7379156194185],[103.97326279010674,30.73942015659556],[103.97479501812985,30.741087476456062],[103.9763837381824,30.74266773878633],[103.9721024642979,30.746168100034513],[103.97002330333756,30.74777928211675],[103.96720933815125,30.74959171543359],[103.96159320528893,30.752458689539125],[103.95956804750541,30.753423195803272],[103.95268339110962,30.75666381829293],[103.94953625661525,30.758089124886784],[103.94728134671402,30.759135343083333],[103.94605071841961,30.760059260208585],[103.94546721264264,30.760686634007786],[103.94491449163571,30.761349463608884],[103.9436883406877,30.763585196264703],[103.94304255390915,30.764750690451944],[103.9420048702259,30.766488655218772],[103.94115331386452,30.767361695284798],[103.94035030052018,30.768145610480005],[103.93833979940992,30.769894831579858],[103.93601935567409,30.77137102946242],[103.9332057980897,30.77308855885894],[103.93440095412245,30.776207416793333],[103.93545332858042,30.77882454176632],[103.93347084475221,30.780167525804835],[103.93170732442051,30.781444748986022],[103.93083254297393,30.782383552243143],[103.93024317094331,30.783243248584398],[103.9297294408987,30.784180764517174],[103.92820779699997,30.787076485083947],[103.92664460056528,30.790005538794116],[103.92545170797963,30.79220036391974],[103.92498220143712,30.79335374070273],[103.92458037651924,30.7944985734159],[103.92410218486914,30.796326994520694],[103.92385252965353,30.797209727983226],[103.92328108549295,30.7986711711312],[103.92242546610662,30.800665845517653],[103.92109092658214,30.803712742199778],[103.92053151533334,30.80501439792582],[103.92019931597463,30.805595790835003],[103.9197652287599,30.806149216048052],[103.91941986832967,30.806458922989187],[103.91840646030035,30.80716470634301],[103.91778323828979,30.807448053121597],[103.91702400357283,30.80771293711747],[103.91443424181661,30.808475509527565],[103.91438420158056,30.808234810854614],[103.91175534661993,30.804929861580955],[103.91026612453891,30.802979123168164],[103.90882618679512,30.801051557446307],[103.90817758594993,30.800119195624948],[103.90700239471606,30.798575071595337],[103.90626316541022,30.797624363552913],[103.9046496293566,30.795454481601663],[103.90281438422475,30.79299878311848],[103.90186728443055,30.79174248245664],[103.90049598755141,30.789980197030044],[103.89781841939799,30.786507190930262],[103.89708243552955,30.78555284537994],[103.89616146108536,30.784511400182794],[103.89482902985394,30.78300745740016],[103.89409674167311,30.78207969800895],[103.89282198014106,30.78031657214611],[103.88898716440252,30.775384620426436],[103.885298303407,30.76989777211391],[103.88434091000083,30.770804268844202],[103.88277897693925,30.77124679911861],[103.88119038441258,30.772215944583685],[103.87974731231792,30.77394305755115],[103.87844037693542,30.775953497159172],[103.87605943899491,30.77910944958515],[103.87394164988201,30.7825234992567],[103.87165162458646,30.784799792052922],[103.86497371848763,30.787949377779995],[103.86450404987117,30.786625777184753],[103.85864338667835,30.778533045189036],[103.85327681180895,30.771025373396945],[103.86192902709784,30.767022852013792],[103.8669365453484,30.764535625559812],[103.87218392966595,30.76171570707526],[103.8771834222817,30.758975258141103],[103.89470266715318,30.768348818788144],[103.89011765256335,30.765700431090885],[103.88513120568467,30.763017496930974],[103.87752606735584,30.75875391506596],[103.87940426385877,30.757379251022446],[103.88348528162071,30.755117927206715],[103.88962540555698,30.752742467244342],[103.89154006381658,30.752355632390486],[103.8925330877164,30.750758042701356],[103.8944463275101,30.74970536672333],[103.89901270384584,30.7465224365629],[103.8974982402062,30.74491544700047],[103.9010521841464,30.74219937938125],[103.90539658662937,30.739886019652786],[103.9121867205271,30.744562214528624],[103.91329593096214,30.745274214304906],[103.91264443434912,30.745889990337368],[103.91291447224552,30.74611650814847],[103.9132735205823,30.746339672985574],[103.91380375787591,30.746012540668787],[103.91481876770806,30.74596972822732],[103.91537633017244,30.74427700698261],[103.91545743101301,30.74399794666575],[103.91640011695128,30.743677801692666],[103.91753421378544,30.743645949133132],[103.91794301088039,30.743191818219223],[103.91825677912813,30.742935752053235],[103.9197731310398,30.741958398763227],[103.92041233657696,30.74138034216394],[103.91985686867635,30.740480432944103],[103.91991161662362,30.739193345764114],[103.92161456843795,30.73876106263387],[103.92327101629441,30.739434177537373],[103.92407711274754,30.73887456849817],[103.92493271238916,30.73854154008011],[103.92699252899496,30.7371567800641],[103.92833992418214,30.73620050586592],[103.93025929406353,30.735184292251095],[103.93174371950138,30.734461110147734],[103.93202536343492,30.734381844219833],[103.93235566658711,30.734385041401417],[103.93367330732876,30.7347941379009],[103.9339726470912,30.73480930480136],[103.93438436902343,30.734785771304963],[103.9350626454362,30.734619414351382],[103.93574593142691,30.73429745882767],[103.93668996748383,30.734644363514672],[103.93753757783534,30.734829582639957],[103.93782390011233,30.734689248651087],[103.93720884909051,30.733418556047678],[103.93691423276307,30.73278642793039],[103.93707180531715,30.732194781156206],[103.93753150613679,30.731599873738446],[103.93805439505338,30.731408549174727],[103.93910768419678,30.73134407472812],[103.93937392808738,30.732433736678637],[103.94075652188832,30.731565763934107],[103.94152643195675,30.73035314495944],[103.94056364406303,30.729673580408843],[103.94068032267727,30.729201507473107],[103.94109115645134,30.728579539926276],[103.9424288215077,30.72869086030643],[103.94287706360362,30.72732415342642],[103.94229732549655,30.727122224406042],[103.94160131772469,30.72694974760448],[103.94140538243552,30.726249597992975],[103.94259277788476,30.72565345686727],[103.94288721711762,30.725168941781302],[103.94343135990837,30.72518457485531],[103.94414377335582,30.725676280095524],[103.94485709291618,30.725244771827633],[103.94516526334834,30.72486147203823],[103.9451175681563,30.723945491115096],[103.94513963243654,30.72373197048456],[103.94547050622654,30.723469911125772],[103.94562147474632,30.723406125400373],[103.94590243429892,30.723398165298835],[103.94707913603185,30.724027611385917],[103.94759607739951,30.724255877738077],[103.94881267182568,30.724611082126213],[103.94970889457494,30.72470081754733],[103.95060914229857,30.72472556347708],[103.95139841714634,30.72455877689179],[103.95183520079705,30.72451389509385],[103.95208553960036,30.724315515758562]]}},{"type":"Feature","properties":{"name":"双流区"},"geometry":{"type":"LineString","coordinates":[[103.95954534985738,30.628062751575396],[103.95230314380991,30.634183258231282],[103.95170077266444,30.64641309899914],[103.94760139611085,30.649399185589832],[103.94804461337944,30.65493549844678],[103.94811805081457,30.657126182634485],[103.94788650546434,30.657914726373324],[103.94751300288006,30.658686230869648],[103.94799596235822,30.660307916812396],[103.94663353319028,30.66184907707625],[103.94581359229778,30.66292412470566],[103.94467263114772,30.66265983980547],[103.94401067239507,30.660879707727272],[103.94301136234428,30.660446686360782],[103.94190517504337,30.660524292153823],[103.9407092630788,30.660414998794796],[103.93976486869155,30.661738193359565],[103.93989103901508,30.662779698206897],[103.93942749057489,30.663177535559537],[103.93766003518475,30.663356942565336],[103.93601669713483,30.662933158522502],[103.93435587084632,30.66348929246877],[103.9329802382314,30.663319853887135],[103.93210263526214,30.662099370857547],[103.93085117321326,30.661404913345525],[103.92934936508011,30.66167131131281],[103.92781014283865,30.660930121807148],[103.92679032461002,30.661172517714927],[103.92600283009001,30.661850863657005],[103.92706156066826,30.664543687026033],[103.925041649449,30.667685042253865],[103.9224628438866,30.66859117551858],[103.92117175287817,30.66855728203897],[103.91954384373241,30.667585689469956],[103.91803694855632,30.6676489716396],[103.91619798055083,30.66925856512333],[103.91267445728504,30.66639904050342],[103.90385610654347,30.667294808111105],[103.9035691527906,30.66824489588154],[103.9044885909423,30.669166584457887],[103.90751486854529,30.670518575263205],[103.90668806188401,30.67155095232888],[103.90131732545798,30.66754789592083],[103.90116868812527,30.663201354544338],[103.8975252265824,30.66266033816902],[103.89662789472932,30.667362565011455],[103.89457529773024,30.672517096966633],[103.89244535481956,30.672705620801697],[103.88818449619197,30.673517271869265],[103.88496524765985,30.668505365228985],[103.88164002460444,30.666691695549627],[103.87643512469727,30.66204228068001],[103.87123576298671,30.660359672423926],[103.85868539649329,30.65246578526681],[103.85235382948262,30.65120104741896],[103.85062692108573,30.648952567424477],[103.84890347525551,30.64918719121981],[103.84488066478391,30.647653240052875],[103.82996306841792,30.643442924116687],[103.81505229598403,30.638713030954555],[103.80054390059135,30.63350463054636],[103.80225249809406,30.630436856594123],[103.80142597840751,30.629888942308785],[103.8003650858599,30.62929473263112],[103.79928561587457,30.630409675653585],[103.79781025610606,30.632595524566497],[103.7958275852348,30.63183948741713],[103.82247212751795,30.548734758674968],[103.81755902803954,30.534742548441667],[103.82084806623725,30.520987514536163],[103.82529014557953,30.509495080329607],[103.85629109812936,30.507164695732452],[103.87445710668287,30.504466433239966],[103.88339769661337,30.501174047539344],[103.88910416672795,30.50152113918378],[103.8909840841657,30.499252652164213],[103.89329362653166,30.500211348532208],[103.90404623213938,30.495960738253906],[103.90743320480664,30.494807449277317],[103.91081730683493,30.492417591704026],[103.9128339302021,30.490104293279064],[103.9185140938366,30.484614989992792],[103.92580958388201,30.477168349289034],[103.93639761541888,30.47439976377865],[103.94739331641912,30.470567877577807],[103.93969481455035,30.454279252610796],[103.9064146363742,30.42293891569821],[103.9100112257711,30.420167566612925],[103.93251763602888,30.403013433289566],[103.93937454854694,30.39847439144957],[103.92993384507955,30.37915455801245],[103.92185444611381,30.36422419185592],[103.92744335111243,30.363563812086657],[103.93137919598736,30.363034224409727],[103.93266658838735,30.362735073940257],[103.93202530786519,30.360610824498302],[103.93559932019151,30.360399433881113],[103.93431652005661,30.35702107441005],[103.93167586843515,30.352384122753246],[103.92573633754512,30.352028763796266],[103.92315685700356,30.352204597571944],[103.91942559299646,30.354502985566004],[103.91939154456348,30.352540498821188],[103.91946549861866,30.350017229863248],[103.9200767004387,30.348335320799393],[103.92222828164192,30.348245512711706],[103.92273064737279,30.347530355709644],[103.92394881298183,30.347846080873584],[103.92509712652115,30.34504712315809],[103.9227337707508,30.342732347252106],[103.91638385599101,30.342573983999277],[103.91221484912148,30.344085468915345],[103.90556061665107,30.33556895287195],[103.9587007405225,30.32166557603014],[103.96654739695141,30.31126105232082],[103.98502012639166,30.31597754173158],[103.9947741453629,30.360228646976342],[104.02237092097015,30.404583018604807],[104.01518197268904,30.4063206821504],[104.00690902470029,30.406741842440503],[104.01115585913972,30.40971250746052],[104.01159194072626,30.415123660873434],[104.00662916738125,30.416776307862953],[104.00088101384597,30.42392390646191],[104.00189312136938,30.429448526517614],[104.00541975398919,30.431436905265553],[104.00952065589412,30.431420078889087],[104.01455426978215,30.42889644178142],[104.01711161696137,30.443361046077126],[104.01446879754181,30.44421794819697],[104.01184348169602,30.445106663193584],[104.01445200148257,30.448824627039986],[104.01262384674425,30.45295118430436],[104.0202367668068,30.46448178773953],[104.02317943250068,30.46947753523611],[104.02687069738008,30.478202704353592],[104.02986679374361,30.48770142243133],[104.0301395819991,30.48854649073511],[104.03050632714334,30.49032729550202],[104.03098317092609,30.492963863551743],[104.03142536514189,30.495421036160693],[104.0317782468882,30.49737334521542],[104.03684241589698,30.51421581688961],[104.03738004979206,30.51592492998883],[104.03802520483501,30.51747856927211],[104.03859871750585,30.518908282941645],[104.03895730242844,30.520151918535717],[104.03953075423263,30.52127108399833],[104.03988929017785,30.522266195460055],[104.04017639119219,30.523572466414386],[104.04053522841602,30.52500323686199],[104.04132363439004,30.526309998699],[104.04204086711829,30.52830147581053],[104.04282999496627,30.530666790961725],[104.04373451694161,30.533855550272058],[104.04381953191007,30.53428778125343],[104.04373327186048,30.537984356891958],[104.04179214092936,30.537972253629295],[104.04159847349206,30.531876324148254],[104.04081132358377,30.531766733909414],[104.03448796819286,30.531626901441484],[104.02469724709091,30.528824749054465],[104.0174018222669,30.52898981161221],[104.0180891230448,30.533845861486256],[104.01738549041161,30.535914742772817],[104.01648767967536,30.53792825122612],[104.01614858513913,30.540236168757264],[104.0137803363868,30.5411699146915],[104.00949847531403,30.53991384301954],[104.00773739133655,30.541969773721018],[104.00982603013045,30.5442924799394],[104.01572744754293,30.546764503008042],[104.02296282415566,30.558090829343854],[104.02555291648441,30.56626376529819],[104.03047029198454,30.56630570508654],[104.03356231455287,30.574524306610495],[104.02602565752825,30.576722387056893],[104.02027593345093,30.580314299774006],[104.00957286707157,30.58723306784845],[104.00288611260045,30.581613592997705],[103.99578013623855,30.588699851775242],[103.98556436058276,30.589719015015678],[103.96781724138351,30.577661986357146],[103.96499267857062,30.583080952367954],[103.96438468637496,30.584412525883423],[103.96438391514017,30.585624870879354],[103.96463021658684,30.58727990470248],[103.96509166212704,30.60863974879133],[103.95652240285452,30.613009882186734],[103.95458923547922,30.621060344143494],[103.95954534985738,30.628062751575396]]}},{"type":"Feature","properties":{"name":"温江区"},"geometry":{"type":"LineString","coordinates":[[103.68622420385041,30.88821534075944],[103.71878502491806,30.77843988434536],[103.73573777438924,30.732966676364317],[103.7804138124794,30.673847402425146],[103.7778840343718,30.67139404627538],[103.76971857763067,30.670952425735077],[103.78273519214254,30.643228852704635],[103.7917912609015,30.647202435811902],[103.79582957825936,30.632025409466188],[103.79772010341149,30.632766319545777],[103.79941178800786,30.63034806648651],[103.80040109386009,30.629449798279097],[103.8013358904057,30.62996648989721],[103.80207337390972,30.63048288612689],[103.80036471639431,30.63361190013261],[103.82086314102399,30.640995299178233],[103.84888755784172,30.649294025586],[103.85059399838327,30.649060293479625],[103.85228486661877,30.651277603963347],[103.85874264715851,30.652650792123445],[103.87121978310488,30.660451809875518],[103.87636482587531,30.662088150644088],[103.88142586249222,30.666647825768557],[103.88498553810943,30.66870602316151],[103.88811435494375,30.67379632452019],[103.89488488049511,30.67271341214074],[103.89697288838441,30.66684466360818],[103.8976901310299,30.662889977898082],[103.90108148979986,30.66331044134237],[103.90106759136836,30.667689021072206],[103.90665707416406,30.67164422798885],[103.9076100237629,30.67048574104233],[103.90472724358028,30.669179024138753],[103.90368147893481,30.66824262729966],[103.90400564565154,30.66741612771081],[103.91240952162448,30.66661638248358],[103.91275096028788,30.666894580556036],[103.9131646783139,30.66748247959968],[103.91345306727897,30.667807105908597],[103.91384850374487,30.66819333635397],[103.914423748401,30.66842403296805],[103.91501714421615,30.668934887553682],[103.9152145314707,30.669415184874175],[103.91566471336077,30.669786815692394],[103.9166520258145,30.6696295448382],[103.9184089308986,30.66810565599224],[103.91927069054888,30.66804353313248],[103.91991691205517,30.668322783550597],[103.92081391758668,30.66903863504427],[103.92042175421344,30.671397720715674],[103.91837691689936,30.672592891752195],[103.9050404546483,30.677109223791497],[103.90471626934008,30.6781064134998],[103.90213946636689,30.677856865295436],[103.90087747469369,30.678307458545156],[103.89856941694369,30.67771625179225],[103.89745105322753,30.67801182858508],[103.89584673418219,30.680643374265525],[103.89539595323893,30.681068923230907],[103.89560296850115,30.68123680849519],[103.89744394143874,30.681272089881883],[103.89813926552986,30.68220103685348],[103.89818513047307,30.6837299310937],[103.89957347707744,30.683509051927214],[103.90194407230157,30.68396054920057],[103.9039808309248,30.682787142977574],[103.90482895764329,30.688614899144692],[103.90774647140404,30.688136872874356],[103.90803421229339,30.689515841497972],[103.9105618530277,30.68917773100192],[103.91332189723306,30.693360269470645],[103.91528852729614,30.69586651307481],[103.9175962052355,30.695078054780982],[103.91882532060077,30.697002222497105],[103.91811551809108,30.6991123851865],[103.91722669936989,30.7008123833577],[103.91702870957356,30.701146490890242],[103.91693852599873,30.70166632721152],[103.91720775593377,30.70269826226312],[103.91760120421449,30.7046834763891],[103.9207223255066,30.705133492486066],[103.92258473740162,30.70850414830555],[103.92559223345133,30.710501851496304],[103.92612932018723,30.71056669484658],[103.92784382714048,30.714951136750756],[103.92862372550549,30.721719514851006],[103.93275361123177,30.722190218398428],[103.93470121155116,30.72289322923506],[103.93568196243426,30.724393178259376],[103.93598577614856,30.72380716380964],[103.93778720508209,30.726248102345636],[103.9385354215051,30.727250791038248],[103.94240760161703,30.728062041801376],[103.94238913786488,30.72865133835628],[103.94106834307837,30.72854825357133],[103.94064853764802,30.72920107942622],[103.9405139488867,30.729703889620097],[103.94141515903338,30.730390593336562],[103.94070888593966,30.731521154145884],[103.93938792156656,30.732340988171554],[103.939120643052,30.731298277152757],[103.93805843540758,30.73133865213684],[103.9374600150653,30.731533038815616],[103.93703112744787,30.732117342712993],[103.93686057315536,30.732773787033356],[103.93775236737481,30.734669369294867],[103.93751077862132,30.734790279012213],[103.93567238089696,30.734279620057077],[103.93392100346321,30.734725813380237],[103.93253677930922,30.734323867571916],[103.9318930769208,30.734332616871946],[103.92829710599706,30.736195202356516],[103.92493873275033,30.73848560704441],[103.92399834817184,30.738869255994082],[103.92324512891481,30.739371132347888],[103.92164154047691,30.738715151380994],[103.92076325459972,30.738899466002444],[103.91983975416584,30.739170310905603],[103.91977652765529,30.739665930878836],[103.91978498942768,30.740480385428334],[103.92032249307648,30.741396232515463],[103.91977015172836,30.741930415199047],[103.91815489081507,30.74295380641941],[103.91749127309691,30.743610023800656],[103.91640911892001,30.743661792862248],[103.91544844301364,30.743978984405526],[103.91511609350364,30.744991354380037],[103.91480977912721,30.74594277485088],[103.91382576990898,30.7459884632724],[103.91324252190917,30.746308834340795],[103.91269446308215,30.74587774412763],[103.91332293892896,30.74527409092057],[103.90537859286414,30.73980825719161],[103.90101611841764,30.742091907189142],[103.89742596627875,30.744853510867856],[103.8989223625165,30.746492683136587],[103.89511448049551,30.74922960714865],[103.89249692533384,30.750665651741862],[103.89098030043426,30.752007561250274],[103.88649211081284,30.753908156879863],[103.88331337390778,30.75512851992884],[103.87940425499445,30.757333271254563],[103.87735521908456,30.758764129161413],[103.87545023448624,30.759857432933963],[103.87380670110178,30.75603099128684],[103.8783386428462,30.751167781874344],[103.87656917972474,30.74929878856345],[103.85459964537883,30.751932233196484],[103.84012122602697,30.76007413478571],[103.83144832883364,30.764397055018414],[103.8237851713057,30.770586213693594],[103.81640858219619,30.77880620392559],[103.79575439433776,30.784064785725793],[103.78744406404951,30.803788162797865],[103.78380141618061,30.810732554969864],[103.76523527660106,30.811327336708832],[103.75266614744307,30.829476755870235],[103.72793237922527,30.841648310269143],[103.71411231722843,30.8643842540392],[103.68622420385041,30.88821534075944]]}},{"type":"Feature","properties":{"name":"郫都区"},"geometry":{"type":"LineString","coordinates":[[103.7272650715748,30.867130467566312],[103.71461022228587,30.86438433418848],[103.72821630980765,30.84173726079373],[103.75309627309727,30.829898509710507],[103.76541322377058,30.811844317532838],[103.7849183067594,30.810870122839706],[103.78942306836555,30.799242335921605],[103.79604113499363,30.7842137137594],[103.8048871812684,30.781951994911317],[103.81658544617065,30.7790498642822],[103.8242480569217,30.770804438966987],[103.83187627497507,30.764645624592998],[103.84092572446993,30.760172872538572],[103.84821684610804,30.756212803982983],[103.85288745035834,30.753549845094014],[103.85511708847947,30.752133220143506],[103.87649273762386,30.74960757403258],[103.87808134631874,30.751168213769706],[103.8735314482681,30.75606298981217],[103.87541406926582,30.75988185567956],[103.85322280700893,30.771056071659117],[103.85994060006159,30.78040985282526],[103.86444998276612,30.786726983111386],[103.8650279726753,30.788042102696163],[103.8719499083542,30.784796884688404],[103.87391466266797,30.782666767619187],[103.88000959544746,30.77385740117882],[103.88125371210288,30.77221102792729],[103.8828242493663,30.771289110876232],[103.88437719444343,30.77092368166165],[103.8852441350068,30.770057566739318],[103.88957533706525,30.7766570688312],[103.89337207484786,30.781832796333244],[103.89663372042384,30.78577325647097],[103.89737871147337,30.786638378055535],[103.89842125283944,30.787988450723343],[103.90238814481377,30.793135804553927],[103.91424729035877,30.808779071746244],[103.91599878374986,30.808246785860646],[103.91789716046813,30.807653846885938],[103.9185423349501,30.807367550942555],[103.91949781473116,30.806719832332732],[103.91987012125423,30.806394173407657],[103.92019246003152,30.80603459231458],[103.92054665195367,30.80551919943932],[103.92084190771901,30.80499681941316],[103.92131752664521,30.80390106189452],[103.92263804024765,30.800861371066986],[103.92340697355488,30.799049475657647],[103.9237913322082,30.7981561822204],[103.92412276017207,30.797242785281323],[103.92486850157503,30.79453986378439],[103.92525728973355,30.793336072444333],[103.92570790860663,30.792284665342393],[103.9268569544844,30.79016977835014],[103.92845980788513,30.787141276526526],[103.92998636317927,30.784280849608564],[103.93057159738734,30.78321606907428],[103.9307991620423,30.782857144936713],[103.93107151506163,30.78251865090736],[103.93139252976563,30.78209866939318],[103.93189253732103,30.78159946087264],[103.93367887376634,30.780341662213942],[103.9357138751026,30.778913519166508],[103.93462163300553,30.776132857417405],[103.9334395836561,30.773148958842587],[103.93610894056525,30.771523038750463],[103.9384601240619,30.77002432481633],[103.93924054359569,30.76934858461346],[103.94070284227628,30.76803738013079],[103.9421112072174,30.76661108549003],[103.94318064625332,30.764876585502975],[103.94409918788556,30.76316416828456],[103.94506145535904,30.761425534861182],[103.94606865933852,30.76026943323736],[103.94737469512306,30.759271629685102],[103.95447991394734,30.755920276404062],[103.95797630120703,30.754257723881974],[103.96155346599264,30.752563246792715],[103.96443682661771,30.751111646024878],[103.96583829570437,30.75039346062981],[103.96722224247438,30.749688737975735],[103.96868321831172,30.748739067918375],[103.97005909826429,30.747837379708418],[103.97206656948967,30.746338926668383],[103.9765720432522,30.74263641180216],[103.97507384887649,30.741110323868597],[103.97350966985154,30.73943535654831],[103.97509395568478,30.737954482555832],[103.97655841239711,30.736396733301813],[103.97603087608277,30.735855011719448],[103.97569541676556,30.73558764269751],[103.97373851270137,30.733417826170143],[103.97409634968207,30.73297529846651],[103.97541171472454,30.733118757137618],[103.97692813021085,30.73282959492333],[103.97823127836878,30.73202654376759],[103.9791091830392,30.732264061181997],[103.98030819679106,30.73264617453889],[103.98264644828828,30.733337170009978],[103.98576020264005,30.73019018087879],[103.98754248652727,30.728295071690145],[103.98924030256238,30.726650441252506],[103.99072818097345,30.728581775610543],[103.9927092214718,30.727646744660788],[103.99331965235281,30.728071363647754],[103.99353375126626,30.728936458663185],[103.9919881537512,30.729967320087045],[103.99384103374234,30.731704631965595],[103.99420071254991,30.732024845560126],[103.99355326297194,30.732569349417012],[103.99439641662372,30.733440721527888],[103.9952240696768,30.732776120313662],[103.99716614559715,30.731100300209217],[103.99450444679064,30.733408056422967],[103.99725624228908,30.731036816995594],[103.99724722419161,30.731051958808834],[103.99524190324748,30.732961692615568],[104.00110332874674,30.738542833273353],[104.00286479427365,30.74018483221322],[104.0005595070306,30.74225226552799],[103.99904030016708,30.742481485170323],[103.99751242665029,30.742562100764843],[103.99683764003113,30.74352793793527],[103.9965320409345,30.74454841201035],[103.9978075774159,30.744511765059723],[103.99390944155458,30.74781550230339],[103.99609408064798,30.7503092886047],[103.99412658131436,30.752566557192377],[103.99434003991499,30.757951718687124],[104.0123046405945,30.76153061600548],[104.01447936602302,30.756449398345197],[104.01054106361664,30.75098579081923],[104.01827313773445,30.75135836309242],[104.01892287196083,30.743360251216505],[104.0226604594745,30.744171079293015],[104.02519654741009,30.738026907868566],[104.02880621437374,30.73615531829094],[104.03061991260854,30.73488249766969],[104.03112256680345,30.734382699512317],[104.03183797019145,30.736113872489188],[104.03298511785133,30.737067173748105],[104.03406150210581,30.736254261502268],[104.03637178666328,30.739065777989868],[104.03131274077427,30.744275408933127],[104.03435875929259,30.74720449482835],[104.03529082573918,30.746362430197813],[104.0367058078081,30.74735039952348],[104.03742265462077,30.747736094360164],[104.03622171252002,30.749017123264036],[104.0404680178225,30.7533733624828],[104.04680124906272,30.75539255239429],[104.04613950546701,30.755885852118286],[104.0386434797485,30.759919731438487],[104.03475610843086,30.762026485123084],[104.03283869792692,30.76306121137398],[104.03104533870986,30.764067100489804],[104.02880820413492,30.772508889147407],[104.02664391338797,30.781078271956723],[104.0411621448933,30.777631465361743],[104.042084656201,30.7882240069459],[104.02993614746461,30.78901535036367],[104.03186243943597,30.798302768022015],[104.01685267597317,30.809828767630282],[104.01244439534598,30.82086621994895],[103.98705681355692,30.833285847111554],[103.96861128591901,30.83786431358497],[103.9556353069412,30.855247027960825],[103.93938274488444,30.860241402783565],[103.93545127652362,30.86991949469045],[103.94551720533659,30.878726136918605],[103.94252233310253,30.88481805098199],[103.94772560580414,30.88987754104848],[103.93202106694945,30.90344829296281],[103.931747036541,30.903761007330544],[103.91609349231516,30.919895716054672],[103.91120732704806,30.92482445637612],[103.88298479501353,30.932105605068315],[103.87511724765216,30.93409723397116],[103.84624243292373,30.938743048687286],[103.83538221693647,30.926023888247908],[103.82889412749799,30.92836306524766],[103.82480819646871,30.9376383591222],[103.81124840656173,30.949989315675815],[103.779264611005,30.958296433024636],[103.76547034291708,30.9519983528855],[103.76826155107028,30.925769792984728],[103.75973344959326,30.91766255951078],[103.75358585990932,30.90269116205493],[103.74724435466021,30.903403906483504],[103.74616117449294,30.90015986435613],[103.75408289290294,30.894258510553183],[103.76064601954594,30.887479069653747],[103.74895674402747,30.882169166559095],[103.73306961626909,30.880669231102885],[103.7272650715748,30.867130467566312]]}},{"type":"Feature","properties":{"name":"龙泉驿区"},"geometry":{"type":"LineString","coordinates":[[104.38612210198409,30.602244934207082],[104.41806391888043,30.65334207899307],[104.3696092454132,30.687742723993665],[104.32452746884191,30.719967925050604],[104.30595766681083,30.705658079573944],[104.29914521923676,30.70183817991975],[104.29543323152889,30.69955811611692],[104.29071785244486,30.697212567143115],[104.28728569410755,30.6953238783214],[104.28370677754151,30.69400090609836],[104.2838143072148,30.69468498186419],[104.2840285788793,30.69462286755117],[104.28417208715162,30.69456149086106],[104.28411811118676,30.695445818113235],[104.28298917251888,30.698033263634287],[104.28254036606963,30.700949206933736],[104.28314843039897,30.702874933166807],[104.28490102548648,30.704991717271568],[104.27675641574663,30.716172676557218],[104.2738856438147,30.71475450832369],[104.26737796457266,30.72116146448169],[104.26449667581859,30.71901134205374],[104.26330927587334,30.71799370349527],[104.26283315491902,30.717057107775748],[104.25926466846352,30.709436226395564],[104.2585087409928,30.707648103757393],[104.25681710141662,30.703235643493212],[104.25781051950234,30.70125030861002],[104.2583161248594,30.699055336279436],[104.25930841067746,30.694758692479812],[104.24387062611008,30.698430158967884],[104.24395719206001,30.69789308468418],[104.2439975379883,30.697349741945768],[104.2436412425083,30.696184010978307],[104.24247726228114,30.695010860446256],[104.24087129583957,30.69368508708403],[104.23868372136754,30.693931035096508],[104.23369641677272,30.689436889943202],[104.22535771991669,30.689037515551934],[104.22901615614474,30.685303482111028],[104.22143451166299,30.68600235258891],[104.21480575815995,30.681846254877986],[104.21139600712527,30.684534292620107],[104.19700043889118,30.6856812972383],[104.19036906094078,30.67758793709064],[104.16828131832938,30.670778401062748],[104.1618906201223,30.67825720894242],[104.15962320976182,30.676787341579786],[104.15731831525142,30.675197817215555],[104.15681167146484,30.67184381523982],[104.15752857125771,30.667869531436697],[104.15799305399156,30.66429898086309],[104.1561866634717,30.658193367544225],[104.15474177730856,30.65322315316058],[104.15798189366399,30.652262763494047],[104.15664821765051,30.64957415027979],[104.15614213161587,30.648191027554976],[104.15480844619238,30.645846539325102],[104.1586428353102,30.645073836453584],[104.1595420650485,30.64490567577076],[104.16042309694198,30.64476912398226],[104.16213160561388,30.64457567597638],[104.16143468543041,30.63430797276923],[104.16033730001323,30.632254700070188],[104.1595518712058,30.62912714184923],[104.15953387280385,30.628999137224145],[104.15962403853096,30.62879754836945],[104.15949293743844,30.62845524571898],[104.15944791425167,30.6282921668361],[104.15943493574667,30.628133196987527],[104.15975857514101,30.627396695376063],[104.16013234475855,30.626462587996947],[104.15966486520344,30.626114980195737],[104.15924238785861,30.625810684921667],[104.1589048518113,30.625906590679882],[104.15870652529262,30.62595999498622],[104.15849516648102,30.62601839673203],[104.15823882794788,30.625784875231446],[104.15363991780094,30.622715641474457],[104.14394752511156,30.623819914326308],[104.14228897426176,30.618336052547644],[104.13889037848716,30.614052898158825],[104.14504209653353,30.612349816220572],[104.1471721448038,30.61141755371827],[104.14947694581538,30.610240026348414],[104.14855753702416,30.609126691931948],[104.15119283408757,30.607343590940513],[104.15256066678084,30.608861393999486],[104.15408519489345,30.60800990652371],[104.15512553417176,30.607263838781307],[104.15619749561628,30.60652053584059],[104.15083601398209,30.59926145701904],[104.15300082745928,30.59736019697128],[104.15241103500689,30.596394239713746],[104.15422248863254,30.596112061603957],[104.1537841134556,30.593215511912977],[104.15783339665654,30.590929020176887],[104.16169529496177,30.592291323160758],[104.16288034744738,30.594207990429357],[104.16419025364301,30.59589486585096],[104.16746526383868,30.594529176810997],[104.16972902731706,30.5930934754469],[104.16567545601667,30.58808156246886],[104.15989169585232,30.580619716737736],[104.16212142718761,30.579635711683984],[104.1620777306498,30.578800854372094],[104.16290046072689,30.57832398234845],[104.1663466926544,30.576237469222765],[104.16467621986521,30.573713400744914],[104.16643627768742,30.57161505045614],[104.16485512266094,30.56827562423914],[104.16287866425554,30.57025097884319],[104.15848970706193,30.569018884832424],[104.16036109704793,30.567533618372536],[104.1610444114779,30.565764136360766],[104.15312295156795,30.566204305601147],[104.15114143438431,30.570577689556306],[104.14742605761941,30.567083872852113],[104.14782206968442,30.564905873830586],[104.14692004646969,30.564072039852963],[104.14215552835655,30.56597863944738],[104.14183144965247,30.568593255893052],[104.13753256308995,30.570056414937245],[104.1448233967211,30.557543342344964],[104.1528939811526,30.546305343934637],[104.16904563361234,30.52418519155006],[104.21978620507915,30.48050775789228],[104.25050902667915,30.47216701117724],[104.28912823244596,30.456650232140493],[104.33612912275689,30.525250266573096],[104.33692662951795,30.52486039528863],[104.33744594179379,30.52430757884741],[104.33775017795547,30.524345943131856],[104.33853038404293,30.52454593839101],[104.33884364543417,30.524506004639445],[104.33914786289914,30.52429504236015],[104.3393812122594,30.523999270746216],[104.33914715680882,30.52284126317709],[104.33995430297401,30.522418320346418],[104.34077835460398,30.521387856095693],[104.34314684073658,30.52109531277055],[104.34339685054553,30.518854047511162],[104.34486907253216,30.5165405392665],[104.345802323902,30.514231269148812],[104.34709525631249,30.510051562042793],[104.34882129939022,30.506550934016825],[104.35015159070717,30.507157502808983],[104.35229994196385,30.508001244456445],[104.35464617258233,30.510596851003022],[104.35909242915693,30.518156038135356],[104.36373892299008,30.519632991613303],[104.36402818216187,30.521058691049152],[104.3635956518526,30.52249699109574],[104.36251590357315,30.524537391282177],[104.36248152196094,30.525781833467356],[104.36367054270268,30.527347091459102],[104.36475243901705,30.528853068196884],[104.36241560738803,30.5342433620415],[104.35726788586001,30.53725227750537],[104.35355302058466,30.540704419639567],[104.35360181496162,30.54223551137832],[104.35398097691694,30.542946183773772],[104.35504464754997,30.545231829601658],[104.35403769308066,30.5468012850752],[104.35310361220012,30.547965219154076],[104.3530517109471,30.55037581742955],[104.38612210198409,30.602244934207082]]}},{"type":"Feature","properties":{"name":"新都"},"geometry":{"type":"LineString","coordinates":[[104.11997041906855,30.786449958044383],[104.11940388566893,30.784597843851728],[104.11869268294996,30.782290103370862],[104.1111818542518,30.774081070280946],[104.11326418020944,30.773041988741852],[104.11441752769129,30.772315788629182],[104.11501296604783,30.7720446884095],[104.11642998003114,30.771313155573548],[104.11513376889155,30.769786811637786],[104.1133025481371,30.770805130920404],[104.1129688913302,30.770443977015724],[104.11456895162291,30.76940175664892],[104.11421681853908,30.76858017440217],[104.11597087821717,30.765636632962025],[104.11633219196304,30.76663273176131],[104.11723517282618,30.767574739919322],[104.11854435958689,30.766967388316598],[104.11937822805912,30.766591836747477],[104.13742769124973,30.768638313382144],[104.13707554353913,30.757281193025843],[104.13556856657387,30.746239557829135],[104.13753937376858,30.739858512194353],[104.14281122780999,30.7429026731187],[104.1632809456435,30.735128404352732],[104.16217496943825,30.724003064656316],[104.16903334742082,30.72737851898214],[104.16442727836281,30.729660328963863],[104.17355615283178,30.73250418556608],[104.17824543230336,30.731104268247726],[104.17899126951853,30.723274932799793],[104.18521757814268,30.72734484130983],[104.19126577477476,30.716737514444905],[104.18718092186747,30.710811086571578],[104.19794399842787,30.713459963850205],[104.2043743594406,30.707006591713167],[104.20915796481897,30.715479666039297],[104.22345351648448,30.716461273795243],[104.22622127001917,30.714066685946975],[104.22706058205411,30.71297486221634],[104.22706055347525,30.71300583937549],[104.22767358108997,30.712707592480676],[104.22673655140987,30.7120158146149],[104.22182846971049,30.7082769646266],[104.22391654951375,30.702335330157492],[104.22580034438259,30.696359805399865],[104.2338489197359,30.68966813198655],[104.23762327430055,30.693099280393195],[104.2386706547439,30.694024175812803],[104.24073669043626,30.6937920587774],[104.24332079461263,30.69623104143326],[104.24375343627023,30.69737260082251],[104.24378917490866,30.698675311823955],[104.25896128158276,30.69513133941001],[104.25665047927494,30.70331107474691],[104.26112946072615,30.714480429386523],[104.26352024911697,30.718467860357006],[104.26729677207418,30.72125113960321],[104.27001455914052,30.718925560719487],[104.27401069006552,30.71565330379518],[104.27675615254121,30.71643647542667],[104.28506229181876,30.705187367285586],[104.28334497824527,30.70254181953456],[104.28295274525404,30.699468334862967],[104.2838664912215,30.69734579628264],[104.28504632841882,30.695372361717176],[104.2918075125525,30.698866776251855],[104.30358627417353,30.705095895018744],[104.31520804925258,30.71407458390087],[104.32283958836597,30.720925740683747],[104.2952740723923,30.740102312675972],[104.2870495444843,30.745485473386328],[104.28247615104772,30.750058353635474],[104.23085110836477,30.818876880845675],[104.25181658559238,30.844278819863018],[104.2156093192457,30.867185228319595],[104.20321003739024,30.85785085846824],[104.17549817418262,30.86848996457233],[104.18066028770829,30.912220426425126],[104.16690156464358,30.909732209168915],[104.15078423193334,30.92366455701035],[104.1345154150479,30.921304182724654],[104.09608326682084,30.9156319079343],[104.06971954665316,30.921856715174897],[104.06580895785373,30.94663030480602],[104.05041740375037,30.961847298493783],[103.96987215529944,30.929529286631656],[103.96165345175822,30.919927888538876],[103.94817854194643,30.917929002288982],[103.94076203963492,30.906931869419395],[103.93205410041578,30.903449871625682],[103.94823998842124,30.889944711581656],[103.94310022995552,30.884790143334612],[103.94602343080821,30.878512505684096],[103.94095585557783,30.874228446298815],[103.93617199100918,30.86989289435381],[103.93813856295465,30.86430952720366],[103.93956828486216,30.860610567305972],[103.94488633836112,30.858950279361675],[103.95601736203974,30.855418734575434],[103.96123325876701,30.848166998273218],[103.96877797470916,30.838248788305624],[103.98392408061837,30.8344426697818],[103.98704555837432,30.83357672914466],[103.99261266437959,30.830640298830026],[103.992630673052,30.83062404932473],[103.9926487336255,30.830546847557002],[103.99814972863261,30.827839474588764],[104.00014571774163,30.82688972090267],[104.00100965660079,30.826533214318776],[104.00187272105164,30.826083578241256],[104.00291607704087,30.82553742841391],[104.00529133728469,30.82434603037183],[104.00762966008804,30.82324670497597],[104.01248741418821,30.82092337357407],[104.01468353524983,30.815272380917012],[104.0169137305162,30.80993265554347],[104.0206882680733,30.806862916599552],[104.02338194363296,30.804746165319973],[104.03179858456613,30.79836122737008],[104.03068201147742,30.792384949734085],[104.03010571508757,30.789908603523862],[104.03003307070728,30.789072461654303],[104.03333321386933,30.78870543566139],[104.04201992046696,30.788234907254953],[104.04169310007183,30.78283776344602],[104.04147631853053,30.781162913836305],[104.04107936223451,30.777533431509312],[104.03441787138196,30.779177411473754],[104.02921694078289,30.780426036809576],[104.02666883230265,30.781010997412675],[104.02774227171881,30.777059857987894],[104.02874399148133,30.773358317297035],[104.02928038645166,30.77093368535793],[104.02947262008999,30.770249042594855],[104.03090502447905,30.764904971465246],[104.03110777238312,30.764121708569053],[104.0330602547731,30.76303977385722],[104.034493850222,30.76231770801418],[104.0347761164251,30.762146342617193],[104.03727995338087,30.76076027801538],[104.03841726933281,30.76011801547044],[104.03929425814513,30.759651051085875],[104.04023485560717,30.759154779184346],[104.0411473747831,30.758643280673517],[104.04201094264826,30.75820941332714],[104.04241726529327,30.757962191170943],[104.04290920148158,30.757699310711768],[104.04398751334854,30.75711350240811],[104.04510940688817,30.756512874344732],[104.0465047422261,30.755789770004142],[104.04745197657134,30.75487255377487],[104.04827874595448,30.754444014494652],[104.049100132436,30.754248877442972],[104.05228107062692,30.753753810841232],[104.05695388721985,30.750806469387804],[104.05916361266345,30.74821089240084],[104.06387775326769,30.74445348487926],[104.0654233278179,30.744350876357938],[104.06933642268288,30.746334178105663],[104.07198959022193,30.74863872344266],[104.07256762525822,30.748922299306304],[104.07327895174356,30.749269748587153],[104.0991072519239,30.76009443615096],[104.09874861700416,30.762204173592917],[104.09883858863176,30.76246581986051],[104.09826365826464,30.76271449454985],[104.09682629670259,30.76228035235323],[104.0954617595385,30.76271319037388],[104.09416949007715,30.762958599621474],[104.09302130236279,30.76332726756182],[104.09244810446936,30.764938100238265],[104.0941719923645,30.76740988364584],[104.09275508518195,30.768227348490747],[104.09158117517497,30.767862947268227],[104.0923244579645,30.768039534098175],[104.091563198232,30.767846867688093],[104.08735168433883,30.76783634021525],[104.08742434412561,30.769108521537028],[104.08708438501549,30.770439445152252],[104.08472160724848,30.770464582316787],[104.08267787684078,30.769155048692113],[104.08193980499925,30.768743013135094],[104.08076773303924,30.768105636830864],[104.07997225676208,30.767673155237325],[104.0794038423217,30.76733720036357],[104.07940882207345,30.76734426064505],[104.0789464373821,30.766724511329812],[104.07861940443973,30.76625462323337],[104.07829698345108,30.765786091043505],[104.07794104868464,30.7652010562587],[104.07765532455538,30.764774414982693],[104.07751694990982,30.764566640894913],[104.07736466024085,30.7643676698711],[104.07727506799225,30.76422651477197],[104.07691800626205,30.764221685458605],[104.07515386347788,30.76413119093345],[104.07333154151998,30.764030919772363],[104.07260528943496,30.766362423405205],[104.07043035920367,30.763797720211556],[104.06821937893572,30.761252102298783],[104.06756985486595,30.763906246661787],[104.06692866107652,30.766645587045005],[104.06791076566942,30.767462236813827],[104.06974961403199,30.767060309765426],[104.07017361647864,30.768109403314188],[104.06849821211227,30.77013036346176],[104.06848368512439,30.775768597771876],[104.06836875670749,30.781435442979646],[104.05943308254207,30.782852711627967],[104.0558657190609,30.786920813988345],[104.05830449799514,30.793926011189356],[104.06051330204204,30.800412301641554],[104.06567150487724,30.80108389115242],[104.07021583543911,30.80304803577268],[104.07244728634372,30.804034126677756],[104.07648991434455,30.80905192746049],[104.08040414995016,30.806653848331884],[104.08229995273483,30.809263603145126],[104.08364234154647,30.8096507662369],[104.08532377321204,30.808798615045117],[104.0868283332233,30.80732345326928],[104.08763343399266,30.805857507262704],[104.08729326353658,30.805188149577557],[104.08850222716914,30.803865736337105],[104.09047723468129,30.80369226697682],[104.09102815228727,30.801676006751027],[104.09130108366986,30.80067275406277],[104.09151511074707,30.799678147961274],[104.08878636605213,30.79583934928877],[104.09750537036439,30.798033943011127],[104.10104711351693,30.793170018034754],[104.11925013340795,30.791903776151532],[104.11997041906855,30.786449958044383]]}},{"type":"Feature","properties":{"name":"天府新区南区"},"geometry":{"type":"LineString","coordinates":[[104.0924836164616,30.340459226950923],[104.09273373662212,30.341504946548564],[104.0920172488526,30.340785180116477],[104.0924836164616,30.340459226950923]]}},{"type":"Feature","properties":{"name":"青白江"},"geometry":{"type":"LineString","coordinates":[[104.15079645732347,30.923721239639843],[104.16694287348567,30.909781897731936],[104.18072170199906,30.912278830456415],[104.17556367074413,30.868519640840766],[104.2031999837354,30.857901813880105],[104.21561148902451,30.867226710911375],[104.2518838186591,30.84427366155376],[104.23093007572625,30.818853612486734],[104.28247425343237,30.750134001841236],[104.41841532411655,30.65335458885704],[104.46841907389837,30.778861968980284],[104.45842074929394,30.782801099567106],[104.44943771577564,30.776405466181036],[104.43945663041671,30.783547608727783],[104.43315590845894,30.778054865050166],[104.42081383885392,30.78260358687528],[104.41854479044319,30.79604275113927],[104.40838153928054,30.790761296760067],[104.39559221487163,30.807368735833087],[104.36620101175001,30.825378523774816],[104.37024675606635,30.832634086029074],[104.36492725862212,30.839992329517415],[104.35860236548515,30.84135288564048],[104.35450162341263,30.836114382840275],[104.35036071230407,30.83593895330989],[104.3497421643015,30.841324888000983],[104.35442707380847,30.84541559805129],[104.37578611042348,30.850272846673253],[104.37666158445982,30.858707463440826],[104.38328925706452,30.865216042857696],[104.3876090402089,30.869700621123492],[104.38160960564953,30.86882868859294],[104.38128552396887,30.8714343090202],[104.38236574017095,30.873233634936476],[104.38261827157532,30.87389618794678],[104.38339327100012,30.877375199641758],[104.38287142878164,30.87804704047171],[104.38193475150035,30.87884917166608],[104.38033296730077,30.877894551406634],[104.37810002555061,30.879443430376423],[104.37835271789625,30.882134561445184],[104.38037099647734,30.884895066996094],[104.38183095106632,30.886114506271905],[104.38334281213704,30.887370670079978],[104.40208995202539,30.9148105028827],[104.35102141916487,30.951078064538443],[104.30844433844882,30.94536636587043],[104.28315821337601,30.938467742204967],[104.28539657098236,30.931078867759457],[104.28632784922104,30.93148576230472],[104.28738334815476,30.931802177173452],[104.28897501102078,30.932301366552974],[104.28977014146507,30.93095353084923],[104.28987757420241,30.93020384243846],[104.28972528221097,30.92952094235729],[104.28840267245329,30.929719475650312],[104.28741915208876,30.930022407822538],[104.28670328021238,30.930931324935038],[104.28568342767832,30.930383761417183],[104.28419795377498,30.92974199134972],[104.28167045150293,30.938216512203535],[104.27612360541085,30.945182128318553],[104.27173277097134,30.948969005394467],[104.27266439507527,30.952549702898203],[104.26991148124382,30.96189852543051],[104.26273416719528,30.966483122315147],[104.25013338698275,30.968496669063075],[104.2398018648388,30.93885677819276],[104.22928510908476,30.94578408226636],[104.19808544861463,30.95028930223142],[104.17096754136787,30.94241871765764],[104.13923816736117,30.93723720110591],[104.13449721097548,30.92138033875983],[104.15079645732347,30.923721239639843],[104.15079645732347,30.923721239639843]]}},{"type":"Feature","properties":{"name":"都江堰"},"geometry":{"type":"LineString","coordinates":[[103.73433094558617,31.011588215436166],[103.71421069186526,31.06583642176819],[103.74853411501965,31.079215024401144],[103.71745449658249,31.133231854636247],[103.69825779536268,31.182189787068594],[103.69647479375492,31.23141105252168],[103.71705907699923,31.29520850310472],[103.67697684131062,31.37574974514476],[103.5664266070072,31.338739485411605],[103.57975556083352,31.201755309504307],[103.51248081459077,31.059304344748195],[103.5257761236723,31.025963312421226],[103.5003337481585,30.977178002915913],[103.47991493577626,30.961155650643036],[103.45559343786364,30.937787468304737],[103.46305281106252,30.928256148816505],[103.47150962616168,30.918630223965298],[103.48929903788958,30.898582181532777],[103.53516444907856,30.83869263771522],[103.54338324940433,30.827014765803845],[103.54350108371973,30.826750905979463],[103.54349341977029,30.824728484298692],[103.54503803446903,30.82397187900476],[103.54668158970073,30.823123109264223],[103.55278593714634,30.82394493707708],[103.5634653916178,30.823227401697615],[103.56999979671743,30.821484332205397],[103.59283721723068,30.81482420114468],[103.63227186672461,30.803600896455446],[103.71722504161245,30.77894560507681],[103.68578218592732,30.887643140177968],[103.71434937674574,30.86543792418383],[103.72700695471191,30.867336325656375],[103.73281129816267,30.8810611761678],[103.74891372653325,30.88237746733429],[103.76024115067712,30.88759893880147],[103.75400337909792,30.894002542975493],[103.74593777564041,30.90015143071162],[103.74709324427246,30.903613029888223],[103.75350680357029,30.90293003123058],[103.75932867349196,30.917845292336825],[103.7679288010394,30.926013825273685],[103.76502889253531,30.952120066323616],[103.77932944261981,30.958781208630896],[103.73433094558617,31.011588215436166]]}},{"type":"Feature","properties":{"name":"彭州"},"geometry":{"type":"LineString","coordinates":[[103.7793850520305,30.959142256178488],[103.78557762859286,30.956645842457572],[103.79118664743667,30.95517160013681],[103.79558339014854,30.954016557612444],[103.80375141560127,30.951891957417274],[103.81143911865732,30.95004763043293],[103.82487799443885,30.937656606118285],[103.82915116095862,30.928423343726873],[103.83524386757715,30.926212317044385],[103.84612693030103,30.938852380859544],[103.87600919127577,30.934163458797943],[103.91157109085462,30.92488062938644],[103.93216238920442,30.90389107954867],[103.94049192168256,30.90717850628659],[103.94804107913731,30.918408868459984],[103.96148495709349,30.92048489858992],[103.9695779781047,30.930085607721864],[104.05084142320048,30.962179933880467],[104.06628744069684,30.94674466189114],[104.07006946071036,30.922074851088173],[104.09594872489016,30.91616736178472],[104.13420546012136,30.921553422974057],[104.13902787711767,30.93747680775435],[104.13933316798214,30.961104312268127],[104.16312216463348,30.98145805080235],[104.16640714144003,31.001835995783765],[104.15431282283677,31.020619059801035],[104.09229417261383,31.047787439400953],[104.07313049332772,31.090845718877638],[104.01646378018262,31.14671380175111],[103.96831806538235,31.192312655952886],[103.90966890907802,31.287994947786004],[103.90147811725117,31.412738188087253],[103.79803011518182,31.4361445638913],[103.67756891668527,31.375605662309663],[103.71753876217097,31.29482186115677],[103.69710546311822,31.231555380491507],[103.69900547402976,31.181565008779817],[103.71807962489576,31.133104580696997],[103.7491785370823,31.078777984629813],[103.71484524514494,31.065438792138174],[103.73559597966153,31.01106749170729],[103.7793850520305,30.959142256178488],[103.7793850520305,30.959142256178488]]}},{"type":"Feature","properties":{"name":"简阳"},"geometry":{"type":"LineString","coordinates":[[104.2903469215813,30.342553929197678],[104.24135676217766,30.331521077648535],[104.23827889701315,30.2569216047764],[104.23827042146057,30.256219934118057],[104.23850799274281,30.253222529762304],[104.23857217728768,30.252223952005288],[104.2388884575176,30.251221783097357],[104.23943034029872,30.250621169587934],[104.24008057120739,30.250166793032466],[104.24346509004663,30.24841556076961],[104.24772716326876,30.245104073296716],[104.25592211334285,30.24010794584975],[104.26255684885322,30.23708431595345],[104.27119269381915,30.235349328264455],[104.27087290599377,30.23185852092717],[104.26994088728719,30.22911982216338],[104.26893766811233,30.22438574366761],[104.2689750705873,30.222013934933294],[104.27404185839497,30.221359082104204],[104.27680392295812,30.225063065486058],[104.28171583951993,30.22615669716576],[104.2832758063636,30.223602690942318],[104.28478205683082,30.21860066468387],[104.28937974619674,30.21816204447538],[104.29363434759966,30.213006531609942],[104.29554509485627,30.211437010822735],[104.2984377850485,30.21130079297276],[104.3039149059903,30.21468436133151],[104.30498525241364,30.21459092331711],[104.30906930037425,30.204226818505504],[104.33380467366858,30.203463646416967],[104.35105878817515,30.19465200250631],[104.36833182231634,30.18341589785544],[104.36883596370193,30.183125984414197],[104.3898923464476,30.133098599314376],[104.40332690620079,30.130277119184797],[104.41228921827246,30.12766957178014],[104.42028861317002,30.1122328792409],[104.41385237475953,30.10189247049153],[104.42548809328046,30.09317181605852],[104.43841381075005,30.093299027273268],[104.44063518761645,30.098737988549132],[104.45122021365017,30.106883377541703],[104.45107371986659,30.11000564765061],[104.44174047904887,30.10931198125995],[104.45876286834354,30.121813845285597],[104.44422396608789,30.137450197969297],[104.47628745001201,30.161876867047912],[104.48692602991673,30.160307220834326],[104.49091009891188,30.16581322883592],[104.48121317278131,30.170500486447683],[104.48549900338082,30.186807247714185],[104.50179131700662,30.196602684837536],[104.50699382346852,30.195003864727255],[104.50907938525278,30.185002223162712],[104.53442171328498,30.194645184802713],[104.55971443181284,30.191586542051226],[104.5673887137962,30.19599039494152],[104.57399781338503,30.2055251190375],[104.57744697774903,30.211838818129984],[104.58143767132916,30.21121030017996],[104.6013101589553,30.229760354628187],[104.5942330837104,30.243397857244908],[104.59855151042588,30.249732546157322],[104.60691533399405,30.249317487339265],[104.60738816354542,30.245099032512606],[104.61416332463045,30.24517364618464],[104.61517510914922,30.242131473420585],[104.6334767645395,30.243266398253812],[104.63925020526176,30.241442018295682],[104.64433244417069,30.241732726903265],[104.65097965176182,30.24308563844385],[104.65036495240193,30.250315885953157],[104.65036094527528,30.254713495638356],[104.6483217738532,30.258314631133207],[104.64023282929747,30.26579913422098],[104.63542957716604,30.274412667262318],[104.64173872893959,30.28563535698376],[104.64524788577276,30.289015439852026],[104.65289106555858,30.28514361014519],[104.65588659959553,30.280436087934454],[104.65881213732021,30.279536300975966],[104.66936529713907,30.278688088994446],[104.67353684323332,30.279995561302044],[104.67931447165557,30.27829143628558],[104.69092346760027,30.27464024830803],[104.71254375943231,30.31239045551759],[104.73737900119683,30.293219677524995],[104.74768662451378,30.303953752036833],[104.74991628888941,30.303251858424847],[104.7568895696819,30.304508177891016],[104.76072844019436,30.302986310152246],[104.75885985544276,30.300112995762802],[104.77105268522668,30.30250501437542],[104.78664879806549,30.295139414257438],[104.79032831703766,30.28790712348082],[104.78969787811873,30.279740412190392],[104.79315161927931,30.27931807017554],[104.8027222183569,30.293000892001977],[104.81636661115805,30.296027506747524],[104.8180588815729,30.29774592872439],[104.82003654511514,30.296342226217483],[104.82108173157445,30.297713428408322],[104.81777292053083,30.3003020466685],[104.81943118971061,30.30345373942438],[104.82263739393213,30.30541365365883],[104.82577208201907,30.305525184174268],[104.8274281310446,30.30302100849648],[104.833093145158,30.303347349529883],[104.83468035368266,30.302146162547682],[104.83550955983728,30.30132560650789],[104.8381194827666,30.302182080540327],[104.84208832146126,30.30603564931132],[104.84357333949873,30.305869592991943],[104.84383166778048,30.306829079594664],[104.84774845823512,30.30685001694979],[104.84954161449312,30.312826795084842],[104.84965564885681,30.320635013117094],[104.84922193451703,30.343595674710766],[104.83107473717308,30.361398780440418],[104.83424492546611,30.366973631469016],[104.85138311432712,30.35222417949638],[104.85995693559231,30.37198309731224],[104.884776176672,30.375397815186144],[104.89314940063906,30.385446357923346],[104.8785250725054,30.396113058705566],[104.82664709467893,30.45150973288082],[104.77555203096074,30.485443125584503],[104.76968925265642,30.516905114631154],[104.76665761839467,30.51613807432258],[104.76362333509057,30.515369373316666],[104.76055130922279,30.514569424073557],[104.75767023366608,30.513786962434907],[104.75657589568445,30.513093956476673],[104.75615812113203,30.512021478626306],[104.75578129286461,30.511589931552255],[104.75520141454591,30.51211951439121],[104.75485145051418,30.51281190455176],[104.75429449358413,30.513127984466475],[104.75344544283578,30.513029326918556],[104.75349446457071,30.5139509179528],[104.75408751396745,30.514042235119017],[104.75506245099953,30.5143900939084],[104.75568631941937,30.51472014131663],[104.75617117227274,30.51504962400493],[104.75665591345546,30.514672501616214],[104.75765324890784,30.513871927715922],[104.76053333714877,30.514624351152886],[104.76360537726568,30.51543125105129],[104.76965337884536,30.51699070830322],[104.76580630144164,30.538081479303777],[104.72899431457856,30.559236376779896],[104.69849068451799,30.593426625391153],[104.5619265524301,30.62425971506487],[104.48827110520511,30.594026693963503],[104.37905959776204,30.590234446923876],[104.3531956568219,30.550124866452816],[104.35322977150999,30.547979494102297],[104.35513382561794,30.545277519798606],[104.35372795731021,30.542218752691788],[104.35361840187069,30.540727311259076],[104.35761043086067,30.53713789570269],[104.36246975538455,30.534257430305768],[104.36481555877464,30.528781968041116],[104.36251655880015,30.525695240278164],[104.3625429794311,30.52455192327228],[104.36374892575391,30.522214367942073],[104.36409938721009,30.521103440885746],[104.36378905845088,30.519647115909887],[104.35915054677345,30.518132093610905],[104.35482640888743,30.510742187172504],[104.35384630426917,30.50948063772937],[104.35260523585211,30.508044173854284],[104.35008358674702,30.50706534326974],[104.34879431048854,30.506504248122965],[104.34778353242612,30.50859118715518],[104.34736033989311,30.509474148839253],[104.34694722190288,30.51038788489127],[104.34597723859115,30.51354591295772],[104.34481012131637,30.516588002255457],[104.3433209447875,30.518900559837427],[104.34312385794532,30.521071470990858],[104.34074740294376,30.521373005720303],[104.33996726759896,30.52239527128032],[104.33910724005241,30.52283339905093],[104.33935027765773,30.52399938128754],[104.33881271149542,30.524499102062567],[104.3384984344006,30.524500035894548],[104.33744991738442,30.52428057496425],[104.33716783540957,30.524604044234483],[104.33692163945867,30.524853403706956],[104.33612511506338,30.525215274469087],[104.29006780531242,30.455997119931585],[104.3354896032628,30.436928236837915],[104.38784485295551,30.41787425871107],[104.32519729596365,30.373999709024474],[104.31781538840066,30.368387487167038],[104.2269135763591,30.3682906208108],[104.22715820812884,30.375856676201085],[104.22368147053696,30.377224077904746],[104.22357243942069,30.378267146711114],[104.22311687039253,30.379113664912165],[104.22181252289244,30.37890400328283],[104.22273182966752,30.376822936301835],[104.22670307214025,30.37571189822002],[104.22628211678969,30.369042507592344],[104.22627449703772,30.367656174421533],[104.31677662777255,30.36724601423382],[104.3013766034208,30.356188008141558],[104.2903469215813,30.342553929197678]]}},{"type":"Feature","properties":{"name":"新津区"},"geometry":{"type":"LineString","coordinates":[[103.82136177034619,30.51778501418661],[103.79158377959253,30.498054840867646],[103.76518609594808,30.48557982009909],[103.76525849181085,30.48556271210332],[103.76525852395646,30.48553172950856],[103.76513284915244,30.48554965946689],[103.76399268602658,30.487767919230254],[103.76273907506084,30.4900497114669],[103.76178728933365,30.490125976467766],[103.76162037348185,30.49022940799256],[103.7615839473902,30.490486806055202],[103.76160175140477,30.49078137610255],[103.76026060728668,30.491539705995997],[103.75921285801898,30.4925072551425],[103.75796711808749,30.492711608120594],[103.75679944631466,30.49238163416515],[103.7550128843733,30.492843504967333],[103.75473782533871,30.492858925066137],[103.75386775545618,30.492710602619116],[103.75348461797033,30.49246627841379],[103.75242146890693,30.491964742031488],[103.7524265145108,30.491933702702916],[103.75245762086821,30.491929357288797],[103.75248474702305,30.491890075113883],[103.75246668731147,30.49189027727181],[103.75290870106386,30.49132158757244],[103.7551831877776,30.48902448591708],[103.75540239823759,30.486689040363718],[103.75587242305109,30.48075742352222],[103.75691996942557,30.47953034077791],[103.75894730697172,30.47803726338405],[103.75263618632121,30.470811090405203],[103.75487650219748,30.452315342756194],[103.72952797591546,30.43721137880809],[103.7164501453123,30.4178998542859],[103.74036696579522,30.39924727921375],[103.76520538902071,30.367928864596024],[103.75747778952692,30.357385428350554],[103.75421787414174,30.35325423490021],[103.74931917035975,30.349163475740443],[103.74424548180166,30.34521378470726],[103.74295180989026,30.344176736771022],[103.7413704511375,30.343123374994693],[103.73878419235632,30.341649814714327],[103.74417562056941,30.341225322063302],[103.74734254646316,30.341609846570652],[103.75006167905806,30.34230165834107],[103.75622659313551,30.344256184240642],[103.75938342708523,30.34545953360551],[103.7627942142435,30.346249990792014],[103.7685948559191,30.342421816535253],[103.79363924328891,30.350058579002216],[103.8012690243398,30.350534556488],[103.80529487046834,30.3515561602098],[103.81740497675924,30.35474158834511],[103.83063035678018,30.35396140644822],[103.84080889282643,30.35536130698586],[103.84248469366415,30.356755254413024],[103.85170421550204,30.35660946588437],[103.86562121160325,30.355572260810604],[103.87902825396866,30.349208430778628],[103.87552056868041,30.36863071464804],[103.88578847807267,30.37793197462395],[103.89877949764515,30.39156228843536],[103.91578206805265,30.41446190933803],[103.90514006979427,30.42051282535134],[103.93898046763677,30.454269935056317],[103.94682371039028,30.47031080053999],[103.93639796848827,30.47402695870932],[103.92580983299992,30.476919484214683],[103.91563856179063,30.48748093257721],[103.91016964221728,30.4934793855101],[103.90671221737983,30.49543571910437],[103.89979074536784,30.49806560398646],[103.8933660905474,30.50002432641739],[103.8909118117011,30.499128844685863],[103.88903194792078,30.501273391425308],[103.886793572599,30.500997731050372],[103.88440900438324,30.50115865908618],[103.87403837094114,30.504075325165335],[103.85457742376826,30.506949689619788],[103.84279588168621,30.507838738186756],[103.82507081939117,30.50918921903824],[103.82136177034619,30.51778501418661]]}},{"type":"Feature","properties":{"name":"崇州"},"geometry":{"type":"LineString","coordinates":[[103.6202180770251,30.529186195362996],[103.63444242096878,30.51559914447842],[103.64242053455943,30.515335813426972],[103.65586907951923,30.531991597993926],[103.72863440763435,30.554936569699706],[103.7430848229785,30.541004553142624],[103.76173139961351,30.510041706069426],[103.76343976758417,30.489883165571513],[103.76513269576881,30.485697576385924],[103.79147103401422,30.49816234663875],[103.82093392970984,30.518086576282023],[103.81649800563538,30.534435986191117],[103.82215141598833,30.54852180875998],[103.79115994771783,30.646599015613695],[103.78293404845074,30.64311784327944],[103.76944819301637,30.671065556012387],[103.77728790356439,30.671355850922577],[103.78007130954097,30.674084389511208],[103.73567544618903,30.732647586731332],[103.7188257014516,30.777297876753842],[103.5632295072573,30.82304414969486],[103.55269569178591,30.823891211472322],[103.5466544843092,30.823084326754227],[103.5434753063064,30.824751629935204],[103.54343776063868,30.826720498036483],[103.48871322645756,30.89831580940941],[103.40298394226845,30.996768414427375],[103.34762994112506,30.993194936767893],[103.2989358868064,31.011621419285085],[103.26243143663855,31.01732639324893],[103.20602355405,30.947704527711277],[103.14213578337073,30.92668336011898],[103.15234330916427,30.863188973888185],[103.16912629814362,30.85032703559898],[103.21549545080926,30.839158593592018],[103.21725621766683,30.83882522024244],[103.32098374280108,30.82586589242139],[103.33516181044965,30.834945144536764],[103.34156268486899,30.827342951804898],[103.36200125282058,30.794483034987874],[103.40008350340167,30.76211483527961],[103.48684618139366,30.704500632433334],[103.52996896307877,30.692938780435036],[103.53577452844705,30.694402850809553],[103.55560169689554,30.656049613974847],[103.56183359167774,30.628584040123254],[103.56040491249836,30.60486973241398],[103.55674866126859,30.551672956967867],[103.55677356893118,30.541303419279963],[103.56314287250372,30.534596924818423],[103.57750445746751,30.53630505970716],[103.59956617185891,30.53289108959467],[103.60434237405092,30.54028182034515],[103.61514623062544,30.541036873886704],[103.6202180770251,30.529186195362996]]}},{"type":"Feature","properties":{"name":"大邑"},"geometry":{"type":"LineString","coordinates":[[103.61496499027308,30.540735753312916],[103.60451748942798,30.53990129053545],[103.59965592363977,30.532568916163992],[103.57752835494585,30.53591349966502],[103.56293373773512,30.534225389204952],[103.55636085010882,30.541346947473674],[103.55635008438406,30.551401946161807],[103.56009251258577,30.60470385841603],[103.5611881796326,30.628390039090203],[103.55498979513499,30.655798578503415],[103.53700495840499,30.69188002546732],[103.5357745359914,30.69434687835652],[103.52987578414039,30.692841618830155],[103.48643320538545,30.703585674181507],[103.39862983960361,30.76198412452631],[103.36125940223458,30.793847217006537],[103.34112905961612,30.826696820537503],[103.33500792852358,30.83415918134881],[103.32197166889163,30.825159283339904],[103.21640994357313,30.838321336736527],[103.21549846314548,30.838581109604554],[103.16886988277827,30.849600494761237],[103.15167381232257,30.862052929731107],[103.14116517491772,30.927299480908395],[102.97728150318228,31.022725155528818],[102.91541470974832,30.951938764439575],[103.04744465923031,30.785566350575234],[103.02911521229123,30.710511167624695],[102.95808294361534,30.5992866169107],[103.01839184439365,30.593159720386044],[103.07677162507568,30.519937632414887],[103.20849221219989,30.504477302352896],[103.26279110310576,30.50468864077763],[103.30056710134393,30.516536982239103],[103.35667076899539,30.545443398261977],[103.38961241858448,30.55085491321099],[103.40572641325953,30.535692371229434],[103.41033922984307,30.531455813345517],[103.41148050662704,30.531294196763373],[103.4117243659972,30.53091748524647],[103.41201252323354,30.530649107451996],[103.41250488981582,30.530691643527312],[103.41281604567193,30.530278984899915],[103.41341601896518,30.530456017156737],[103.41406219455497,30.530621479006367],[103.41520396933026,30.531157945867882],[103.41676371666274,30.52922631034588],[103.41774230012298,30.52800027830519],[103.41697428637092,30.52722961365329],[103.41718612828555,30.527039772883978],[103.41659004162449,30.526483920087124],[103.41602611224671,30.525955769292953],[103.45681482294563,30.48840847966709],[103.4795581708803,30.481883753085565],[103.50164550765633,30.47262614071163],[103.55268253141043,30.43018891677197],[103.59360408654298,30.42462718521432],[103.63112398504174,30.439193091734737],[103.6241345422448,30.45562696727958],[103.65203908413436,30.459565057138683],[103.67930833701719,30.444623320057143],[103.72940276749179,30.43761882344061],[103.75369261976687,30.453111293052647],[103.75168721860652,30.47022800328704],[103.75855049303577,30.478073826655027],[103.75694330281907,30.47930115858344],[103.75581432395688,30.480630246473243],[103.75571381431111,30.481696930059115],[103.75559522425677,30.482770834262155],[103.7552575512303,30.486966717975026],[103.75513807199945,30.4889660874247],[103.75234123053025,30.491938650727374],[103.75387276345319,30.492721536780117],[103.754819133601,30.492857915982206],[103.75680340573768,30.49244354746505],[103.75797616127356,30.492707485586703],[103.75920381305338,30.492511381597886],[103.7609462989783,30.491078920716568],[103.76159670378681,30.490805437829135],[103.76168769527331,30.49023640066613],[103.76267174525209,30.49004273333732],[103.763032227346,30.490379084893647],[103.76147279822582,30.509918712878466],[103.74282696432873,30.54089641966679],[103.72863820900311,30.554697933001457],[103.65632019315782,30.53178062397131],[103.64266063426034,30.51500052253549],[103.63430544612089,30.51527310332542],[103.61988490911907,30.52897258879646],[103.61496499027308,30.540735753312916],[103.61496499027308,30.540735753312916]]}},{"type":"Feature","properties":{"name":"金堂"},"geometry":{"type":"LineString","coordinates":[[104.36712611514326,30.961886530629023],[104.35790979246194,30.978289303690854],[104.34842700853994,30.974111432772485],[104.35124795513485,30.951197169001897],[104.40213631649176,30.914842224000466],[104.38298482500754,30.886928045283256],[104.38017541792595,30.88467180659496],[104.3784088828057,30.88218772012033],[104.37811906572276,30.879419161008606],[104.38033396325508,30.877869549796962],[104.38204502608009,30.87899372169044],[104.38343034981345,30.87741275064377],[104.38320382003752,30.876967613596893],[104.38243788818463,30.87332170041072],[104.38078145045111,30.87101916972163],[104.38150235383242,30.868934997812552],[104.3876386431345,30.869751369165822],[104.38751351874406,30.869582543739472],[104.38745945719127,30.86955202951654],[104.3872792637317,30.869367715365826],[104.37671654342606,30.85873393913887],[104.37582323083882,30.85030664495081],[104.35441270330176,30.845382698822586],[104.34970558579138,30.8412935351264],[104.35034042070829,30.835926636326363],[104.35448511263573,30.836181102973903],[104.35857611004286,30.84140823070621],[104.36496917052,30.83997595528266],[104.3702553684097,30.832680444246193],[104.36618965270317,30.82542341985255],[104.39575701780191,30.80743186263756],[104.40838424289973,30.790928579281662],[104.4186131645846,30.796224190683496],[104.42105401512241,30.782712006481933],[104.43308366243562,30.77835136053489],[104.43946721040356,30.783863212303935],[104.44941841170794,30.776591688649976],[104.4584272619563,30.783045398358155],[104.46865183967724,30.778898641699634],[104.41868044528906,30.653290021381945],[104.41823705215758,30.65311961810437],[104.37932702072214,30.590855050616486],[104.48946247294285,30.59597256773959],[104.56025094372522,30.628386999149413],[104.69864826821168,30.595596679376488],[104.72887284326603,30.558051581010613],[104.76909559741928,30.538598436987428],[104.7720128594545,30.51760490748571],[104.76481092175732,30.515734937106885],[104.76122838018517,30.514801771654703],[104.7576442548761,30.51385692593325],[104.7561761691228,30.515038623489197],[104.75565532656938,30.514689184203835],[104.7550894457521,30.51438705007847],[104.75409251355224,30.514031225459924],[104.75351246652502,30.513938866351122],[104.75346744592476,30.513041255490116],[104.7542984934558,30.51313597279727],[104.7548694481599,30.512800874523204],[104.75520641325411,30.51212350549973],[104.75578129153347,30.51160592664001],[104.75614412639317,30.51202948588292],[104.75657589568445,30.513093956476673],[104.7576622399649,30.513801952931857],[104.76124235604829,30.514758836896227],[104.76483286864469,30.51569609946768],[104.77199489839825,30.517503707952617],[104.77669753765682,30.485460072017638],[104.84733500032056,30.516183484813105],[104.85934931697322,30.579048534863432],[104.86322910184684,30.64667779728904],[104.84878090602793,30.68060227479821],[104.81644756441358,30.73154974750132],[104.73355996895624,30.820808922226895],[104.66349739369804,30.88935746619705],[104.64412274583665,30.92554891583577],[104.57926489783773,30.968374658581855],[104.50307438802837,30.96651494353163],[104.46719071390058,30.989050608059873],[104.42380951255382,30.974056200418815],[104.39283811230413,30.970200719490478],[104.3691031538867,30.97639633009201],[104.36712611514326,30.961886530629023],[104.36712611514326,30.961886530629023]]}},{"type":"Feature","properties":{"name":"蒲江"},"geometry":{"type":"LineString","coordinates":[[103.39914976977042,30.09709585591742],[103.46592288929646,30.10965438772794],[103.48042515457185,30.134012069925706],[103.50372237850388,30.113119821967768],[103.52387850278961,30.15902365497318],[103.58990867755746,30.20276575429417],[103.66153722606238,30.210995989781793],[103.66599207317192,30.262884939354755],[103.69641138611195,30.28793781179522],[103.67997133181618,30.304567662624752],[103.65656190002305,30.331806136717407],[103.5579680927894,30.34176513021553],[103.4152155037026,30.34142813853926],[103.35635473728205,30.330506856866272],[103.35141130316953,30.329916927682113],[103.34834366686655,30.329217365001085],[103.34707782754744,30.327983938014167],[103.34324188081439,30.323661817623876],[103.3394987124844,30.31923885595106],[103.32508802602176,30.30539306949366],[103.32527227843828,30.305499849194156],[103.34139344846194,30.277803857772373],[103.34097930351673,30.24835885593079],[103.33384442433466,30.24490524729575],[103.35679528725213,30.23713648343124],[103.3524667701471,30.10332135910308],[103.39914976977042,30.09709585591742],[103.39914976977042,30.09709585591742]]}},{"type":"Feature","properties":{"name":"邛崃"},"geometry":{"type":"LineString","coordinates":[[102.82861411638676,30.46427138078906],[102.7633868303876,30.34682966902181],[102.73864724342047,30.256377317614724],[102.9355013416054,30.204600749403184],[103.05540045863201,30.226951355894045],[103.13958811999831,30.207779812539638],[103.17509397391038,30.244235661521415],[103.22359055632565,30.211719085768983],[103.226452723911,30.214138345691293],[103.23202956428554,30.221596632955187],[103.23431300910661,30.230368738964707],[103.23446978224376,30.241038449576926],[103.2391855674674,30.24703455370592],[103.25472179360985,30.257085567402537],[103.26908715317512,30.26133390658494],[103.28789720822742,30.27210313369447],[103.28877092316098,30.270442705112064],[103.2895455999175,30.269189453718667],[103.29009509621369,30.26835339188853],[103.29082438533496,30.26865249723073],[103.2919317315807,30.269264757019467],[103.29166146980171,30.270049093862355],[103.29172438704917,30.270757488185264],[103.29012145431223,30.27374036261072],[103.29688393665465,30.281734486260337],[103.30681360198433,30.287462222280872],[103.31238166123484,30.29087583715597],[103.31643891348803,30.296251587457057],[103.32461245287205,30.305983790914645],[103.3375544127823,30.317565645565494],[103.34811848234169,30.329556995365355],[103.41530069058693,30.341655761794755],[103.55793056529993,30.342409514241233],[103.65699620192593,30.332246103928867],[103.68032500581756,30.304959183136948],[103.6965819043359,30.288199013091592],[103.73794260963359,30.307739910311117],[103.76863273932945,30.342281281153248],[103.76279430017696,30.34612603137313],[103.7549277588124,30.343836908921418],[103.74883774806338,30.341877191417367],[103.74408650131925,30.34125780695353],[103.73865818040215,30.341773937579205],[103.74973271513315,30.34981335373759],[103.75423573813613,30.353471928316946],[103.7572254350617,30.357669721978066],[103.76504851830056,30.368021511796144],[103.7403317245534,30.39917270827563],[103.71635020630492,30.417889928389165],[103.7294331305331,30.437208465240982],[103.67924153440272,30.44393649175741],[103.6526093074159,30.458792777106343],[103.6250848837828,30.455120591361855],[103.63194467194701,30.43881527307773],[103.59400655024152,30.423990991659817],[103.55265375473952,30.429578642657244],[103.5013421429234,30.472129773058036],[103.47939496782149,30.48142929349531],[103.45664627955466,30.488090778602455],[103.41595877736196,30.525917712687047],[103.41715899696895,30.527028138971765],[103.41693410030545,30.527226158448816],[103.41771918823706,30.527989584254467],[103.41520797214197,30.531137889934115],[103.41413856559132,30.53063636061081],[103.41281100967143,30.5302630615002],[103.4124918132714,30.530672842026753],[103.41200446966182,30.530629231166024],[103.41170627103271,30.53090576243142],[103.41147245029225,30.531271321531158],[103.41031711919248,30.531448157509438],[103.38956636659587,30.550496706192263],[103.35695953225591,30.54501288179682],[103.30084958974223,30.51607387140996],[103.26282932271107,30.50429973257292],[103.20893801682146,30.504228118918217],[103.07648025112431,30.51974807531705],[103.01826757122636,30.5929160370861],[102.95768664679449,30.598991215051527],[102.82861411638676,30.46427138078906],[102.82861411638676,30.46427138078906]]}}]}